• Validating lock
✓ Validating lock in 2.04ms
• Configuring shell
• Configuring cachix
✓ Configuring cachix in 1.61ms
• Evaluating shell
✓ Evaluating shell in 201ms (cached)
✓ Configuring shell in 207ms
• Loading tasks
• Evaluating devenv.config.task.config
✓ Evaluating devenv.config.task.config in 694µs (cached)
✓ Loading tasks in 1.56ms
• Running tasks
• Running devenv:files:cleanup
✓ Running devenv:files:cleanup in 124ms
• Running devenv:enterShell
✓ Running devenv:enterShell in 66.3ms
• Running devenv:enterTest
✓ Running devenv:enterTest in 11.6µs (no command)
✓ Running tasks in 191ms
✨ devenv 2.1.2 is out of date. Please update to 2.4.0: https://devenv.sh/getting-started/#installation
   Compiling proc-macro2 v1.0.107
   Compiling unicode-ident v1.0.26
   Compiling quote v1.0.47
   Compiling serde_core v1.0.229
   Compiling cfg-if v1.0.5
   Compiling libc v0.2.189
   Compiling bitflags v2.13.2
   Compiling typeid v1.0.3
   Compiling erased-serde v0.4.10
   Compiling memchr v2.8.3
   Compiling libm v0.2.16
   Compiling smallvec v1.16.2
   Compiling autocfg v1.5.1
   Compiling equivalent v1.0.2
   Compiling simd-adler32 v0.3.10
   Compiling hashbrown v0.17.1
   Compiling core-foundation-sys v0.8.7
   Compiling objc2-encode v4.1.0
   Compiling adler2 v2.0.1
   Compiling stable_deref_trait v1.2.1
   Compiling pin-project-lite v0.2.17
   Compiling getrandom v0.4.3
   Compiling objc2 v0.6.4
   Compiling crc32fast v1.5.2
   Compiling crossbeam-utils v0.8.23
   Compiling itoa v1.0.18
   Compiling version_check v0.9.5
   Compiling num-traits v0.2.19
   Compiling arrayvec v0.7.8
   Compiling zmij v1.0.23
   Compiling miniz_oxide v0.9.1
   Compiling anyhow v1.0.104
   Compiling serde v1.0.229
   Compiling bytemuck v1.25.2
   Compiling zerocopy v0.8.59
   Compiling futures-core v0.3.34
   Compiling rustc-hash v2.1.3
   Compiling rustix v1.1.5
   Compiling futures-io v0.3.34
   Compiling semver v1.0.28
   Compiling once_cell v1.21.4
   Compiling rustc_version v0.4.1
   Compiling miniz_oxide v0.8.9
   Compiling getrandom v0.3.4
   Compiling crossbeam-epoch v0.9.21
   Compiling futures-sink v0.3.34
   Compiling scopeguard v1.2.0
   Compiling writeable v0.6.4
   Compiling litemap v0.8.3
   Compiling lock_api v0.4.14
   Compiling serde_fmt v1.1.0
   Compiling syn v3.0.6
   Compiling syn v2.0.119
   Compiling value-bag-serde1 v1.14.1
   Compiling value-bag v1.14.1
   Compiling log v0.4.34
   Compiling indexmap v2.14.2
   Compiling synstructure v0.14.0
   Compiling core-foundation v0.10.1
   Compiling unicode-segmentation v1.13.3
   Compiling objc2-core-foundation v0.3.2
   Compiling core-graphics-types v0.2.0
   Compiling icu_normalizer_data v2.3.0
   Compiling fastrand v2.5.0
   Compiling foreign-types-shared v0.3.1
   Compiling glob v0.3.4
   Compiling serde_json v1.0.151
   Compiling serde_derive v1.0.229
   Compiling zerofrom-derive v0.1.8
   Compiling yoke-derive v0.8.3
   Compiling zerovec-derive v0.11.6
   Compiling displaydoc v0.2.7
   Compiling flate2 v1.1.10
   Compiling zerocopy-derive v0.8.59
   Compiling foreign-types-macros v0.2.4
   Compiling crossbeam-deque v0.8.8
   Compiling paste v1.0.15
   Compiling icu_properties_data v2.3.0
   Compiling utf8_iter v1.0.4
   Compiling zerofrom v0.1.8
   Compiling foreign-types v0.5.0
   Compiling clang-sys v1.9.1
   Compiling euclid v0.22.14
   Compiling futures-macro v0.3.34
   Compiling futures-channel v0.3.34
   Compiling slotmap v1.1.1
   Compiling slab v0.4.12
   Compiling futures-task v0.3.34
   Compiling prettyplease v0.2.37
   Compiling parking_lot_core v0.9.12
   Compiling rayon-core v1.13.0
   Compiling gpui_util v0.1.0 (/private/tmp/cupertino-focus-paint-baseline/vendor/crates/gpui_util)
   Compiling futures-util v0.3.34
   Compiling block2 v0.6.2
   Compiling core_maths v0.1.1
   Compiling malloc_buf v0.0.6
   Compiling tracing-core v0.1.36
   Compiling rand_core v0.9.5
   Compiling iana-time-zone v0.1.65
   Compiling fdeflate v0.3.7
   Compiling winnow v1.0.4
   Compiling lazy_static v1.5.0
   Compiling float-cmp v0.9.0
   Compiling block v0.1.6
   Compiling parking v2.2.1
   Compiling yoke v0.8.3
   Compiling regex-syntax v0.8.11
   Compiling minimal-lexical v0.2.1
   Compiling regex-automata v0.4.18
   Compiling nom v7.1.3
   Compiling strict-num v0.1.1
   Compiling toml_parser v1.1.3+spec-1.1.0
   Compiling objc v0.2.7
   Compiling ttf-parser v0.25.1
   Compiling lyon_geom v1.0.19
   Compiling errno v0.3.14
   Compiling serde_spanned v1.1.1
   Compiling toml_datetime v1.1.1+spec-1.1.0
   Compiling pathfinder_simd v0.5.6
   Compiling polycool v0.4.0
   Compiling pulp v0.22.3
   Compiling libloading v0.8.9
   Compiling ref-cast v1.0.27
   Compiling quick-error v2.0.1
   Compiling zune-core v0.5.3
   Compiling find-msvc-tools v0.1.14
   Compiling libbz2-rs-sys v0.2.5
   Compiling object v0.37.3
   Compiling shlex v2.0.1
   Compiling percent-encoding v2.3.2
   Compiling weezl v0.1.12
   Compiling either v1.18.0
   Compiling toml_writer v1.1.2+spec-1.1.0
   Compiling byteorder v1.5.0
   Compiling sha1_smol v1.0.1
   Compiling bindgen v0.72.1
   Compiling arrayref v0.3.9
   Compiling tiny-skia-path v0.11.4
   Compiling itertools v0.13.0
   Compiling uuid v1.26.1
   Compiling toml v1.1.6+spec-1.1.0
   Compiling bzip2 v0.6.1
   Compiling form_urlencoded v1.2.2
   Compiling cc v1.5.1
   Compiling zune-jpeg v0.5.15
   Compiling kurbo v0.13.1
   Compiling chrono v0.4.45
   Compiling toml_datetime v0.6.11
   Compiling serde_spanned v0.6.9
   Compiling lyon_path v1.0.19
   Compiling cexpr v0.6.0
   Compiling regex v1.13.1
   Compiling core-graphics v0.24.0
   Compiling sharded-slab v0.1.7
   Compiling tracing-log v0.2.0
   Compiling collections v0.1.0 (/private/tmp/cupertino-focus-paint-baseline/vendor/crates/collections)
   Compiling num-complex v0.4.6
   Compiling tracing-attributes v0.1.31
   Compiling pin-project-internal v1.1.13
   Compiling enumn v0.1.14
   Compiling ref-cast-impl v1.0.27
   Compiling convert_case v0.10.0
   Compiling serde_derive_internals v0.30.0
   Compiling memmap2 v0.9.11
   Compiling thread_local v1.1.10
   Compiling heck v0.5.0
   Compiling reborrow v0.5.5
   Compiling heapless v0.9.3
   Compiling pulp-wasm-simd-flag v0.1.1
   Compiling thiserror v1.0.69
   Compiling shlex v1.3.0
   Compiling parking_lot v0.12.5
   Compiling unicode-properties v0.1.3
   Compiling unicode-ccc v0.4.0
   Compiling objc-sys v0.3.5
   Compiling gimli v0.32.3
   Compiling bytes v1.12.1
   Compiling byteorder-lite v0.1.0
   Compiling thiserror v2.0.21
   Compiling unicode-script v0.5.8
   Compiling tinyvec v1.13.3
   Compiling ztracing v0.1.0 (/private/tmp/cupertino-focus-paint-baseline/vendor/crates/ztracing)
   Compiling leak v0.1.2
   Compiling siphasher v1.0.4
   Compiling option-ext v0.2.0
   Compiling nu-ansi-term v0.50.3
   Compiling unicode-bidi-mirroring v0.4.0
   Compiling toml_write v0.1.2
   Compiling bitflags v1.3.2
   Compiling color_quant v1.1.0
   Compiling unicode-xid v0.2.6
   Compiling winnow v0.7.15
   Compiling compression-core v0.4.33
   Compiling png v0.17.16
   Compiling derive_more-impl v2.1.1
   Compiling gif v0.14.2
   Compiling compression-codecs v0.4.43
   Compiling tracing-subscriber v0.3.23
   Compiling addr2line v0.25.1
   Compiling rustybuzz v0.20.1
   Compiling rayon v1.12.0
   Compiling svgtypes v0.16.1
   Compiling toml_edit v0.22.27
   Compiling dirs-sys v0.5.0
   Compiling leaky-cow v0.1.1
   Compiling fontdb v0.23.0
   Compiling futures-executor v0.3.34
   Compiling futures v0.3.34
   Compiling http v1.5.0
   Compiling zerovec v0.11.8
   Compiling zerotrie v0.2.5
   Compiling image-webp v0.2.4
   Compiling ppv-lite86 v0.2.21
   Compiling half v2.7.1
   Compiling tracing v0.1.44
   Compiling rand_chacha v0.9.0
   Compiling pin-project v1.1.13
   Compiling rand v0.9.5
   Compiling schemars_derive v1.2.2
   Compiling accesskit v0.24.1
   Compiling zlog v0.1.0 (/private/tmp/cupertino-focus-paint-baseline/vendor/crates/zlog)
   Compiling tempfile v3.27.0
   Compiling embed-resource v3.0.11
   Compiling hash32 v0.3.1
   Compiling event-listener v5.4.2
   Compiling objc2-foundation v0.3.2
   Compiling objc2-core-video v0.3.2
   Compiling thiserror-impl v1.0.69
   Compiling thiserror-impl v2.0.21
   Compiling convert_case v0.11.0
   Compiling simplecss v0.2.2
   Compiling wait-timeout v0.2.1
   Compiling cgl v0.3.2
   Compiling spin v0.9.9
   Compiling aho-corasick v1.1.5
   Compiling roxmltree v0.21.1
   Compiling zune-inflate v0.2.54
   Compiling cbindgen v0.28.0
   Compiling fax v0.2.7
   Compiling base64 v0.22.1
   Compiling unicode-vo v0.1.0
   Compiling ztracing_macro v0.1.0 (/private/tmp/cupertino-focus-paint-baseline/vendor/crates/ztracing_macro)
   Compiling quick-error v1.2.3
   Compiling pxfm v0.1.30
   Compiling data-url v0.3.2
   Compiling dyn-clone v1.0.20
   Compiling pico-args v0.5.0
   Compiling ryu v1.0.23
   Compiling xmlwriter v0.1.0
   Compiling imagesize v0.14.0
   Compiling same-file v1.0.6
   Compiling rustc-demangle v0.1.28
   Compiling zed-font-kit v0.14.1-zed (https://github.com/zed-industries/font-kit?rev=94b0f28166665e8fd2f53ff6d268a14955c82269#94b0f281)
   Compiling fnv v1.0.7
   Compiling bit_field v0.10.3
   Compiling float_next_after v1.0.0
   Compiling bit-vec v0.8.0
   Compiling lebe v0.5.3
   Compiling unicode-bidi v0.3.18
   Compiling lyon_tessellation v1.0.22
   Compiling bit-set v0.8.0
   Compiling backtrace v0.3.76
   Compiling rusty-fork v0.3.1
   Compiling usvg v0.46.0
   Compiling walkdir v2.5.0
   Compiling serde_urlencoded v0.7.1
   Compiling moxcms v0.8.1
   Compiling tiff v0.11.3
   Compiling flume v0.12.0
   Compiling io-surface v0.16.1
   Compiling pathfinder_geometry v0.5.1
   Compiling tinystr v0.8.4
   Compiling potential_utf v0.1.6
   Compiling icu_collections v2.3.0
   Compiling icu_locale_core v2.3.0
   Compiling proptest-macro v0.5.0 (https://github.com/proptest-rs/proptest?rev=3dca198a8fef1b32e3a66f1e1897c955b4dc5b5b#3dca198a)
   Compiling perf v0.1.0 (/private/tmp/cupertino-focus-paint-baseline/vendor/tooling/perf)
   Compiling event-listener-strategy v0.5.4
   Compiling http-body v1.1.0
   Compiling derive_more v2.1.1
   Compiling toml v0.8.23
   Compiling dirs v6.0.0
   Compiling icu_provider v2.3.1
   Compiling tiny-skia v0.11.4
   Compiling async-compression v0.4.48
   Compiling icu_properties v2.3.0
   Compiling icu_normalizer v2.3.0
   Compiling strum_macros v0.28.0
   Compiling core-text v21.0.0
   Compiling lyon_algorithms v1.0.21
   Compiling metal v0.33.0
   Compiling futures-lite v2.6.1
   Compiling gpui v0.2.2 (/private/tmp/cupertino-focus-paint-baseline/vendor/crates/gpui)
   Compiling idna_adapter v1.2.2
   Compiling idna v1.1.0
   Compiling core-graphics2 v0.5.2
   Compiling png v0.18.1
   Compiling rand_xorshift v0.4.0
   Compiling url v2.5.8
   Compiling concurrent-queue v2.5.0
   Compiling crossbeam-queue v0.3.14
   Compiling profiling-procmacros v1.0.18
   Compiling derive_refineable v0.1.0 (/private/tmp/cupertino-focus-paint-baseline/vendor/crates/refineable/derive_refineable)
   Compiling qoi v0.4.1
   Compiling rgb v0.8.53
   Compiling link-section v0.19.3
   Compiling unarray v0.1.4
   Compiling web-time v1.1.0
   Compiling pollster v0.2.5
   Compiling atomic v0.5.3
   Compiling heck v0.4.1
   Compiling static_assertions v1.1.0
   Compiling linktime-proc-macro v0.2.3
   Compiling svg_fmt v0.4.5
   Compiling smol_str v0.3.6
   Compiling float-ord v0.3.2
   Compiling async-task v4.7.1
   Compiling fixedbitset v0.5.7
   Compiling profiling v1.0.18
   Compiling etagere v0.2.15
   Compiling proptest v1.10.0 (https://github.com/proptest-rs/proptest?rev=3dca198a8fef1b32e3a66f1e1897c955b4dc5b5b#3dca198a)
   Compiling resvg v0.46.0
   Compiling strum v0.28.0
   Compiling scheduler v0.1.0 (/private/tmp/cupertino-focus-paint-baseline/vendor/crates/scheduler)
   Compiling schemars v1.2.2
   Compiling futures-concurrency v7.7.1
   Compiling async-channel v2.5.0
   Compiling refineable v0.1.0 (/private/tmp/cupertino-focus-paint-baseline/vendor/crates/refineable)
   Compiling ctor v1.0.13
   Compiling lyon v1.0.19
   Compiling util_macros v0.1.0 (/private/tmp/cupertino-focus-paint-baseline/vendor/crates/util_macros)
   Compiling objc2 v0.5.2
   Compiling gpui_macros v0.1.0 (/private/tmp/cupertino-focus-paint-baseline/vendor/crates/gpui_macros)
   Compiling taffy v0.13.0
   Compiling itertools v0.14.0
   Compiling core-video v0.5.2
   Compiling num_cpus v1.17.0
   Compiling spin v0.10.1
   Compiling waker-fn v1.2.0
   Compiling exr v1.74.2
   Compiling seahash v4.1.0
   Compiling raw-window-handle v0.6.2
   Compiling foldhash v0.2.0
   Compiling inventory v0.3.24
   Compiling pollster v0.4.0
   Compiling hashbrown v0.16.1
   Compiling objc2-foundation v0.2.2
   Compiling cocoa-foundation v0.2.1
   Compiling objc2-core-location v0.3.2
   Compiling objc2-app-kit v0.3.2
   Compiling postage v0.5.0
   Compiling accesskit_consumer v0.38.0
   Compiling objc2-core-media v0.3.2
   Compiling cocoa v0.26.0
   Compiling dispatch2 v0.3.1
   Compiling objc2-core-graphics v0.3.2
   Compiling objc2-user-notifications v0.3.2
   Compiling http_client v0.1.0 (/private/tmp/cupertino-focus-paint-baseline/vendor/crates/http_client)
   Compiling mach2 v0.5.0
   Compiling objc2-screen-capture-kit v0.3.2
   Compiling cupertino v0.1.0 (/private/tmp/cupertino-focus-paint-baseline/crates/cupertino)
   Compiling sum_tree v0.1.0 (/private/tmp/cupertino-focus-paint-baseline/vendor/crates/sum_tree)
   Compiling objc2-app-kit v0.2.2
   Compiling image v0.25.10
   Compiling gpui_apple v0.1.0 (/private/tmp/cupertino-focus-paint-baseline/vendor/crates/gpui_apple)
   Compiling accesskit_macos v0.26.3
   Compiling gpui_shared_string v0.1.0 (/private/tmp/cupertino-focus-paint-baseline/vendor/crates/gpui_shared_string)
   Compiling gpui-cupertino v0.1.0 (/private/tmp/cupertino-focus-paint-baseline/crates/gpui-cupertino)
warning: use of deprecated struct `cocoa::foundation::NSSize`: use the objc2-foundation crate instead
  --> vendor/crates/gpui_apple/src/metal_renderer.rs:12:18
   |
12 |     foundation::{NSSize, NSUInteger},
   |                  ^^^^^^
   |
   = note: `#[warn(deprecated)]` on by default

warning: use of deprecated type alias `cocoa::foundation::NSUInteger`: use the objc2-foundation crate instead
  --> vendor/crates/gpui_apple/src/metal_renderer.rs:12:26
   |
12 |     foundation::{NSSize, NSUInteger},
   |                          ^^^^^^^^^^

warning: use of deprecated struct `cocoa::foundation::NSSize`: use the objc2-foundation crate instead
   --> vendor/crates/gpui_apple/src/metal_renderer.rs:423:27
    |
423 |             let ns_size = NSSize {
    |                           ^^^^^^

warning: use of deprecated type alias `cocoa::foundation::NSUInteger`: use the objc2-foundation crate instead
    --> vendor/crates/gpui_apple/src/metal_renderer.rs:1673:41
     |
1673 |                     length: *written as NSUInteger,
     |                                         ^^^^^^^^^^

warning: use of deprecated type alias `cocoa::foundation::NSUInteger`: use the objc2-foundation crate instead
    --> vendor/crates/gpui_apple/src/metal_renderer.rs:1679:39
     |
1679 |                     length: offset as NSUInteger,
     |                                       ^^^^^^^^^^

warning: use of deprecated field `cocoa::foundation::NSSize::width`: use the objc2-foundation crate instead
   --> vendor/crates/gpui_apple/src/metal_renderer.rs:424:17
    |
424 |                 width: size.width.0 as f64,
    |                 ^^^^^^^^^^^^^^^^^^^^^^^^^^

warning: use of deprecated field `cocoa::foundation::NSSize::height`: use the objc2-foundation crate instead
   --> vendor/crates/gpui_apple/src/metal_renderer.rs:425:17
    |
425 |                 height: size.height.0 as f64,
    |                 ^^^^^^^^^^^^^^^^^^^^^^^^^^^^

   Compiling gpui_macos v0.1.0 (/private/tmp/cupertino-focus-paint-baseline/vendor/crates/gpui_macos)
warning: `gpui_apple` (lib) generated 7 warnings
warning: use of deprecated type alias `cocoa::base::id`: use the objc2 crate instead
  --> vendor/crates/gpui_macos/src/gpui_macos.rs:38:12
   |
38 |     base::{id, nil},
   |            ^^
   |
   = note: `#[warn(deprecated)]` on by default

warning: use of deprecated constant `cocoa::base::nil`: use the objc2 crate instead
  --> vendor/crates/gpui_macos/src/gpui_macos.rs:38:16
   |
38 |     base::{id, nil},
   |                ^^^

warning: use of deprecated trait `cocoa::foundation::NSAutoreleasePool`: use the objc2-foundation crate instead
  --> vendor/crates/gpui_macos/src/gpui_macos.rs:39:18
   |
39 |     foundation::{NSAutoreleasePool, NSNotFound, NSString, NSUInteger},
   |                  ^^^^^^^^^^^^^^^^^

warning: use of deprecated constant `cocoa::foundation::NSNotFound`: use the objc2-foundation crate instead
  --> vendor/crates/gpui_macos/src/gpui_macos.rs:39:37
   |
39 |     foundation::{NSAutoreleasePool, NSNotFound, NSString, NSUInteger},
   |                                     ^^^^^^^^^^

warning: use of deprecated trait `cocoa::foundation::NSString`: use the objc2-foundation crate instead
  --> vendor/crates/gpui_macos/src/gpui_macos.rs:39:49
   |
39 |     foundation::{NSAutoreleasePool, NSNotFound, NSString, NSUInteger},
   |                                                 ^^^^^^^^

warning: use of deprecated type alias `cocoa::foundation::NSUInteger`: use the objc2-foundation crate instead
  --> vendor/crates/gpui_macos/src/gpui_macos.rs:39:59
   |
39 |     foundation::{NSAutoreleasePool, NSNotFound, NSString, NSUInteger},
   |                                                           ^^^^^^^^^^

warning: use of deprecated type alias `cocoa::base::id`: use the objc2 crate instead
  --> vendor/crates/gpui_macos/src/gpui_macos.rs:74:22
   |
74 | impl NSStringExt for id {
   |                      ^^

warning: use of deprecated type alias `cocoa::foundation::NSUInteger`: use the objc2-foundation crate instead
  --> vendor/crates/gpui_macos/src/gpui_macos.rs:90:19
   |
90 |     pub location: NSUInteger,
   |                   ^^^^^^^^^^

warning: use of deprecated type alias `cocoa::foundation::NSUInteger`: use the objc2-foundation crate instead
  --> vendor/crates/gpui_macos/src/gpui_macos.rs:91:17
   |
91 |     pub length: NSUInteger,
   |                 ^^^^^^^^^^

warning: use of deprecated type alias `cocoa::base::id`: use the objc2 crate instead
   --> vendor/crates/gpui_macos/src/gpui_macos.rs:139:38
    |
139 | unsafe fn ns_string(string: &str) -> id {
    |                                      ^^

warning: use of deprecated associated function `cocoa::foundation::NSString::alloc`: use the objc2-foundation crate instead
   --> vendor/crates/gpui_macos/src/gpui_macos.rs:140:24
    |
140 |     unsafe { NSString::alloc(nil).init_str(string).autorelease() }
    |                        ^^^^^

warning: use of deprecated constant `cocoa::base::nil`: use the objc2 crate instead
   --> vendor/crates/gpui_macos/src/gpui_macos.rs:140:30
    |
140 |     unsafe { NSString::alloc(nil).init_str(string).autorelease() }
    |                              ^^^

warning: use of deprecated constant `cocoa::foundation::NSNotFound`: use the objc2-foundation crate instead
  --> vendor/crates/gpui_macos/src/gpui_macos.rs:97:23
   |
97 |             location: NSNotFound as NSUInteger,
   |                       ^^^^^^^^^^

warning: use of deprecated type alias `cocoa::foundation::NSUInteger`: use the objc2-foundation crate instead
  --> vendor/crates/gpui_macos/src/gpui_macos.rs:97:37
   |
97 |             location: NSNotFound as NSUInteger,
   |                                     ^^^^^^^^^^

warning: use of deprecated constant `cocoa::foundation::NSNotFound`: use the objc2-foundation crate instead
   --> vendor/crates/gpui_macos/src/gpui_macos.rs:103:26
    |
103 |         self.location != NSNotFound as NSUInteger
    |                          ^^^^^^^^^^

warning: use of deprecated type alias `cocoa::foundation::NSUInteger`: use the objc2-foundation crate instead
   --> vendor/crates/gpui_macos/src/gpui_macos.rs:103:40
    |
103 |         self.location != NSNotFound as NSUInteger
    |                                        ^^^^^^^^^^

warning: use of deprecated type alias `cocoa::foundation::NSUInteger`: use the objc2-foundation crate instead
   --> vendor/crates/gpui_macos/src/gpui_macos.rs:120:38
    |
120 |             location: range.start as NSUInteger,
    |                                      ^^^^^^^^^^

warning: use of deprecated type alias `cocoa::foundation::NSUInteger`: use the objc2-foundation crate instead
   --> vendor/crates/gpui_macos/src/gpui_macos.rs:121:36
    |
121 |             length: range.len() as NSUInteger,
    |                                    ^^^^^^^^^^

warning: use of deprecated type alias `cocoa::foundation::NSUInteger`: use the objc2-foundation crate instead
   --> vendor/crates/gpui_macos/src/gpui_macos.rs:130:13
    |
130 |             NSUInteger::encode().as_str(),
    |             ^^^^^^^^^^

warning: use of deprecated type alias `cocoa::foundation::NSUInteger`: use the objc2-foundation crate instead
   --> vendor/crates/gpui_macos/src/gpui_macos.rs:131:13
    |
131 |             NSUInteger::encode().as_str()
    |             ^^^^^^^^^^

warning: use of deprecated type alias `cocoa::base::id`: use the objc2 crate instead
 --> vendor/crates/gpui_macos/src/display.rs:5:12
  |
5 |     base::{id, nil},
  |            ^^

warning: use of deprecated constant `cocoa::base::nil`: use the objc2 crate instead
 --> vendor/crates/gpui_macos/src/display.rs:5:16
  |
5 |     base::{id, nil},
  |                ^^^

warning: use of deprecated trait `cocoa::foundation::NSArray`: use the objc2-foundation crate instead
 --> vendor/crates/gpui_macos/src/display.rs:6:18
  |
6 |     foundation::{NSArray, NSDictionary},
  |                  ^^^^^^^

warning: use of deprecated trait `cocoa::foundation::NSDictionary`: use the objc2-foundation crate instead
 --> vendor/crates/gpui_macos/src/display.rs:6:27
  |
6 |     foundation::{NSArray, NSDictionary},
  |                           ^^^^^^^^^^^^

warning: use of deprecated constant `cocoa::base::nil`: use the objc2 crate instead
  --> vendor/crates/gpui_macos/src/display.rs:37:45
   |
37 |             let screens = NSScreen::screens(nil);
   |                                             ^^^

warning: use of deprecated method `cocoa::foundation::NSArray::objectAtIndex`: use the objc2-foundation crate instead
  --> vendor/crates/gpui_macos/src/display.rs:38:54
   |
38 |             let screen = cocoa::foundation::NSArray::objectAtIndex(screens, 0);
   |                                                      ^^^^^^^^^^^^^

warning: use of deprecated type alias `cocoa::base::id`: use the objc2 crate instead
  --> vendor/crates/gpui_macos/src/display.rs:40:36
   |
40 |             let screen_number_key: id = ns_string("NSScreenNumber");
   |                                    ^^

warning: use of deprecated constant `cocoa::base::nil`: use the objc2 crate instead
   --> vendor/crates/gpui_macos/src/display.rs:125:36
    |
125 |             if dominated_screen == nil {
    |                                    ^^^

warning: use of deprecated type alias `cocoa::base::id`: use the objc2 crate instead
   --> vendor/crates/gpui_macos/src/display.rs:153:38
    |
153 |     unsafe fn get_nsscreen(&self) -> id {
    |                                      ^^

warning: use of deprecated constant `cocoa::base::nil`: use the objc2 crate instead
   --> vendor/crates/gpui_macos/src/display.rs:154:50
    |
154 |         let screens = unsafe { NSScreen::screens(nil) };
    |                                                  ^^^

warning: use of deprecated method `cocoa::foundation::NSArray::count`: use the objc2-foundation crate instead
   --> vendor/crates/gpui_macos/src/display.rs:155:39
    |
155 |         let count = unsafe { NSArray::count(screens) };
    |                                       ^^^^^

warning: use of deprecated type alias `cocoa::base::id`: use the objc2 crate instead
   --> vendor/crates/gpui_macos/src/display.rs:156:32
    |
156 |         let screen_number_key: id = unsafe { ns_string("NSScreenNumber") };
    |                                ^^

warning: use of deprecated method `cocoa::foundation::NSArray::objectAtIndex`: use the objc2-foundation crate instead
   --> vendor/crates/gpui_macos/src/display.rs:159:44
    |
159 |             let screen = unsafe { NSArray::objectAtIndex(screens, i) };
    |                                            ^^^^^^^^^^^^^

warning: use of deprecated constant `cocoa::base::nil`: use the objc2 crate instead
   --> vendor/crates/gpui_macos/src/display.rs:167:9
    |
167 |         nil
    |         ^^^

warning: use of deprecated type alias `cocoa::base::id`: use the objc2 crate instead
  --> vendor/crates/gpui_macos/src/events.rs:14:17
   |
14 |     base::{YES, id},
   |                 ^^

warning: use of deprecated type alias `cocoa::base::id`: use the objc2 crate instead
  --> vendor/crates/gpui_macos/src/events.rs:85:40
   |
85 | unsafe fn read_modifiers(native_event: id) -> Modifiers {
   |                                        ^^

warning: use of deprecated type alias `cocoa::base::id`: use the objc2 crate instead
   --> vendor/crates/gpui_macos/src/events.rs:105:19
    |
105 |     native_event: id,
    |                   ^^

warning: use of deprecated type alias `cocoa::base::id`: use the objc2 crate instead
   --> vendor/crates/gpui_macos/src/events.rs:338:41
    |
338 | unsafe fn parse_keystroke(native_event: id) -> Keystroke {
    |                                         ^^

warning: use of deprecated type alias `cocoa::base::id`: use the objc2 crate instead
  --> vendor/crates/gpui_macos/src/pasteboard.rs:10:12
   |
10 |     base::{id, nil},
   |            ^^

warning: use of deprecated constant `cocoa::base::nil`: use the objc2 crate instead
  --> vendor/crates/gpui_macos/src/pasteboard.rs:10:16
   |
10 |     base::{id, nil},
   |                ^^^

warning: use of deprecated trait `cocoa::foundation::NSArray`: use the objc2-foundation crate instead
  --> vendor/crates/gpui_macos/src/pasteboard.rs:11:18
   |
11 |     foundation::{NSArray, NSData, NSFastEnumeration, NSString},
   |                  ^^^^^^^

warning: use of deprecated trait `cocoa::foundation::NSData`: use the objc2-foundation crate instead
  --> vendor/crates/gpui_macos/src/pasteboard.rs:11:27
   |
11 |     foundation::{NSArray, NSData, NSFastEnumeration, NSString},
   |                           ^^^^^^

warning: use of deprecated trait `cocoa::foundation::NSFastEnumeration`: use the objc2-foundation crate instead
  --> vendor/crates/gpui_macos/src/pasteboard.rs:11:35
   |
11 |     foundation::{NSArray, NSData, NSFastEnumeration, NSString},
   |                                   ^^^^^^^^^^^^^^^^^

warning: use of deprecated trait `cocoa::foundation::NSString`: use the objc2-foundation crate instead
  --> vendor/crates/gpui_macos/src/pasteboard.rs:11:54
   |
11 |     foundation::{NSArray, NSData, NSFastEnumeration, NSString},
   |                                                      ^^^^^^^^

warning: use of deprecated type alias `cocoa::base::id`: use the objc2 crate instead
   --> vendor/crates/gpui_macos/src/pasteboard.rs:275:19
    |
275 | pub struct UTType(id);
    |                   ^^

warning: use of deprecated constant `cocoa::base::nil`: use the objc2 crate instead
  --> vendor/crates/gpui_macos/src/pasteboard.rs:30:60
   |
30 |         unsafe { Self::new(NSPasteboard::generalPasteboard(nil)) }
   |                                                            ^^^

warning: use of deprecated constant `cocoa::base::nil`: use the objc2 crate instead
  --> vendor/crates/gpui_macos/src/pasteboard.rs:34:61
   |
34 |         unsafe { Self::new(NSPasteboard::pasteboardWithName(nil, NSPasteboardNameFind)) }
   |                                                             ^^^

warning: use of deprecated type alias `cocoa::base::id`: use the objc2 crate instead
  --> vendor/crates/gpui_macos/src/pasteboard.rs:42:26
   |
42 |     unsafe fn new(inner: id) -> Self {
   |                          ^^

warning: use of deprecated constant `cocoa::base::nil`: use the objc2 crate instead
  --> vendor/crates/gpui_macos/src/pasteboard.rs:56:29
   |
56 |             if filenames != nil && NSArray::count(filenames) > 0 {
   |                             ^^^

warning: use of deprecated method `cocoa::foundation::NSArray::count`: use the objc2-foundation crate instead
  --> vendor/crates/gpui_macos/src/pasteboard.rs:56:45
   |
56 |             if filenames != nil && NSArray::count(filenames) > 0 {
   |                                             ^^^^^

warning: use of deprecated method `cocoa::foundation::NSString::UTF8String`: use the objc2-foundation crate instead
  --> vendor/crates/gpui_macos/src/pasteboard.rs:59:39
   |
59 |                     let f = NSString::UTF8String(file);
   |                                       ^^^^^^^^^^

warning: use of deprecated type alias `cocoa::base::id`: use the objc2 crate instead
  --> vendor/crates/gpui_macos/src/pasteboard.rs:98:24
   |
98 |             let types: id = self.inner.types();
   |                        ^^

warning: use of deprecated type alias `cocoa::base::id`: use the objc2 crate instead
   --> vendor/crates/gpui_macos/src/pasteboard.rs:116:35
    |
116 |             let pasteboard_types: id = self.inner.types();
    |                                   ^^

warning: use of deprecated type alias `cocoa::base::id`: use the objc2 crate instead
   --> vendor/crates/gpui_macos/src/pasteboard.rs:117:30
    |
117 |             let string_type: id = ns_string("public.utf8-plain-text");
    |                              ^^

warning: use of deprecated type alias `cocoa::base::id`: use the objc2 crate instead
   --> vendor/crates/gpui_macos/src/pasteboard.rs:144:42
    |
144 |     unsafe fn data_for_type(&self, kind: id) -> Option<Vec<u8>> {
    |                                          ^^

warning: use of deprecated constant `cocoa::base::nil`: use the objc2 crate instead
   --> vendor/crates/gpui_macos/src/pasteboard.rs:147:24
    |
147 |             if data == nil {
    |                        ^^^

warning: use of deprecated associated function `cocoa::foundation::NSData::dataWithBytes_length_`: use the objc2-foundation crate instead
   --> vendor/crates/gpui_macos/src/pasteboard.rs:208:38
    |
208 |             let text_bytes = NSData::dataWithBytes_length_(
    |                                      ^^^^^^^^^^^^^^^^^^^^^

warning: use of deprecated constant `cocoa::base::nil`: use the objc2 crate instead
   --> vendor/crates/gpui_macos/src/pasteboard.rs:209:17
    |
209 |                 nil,
    |                 ^^^

warning: use of deprecated associated function `cocoa::foundation::NSData::dataWithBytes_length_`: use the objc2-foundation crate instead
   --> vendor/crates/gpui_macos/src/pasteboard.rs:218:42
    |
218 |                 let hash_bytes = NSData::dataWithBytes_length_(
    |                                          ^^^^^^^^^^^^^^^^^^^^^

warning: use of deprecated constant `cocoa::base::nil`: use the objc2 crate instead
   --> vendor/crates/gpui_macos/src/pasteboard.rs:219:21
    |
219 |                     nil,
    |                     ^^^

warning: use of deprecated associated function `cocoa::foundation::NSData::dataWithBytes_length_`: use the objc2-foundation crate instead
   --> vendor/crates/gpui_macos/src/pasteboard.rs:225:46
    |
225 |                 let metadata_bytes = NSData::dataWithBytes_length_(
    |                                              ^^^^^^^^^^^^^^^^^^^^^

warning: use of deprecated constant `cocoa::base::nil`: use the objc2 crate instead
   --> vendor/crates/gpui_macos/src/pasteboard.rs:226:21
    |
226 |                     nil,
    |                     ^^^

warning: use of deprecated associated function `cocoa::foundation::NSData::dataWithBytes_length_`: use the objc2-foundation crate instead
   --> vendor/crates/gpui_macos/src/pasteboard.rs:240:33
    |
240 |             let bytes = NSData::dataWithBytes_length_(
    |                                 ^^^^^^^^^^^^^^^^^^^^^

warning: use of deprecated constant `cocoa::base::nil`: use the objc2 crate instead
   --> vendor/crates/gpui_macos/src/pasteboard.rs:241:17
    |
241 |                 nil,
    |                 ^^^

warning: use of deprecated type alias `cocoa::base::id`: use the objc2 crate instead
   --> vendor/crates/gpui_macos/src/pasteboard.rs:255:38
    |
255 |     pub static NSPasteboardNameFind: id;
    |                                      ^^

warning: use of deprecated type alias `cocoa::base::id`: use the objc2 crate instead
  --> vendor/crates/gpui_macos/src/platform.rs:17:27
   |
17 |     base::{BOOL, NO, YES, id, nil, selector},
   |                           ^^

warning: use of deprecated constant `cocoa::base::nil`: use the objc2 crate instead
  --> vendor/crates/gpui_macos/src/platform.rs:17:31
   |
17 |     base::{BOOL, NO, YES, id, nil, selector},
   |                               ^^^

warning: use of deprecated function `cocoa::base::selector`: use the objc2 crate instead
  --> vendor/crates/gpui_macos/src/platform.rs:17:36
   |
17 |     base::{BOOL, NO, YES, id, nil, selector},
   |                                    ^^^^^^^^

warning: use of deprecated trait `cocoa::foundation::NSArray`: use the objc2-foundation crate instead
  --> vendor/crates/gpui_macos/src/platform.rs:19:9
   |
19 |         NSArray, NSAutoreleasePool, NSBundle, NSInteger, NSProcessInfo, NSString, NSUInteger, NSURL,
   |         ^^^^^^^

warning: use of deprecated trait `cocoa::foundation::NSAutoreleasePool`: use the objc2-foundation crate instead
  --> vendor/crates/gpui_macos/src/platform.rs:19:18
   |
19 |         NSArray, NSAutoreleasePool, NSBundle, NSInteger, NSProcessInfo, NSString, NSUInteger, NSURL,
   |                  ^^^^^^^^^^^^^^^^^

warning: use of deprecated trait `cocoa::foundation::NSBundle`: use the objc2-foundation crate instead
  --> vendor/crates/gpui_macos/src/platform.rs:19:37
   |
19 |         NSArray, NSAutoreleasePool, NSBundle, NSInteger, NSProcessInfo, NSString, NSUInteger, NSURL,
   |                                     ^^^^^^^^

warning: use of deprecated type alias `cocoa::foundation::NSInteger`: use the objc2-foundation crate instead
  --> vendor/crates/gpui_macos/src/platform.rs:19:47
   |
19 |         NSArray, NSAutoreleasePool, NSBundle, NSInteger, NSProcessInfo, NSString, NSUInteger, NSURL,
   |                                               ^^^^^^^^^

warning: use of deprecated trait `cocoa::foundation::NSProcessInfo`: use the objc2-foundation crate instead
  --> vendor/crates/gpui_macos/src/platform.rs:19:58
   |
19 |         NSArray, NSAutoreleasePool, NSBundle, NSInteger, NSProcessInfo, NSString, NSUInteger, NSURL,
   |                                                          ^^^^^^^^^^^^^

warning: use of deprecated trait `cocoa::foundation::NSString`: use the objc2-foundation crate instead
  --> vendor/crates/gpui_macos/src/platform.rs:19:73
   |
19 |         NSArray, NSAutoreleasePool, NSBundle, NSInteger, NSProcessInfo, NSString, NSUInteger, NSURL,
   |                                                                         ^^^^^^^^

warning: use of deprecated type alias `cocoa::foundation::NSUInteger`: use the objc2-foundation crate instead
  --> vendor/crates/gpui_macos/src/platform.rs:19:83
   |
19 |         NSArray, NSAutoreleasePool, NSBundle, NSInteger, NSProcessInfo, NSString, NSUInteger, NSURL,
   |                                                                                   ^^^^^^^^^^

warning: use of deprecated trait `cocoa::foundation::NSURL`: use the objc2-foundation crate instead
  --> vendor/crates/gpui_macos/src/platform.rs:19:95
   |
19 |         NSArray, NSAutoreleasePool, NSBundle, NSInteger, NSProcessInfo, NSString, NSUInteger, NSURL,
   |                                                                                               ^^^^^

warning: use of deprecated type alias `cocoa::foundation::NSUInteger`: use the objc2-foundation crate instead
  --> vendor/crates/gpui_macos/src/platform.rs:72:29
   |
72 | const NSUTF8StringEncoding: NSUInteger = 4;
   |                             ^^^^^^^^^^

warning: use of deprecated type alias `cocoa::base::id`: use the objc2 crate instead
  --> vendor/crates/gpui_macos/src/platform.rs:93:74
   |
93 |                 will_finish_launching as extern "C" fn(&mut Object, Sel, id),
   |                                                                          ^^

warning: use of deprecated type alias `cocoa::base::id`: use the objc2 crate instead
  --> vendor/crates/gpui_macos/src/platform.rs:97:73
   |
97 |                 did_finish_launching as extern "C" fn(&mut Object, Sel, id),
   |                                                                         ^^

warning: use of deprecated type alias `cocoa::base::id`: use the objc2 crate instead
   --> vendor/crates/gpui_macos/src/platform.rs:101:73
    |
101 |                 should_handle_reopen as extern "C" fn(&mut Object, Sel, id, bool),
    |                                                                         ^^

warning: use of deprecated type alias `cocoa::base::id`: use the objc2 crate instead
   --> vendor/crates/gpui_macos/src/platform.rs:105:67
    |
105 |                 will_terminate as extern "C" fn(&mut Object, Sel, id),
    |                                                                   ^^

warning: use of deprecated type alias `cocoa::base::id`: use the objc2 crate instead
   --> vendor/crates/gpui_macos/src/platform.rs:109:69
    |
109 |                 handle_menu_item as extern "C" fn(&mut Object, Sel, id),
    |                                                                     ^^

warning: use of deprecated type alias `cocoa::base::id`: use the objc2 crate instead
   --> vendor/crates/gpui_macos/src/platform.rs:114:69
    |
114 |                 handle_menu_item as extern "C" fn(&mut Object, Sel, id),
    |                                                                     ^^

warning: use of deprecated type alias `cocoa::base::id`: use the objc2 crate instead
   --> vendor/crates/gpui_macos/src/platform.rs:118:69
    |
118 |                 handle_menu_item as extern "C" fn(&mut Object, Sel, id),
    |                                                                     ^^

warning: use of deprecated type alias `cocoa::base::id`: use the objc2 crate instead
   --> vendor/crates/gpui_macos/src/platform.rs:122:69
    |
122 |                 handle_menu_item as extern "C" fn(&mut Object, Sel, id),
    |                                                                     ^^

warning: use of deprecated type alias `cocoa::base::id`: use the objc2 crate instead
   --> vendor/crates/gpui_macos/src/platform.rs:126:69
    |
126 |                 handle_menu_item as extern "C" fn(&mut Object, Sel, id),
    |                                                                     ^^

warning: use of deprecated type alias `cocoa::base::id`: use the objc2 crate instead
   --> vendor/crates/gpui_macos/src/platform.rs:130:69
    |
130 |                 handle_menu_item as extern "C" fn(&mut Object, Sel, id),
    |                                                                     ^^

warning: use of deprecated type alias `cocoa::base::id`: use the objc2 crate instead
   --> vendor/crates/gpui_macos/src/platform.rs:134:69
    |
134 |                 handle_menu_item as extern "C" fn(&mut Object, Sel, id),
    |                                                                     ^^

warning: use of deprecated type alias `cocoa::base::id`: use the objc2 crate instead
   --> vendor/crates/gpui_macos/src/platform.rs:138:71
    |
138 |                 validate_menu_item as extern "C" fn(&mut Object, Sel, id) -> bool,
    |                                                                       ^^

warning: use of deprecated type alias `cocoa::base::id`: use the objc2 crate instead
   --> vendor/crates/gpui_macos/src/platform.rs:142:67
    |
142 |                 menu_will_open as extern "C" fn(&mut Object, Sel, id),
    |                                                                   ^^

warning: use of deprecated type alias `cocoa::base::id`: use the objc2 crate instead
   --> vendor/crates/gpui_macos/src/platform.rs:146:69
    |
146 |                 handle_dock_menu as extern "C" fn(&mut Object, Sel, id) -> id,
    |                                                                     ^^

warning: use of deprecated type alias `cocoa::base::id`: use the objc2 crate instead
   --> vendor/crates/gpui_macos/src/platform.rs:146:76
    |
146 |                 handle_dock_menu as extern "C" fn(&mut Object, Sel, id) -> id,
    |                                                                            ^^

warning: use of deprecated type alias `cocoa::base::id`: use the objc2 crate instead
   --> vendor/crates/gpui_macos/src/platform.rs:150:62
    |
150 |                 open_urls as extern "C" fn(&mut Object, Sel, id, id),
    |                                                              ^^

warning: use of deprecated type alias `cocoa::base::id`: use the objc2 crate instead
   --> vendor/crates/gpui_macos/src/platform.rs:150:66
    |
150 |                 open_urls as extern "C" fn(&mut Object, Sel, id, id),
    |                                                                  ^^

warning: use of deprecated type alias `cocoa::base::id`: use the objc2 crate instead
   --> vendor/crates/gpui_macos/src/platform.rs:155:78
    |
155 |                 on_keyboard_layout_change as extern "C" fn(&mut Object, Sel, id),
    |                                                                              ^^

warning: use of deprecated type alias `cocoa::base::id`: use the objc2 crate instead
   --> vendor/crates/gpui_macos/src/platform.rs:160:76
    |
160 |                 on_thermal_state_change as extern "C" fn(&mut Object, Sel, id),
    |                                                                            ^^

warning: use of deprecated type alias `cocoa::base::id`: use the objc2 crate instead
   --> vendor/crates/gpui_macos/src/platform.rs:165:68
    |
165 |                 on_system_sleep as extern "C" fn(&mut Object, Sel, id),
    |                                                                    ^^

warning: use of deprecated type alias `cocoa::base::id`: use the objc2 crate instead
   --> vendor/crates/gpui_macos/src/platform.rs:170:67
    |
170 |                 on_system_wake as extern "C" fn(&mut Object, Sel, id),
    |                                                                   ^^

warning: use of deprecated type alias `cocoa::base::id`: use the objc2 crate instead
   --> vendor/crates/gpui_macos/src/platform.rs:201:23
    |
201 |     dock_menu: Option<id>,
    |                       ^^

warning: use of deprecated constant `cocoa::base::nil`: use the objc2 crate instead
   --> vendor/crates/gpui_macos/src/platform.rs:572:60
    |
572 |                 let app = NSApplication::sharedApplication(nil);
    |                                                            ^^^

warning: use of deprecated constant `cocoa::base::nil`: use the objc2 crate instead
   --> vendor/crates/gpui_macos/src/platform.rs:573:55
    |
573 |                 let _: () = msg_send![app, terminate: nil];
    |                                                       ^^^

warning: use of deprecated type alias `cocoa::foundation::NSInteger`: use the objc2-foundation crate instead
    --> vendor/crates/gpui_macos/src/platform.rs:1146:39
     |
1146 |         const NSScrollerStyleOverlay: NSInteger = 1;
     |                                       ^^^^^^^^^

warning: use of deprecated type alias `cocoa::base::id`: use the objc2 crate instead
    --> vendor/crates/gpui_macos/src/platform.rs:1280:32
     |
1280 | unsafe fn path_from_objc(path: id) -> PathBuf {
     |                                ^^

warning: use of deprecated type alias `cocoa::base::id`: use the objc2 crate instead
    --> vendor/crates/gpui_macos/src/platform.rs:1295:68
     |
1295 | extern "C" fn will_finish_launching(_this: &mut Object, _: Sel, _: id) {
     |                                                                    ^^

warning: use of deprecated type alias `cocoa::base::id`: use the objc2 crate instead
    --> vendor/crates/gpui_macos/src/platform.rs:1297:28
     |
1297 |         let user_defaults: id = msg_send![class!(NSUserDefaults), standardUserDefaults];
     |                            ^^

warning: use of deprecated type alias `cocoa::base::id`: use the objc2 crate instead
    --> vendor/crates/gpui_macos/src/platform.rs:1304:29
     |
1304 |         let existing_value: id = msg_send![user_defaults, objectForKey: name];
     |                             ^^

warning: use of deprecated constant `cocoa::base::nil`: use the objc2 crate instead
    --> vendor/crates/gpui_macos/src/platform.rs:1305:30
     |
1305 |         if existing_value == nil {
     |                              ^^^

warning: use of deprecated type alias `cocoa::base::id`: use the objc2 crate instead
    --> vendor/crates/gpui_macos/src/platform.rs:1306:30
     |
1306 |             let false_value: id = msg_send![class!(NSNumber), numberWithBool:false];
     |                              ^^

warning: use of deprecated type alias `cocoa::base::id`: use the objc2 crate instead
    --> vendor/crates/gpui_macos/src/platform.rs:1312:66
     |
1312 | extern "C" fn did_finish_launching(this: &mut Object, _: Sel, _: id) {
     |                                                                  ^^

warning: use of deprecated type alias `cocoa::base::id`: use the objc2 crate instead
    --> vendor/crates/gpui_macos/src/platform.rs:1314:18
     |
1314 |         let app: id = msg_send![APP_CLASS, sharedApplication];
     |                  ^^

warning: use of deprecated type alias `cocoa::base::id`: use the objc2 crate instead
    --> vendor/crates/gpui_macos/src/platform.rs:1320:73
     |
1320 |         let _: () = msg_send![notification_center, addObserver: this as id
     |                                                                         ^^

warning: use of deprecated constant `cocoa::base::nil`: use the objc2 crate instead
    --> vendor/crates/gpui_macos/src/platform.rs:1323:21
     |
1323 |             object: nil
     |                     ^^^

warning: use of deprecated type alias `cocoa::base::id`: use the objc2 crate instead
    --> vendor/crates/gpui_macos/src/platform.rs:1327:27
     |
1327 |         let process_info: id = msg_send![class!(NSProcessInfo), processInfo];
     |                           ^^

warning: use of deprecated type alias `cocoa::base::id`: use the objc2 crate instead
    --> vendor/crates/gpui_macos/src/platform.rs:1328:73
     |
1328 |         let _: () = msg_send![notification_center, addObserver: this as id
     |                                                                         ^^

warning: use of deprecated type alias `cocoa::base::id`: use the objc2 crate instead
    --> vendor/crates/gpui_macos/src/platform.rs:1375:66
     |
1375 | extern "C" fn should_handle_reopen(this: &mut Object, _: Sel, _: id, has_open_windows: bool) {
     |                                                                  ^^

warning: use of deprecated type alias `cocoa::base::id`: use the objc2 crate instead
    --> vendor/crates/gpui_macos/src/platform.rs:1387:60
     |
1387 | extern "C" fn will_terminate(this: &mut Object, _: Sel, _: id) {
     |                                                            ^^

warning: use of deprecated type alias `cocoa::base::id`: use the objc2 crate instead
    --> vendor/crates/gpui_macos/src/platform.rs:1397:71
     |
1397 | extern "C" fn on_keyboard_layout_change(this: &mut Object, _: Sel, _: id) {
     |                                                                       ^^

warning: use of deprecated type alias `cocoa::base::id`: use the objc2 crate instead
    --> vendor/crates/gpui_macos/src/platform.rs:1413:69
     |
1413 | extern "C" fn on_thermal_state_change(this: &mut Object, _: Sel, _: id) {
     |                                                                     ^^

warning: use of deprecated type alias `cocoa::base::id`: use the objc2 crate instead
    --> vendor/crates/gpui_macos/src/platform.rs:1441:61
     |
1441 | extern "C" fn on_system_sleep(this: &mut Object, _: Sel, _: id) {
     |                                                             ^^

warning: use of deprecated type alias `cocoa::base::id`: use the objc2 crate instead
    --> vendor/crates/gpui_macos/src/platform.rs:1462:60
     |
1462 | extern "C" fn on_system_wake(this: &mut Object, _: Sel, _: id) {
     |                                                            ^^

warning: use of deprecated type alias `cocoa::base::id`: use the objc2 crate instead
    --> vendor/crates/gpui_macos/src/platform.rs:1483:55
     |
1483 | extern "C" fn open_urls(this: &mut Object, _: Sel, _: id, urls: id) {
     |                                                       ^^

warning: use of deprecated type alias `cocoa::base::id`: use the objc2 crate instead
    --> vendor/crates/gpui_macos/src/platform.rs:1483:65
     |
1483 | extern "C" fn open_urls(this: &mut Object, _: Sel, _: id, urls: id) {
     |                                                                 ^^

warning: use of deprecated type alias `cocoa::base::id`: use the objc2 crate instead
    --> vendor/crates/gpui_macos/src/platform.rs:1507:65
     |
1507 | extern "C" fn handle_menu_item(this: &mut Object, _: Sel, item: id) {
     |                                                                 ^^

warning: use of deprecated type alias `cocoa::foundation::NSInteger`: use the objc2-foundation crate instead
    --> vendor/crates/gpui_macos/src/platform.rs:1512:22
     |
1512 |             let tag: NSInteger = msg_send![item, tag];
     |                      ^^^^^^^^^

warning: use of deprecated type alias `cocoa::base::id`: use the objc2 crate instead
    --> vendor/crates/gpui_macos/src/platform.rs:1524:67
     |
1524 | extern "C" fn validate_menu_item(this: &mut Object, _: Sel, item: id) -> bool {
     |                                                                   ^^

warning: use of deprecated type alias `cocoa::foundation::NSInteger`: use the objc2-foundation crate instead
    --> vendor/crates/gpui_macos/src/platform.rs:1530:22
     |
1530 |             let tag: NSInteger = msg_send![item, tag];
     |                      ^^^^^^^^^

warning: use of deprecated type alias `cocoa::base::id`: use the objc2 crate instead
    --> vendor/crates/gpui_macos/src/platform.rs:1547:60
     |
1547 | extern "C" fn menu_will_open(this: &mut Object, _: Sel, _: id) {
     |                                                            ^^

warning: use of deprecated type alias `cocoa::base::id`: use the objc2 crate instead
    --> vendor/crates/gpui_macos/src/platform.rs:1559:62
     |
1559 | extern "C" fn handle_dock_menu(this: &mut Object, _: Sel, _: id) -> id {
     |                                                              ^^

warning: use of deprecated type alias `cocoa::base::id`: use the objc2 crate instead
    --> vendor/crates/gpui_macos/src/platform.rs:1559:69
     |
1559 | extern "C" fn handle_dock_menu(this: &mut Object, _: Sel, _: id) -> id {
     |                                                                     ^^

warning: use of deprecated constant `cocoa::base::nil`: use the objc2 crate instead
    --> vendor/crates/gpui_macos/src/platform.rs:1566:13
     |
1566 |             nil
     |             ^^^

warning: use of deprecated type alias `cocoa::base::id`: use the objc2 crate instead
    --> vendor/crates/gpui_macos/src/platform.rs:1571:31
     |
1571 | unsafe fn ns_url_to_path(url: id) -> Result<PathBuf> {
     |                               ^^

warning: use of deprecated type alias `cocoa::base::id`: use the objc2 crate instead
   --> vendor/crates/gpui_macos/src/platform.rs:263:19
    |
263 |         delegate: id,
    |                   ^^

warning: use of deprecated type alias `cocoa::base::id`: use the objc2 crate instead
   --> vendor/crates/gpui_macos/src/platform.rs:266:10
    |
266 |     ) -> id {
    |          ^^

warning: use of deprecated constant `cocoa::base::nil`: use the objc2 crate instead
   --> vendor/crates/gpui_macos/src/platform.rs:268:48
    |
268 |             let application_menu = NSMenu::new(nil).autorelease();
    |                                                ^^^

warning: use of deprecated constant `cocoa::base::nil`: use the objc2 crate instead
   --> vendor/crates/gpui_macos/src/platform.rs:272:40
    |
272 |                 let menu = NSMenu::new(nil).autorelease();
    |                                        ^^^

warning: use of deprecated constant `cocoa::base::nil`: use the objc2 crate instead
   --> vendor/crates/gpui_macos/src/platform.rs:286:49
    |
286 |                 let menu_item = NSMenuItem::new(nil).autorelease();
    |                                                 ^^^

warning: use of deprecated type alias `cocoa::base::id`: use the objc2 crate instead
   --> vendor/crates/gpui_macos/src/platform.rs:292:30
    |
292 |                     let app: id = msg_send![APP_CLASS, sharedApplication];
    |                              ^^

warning: use of deprecated type alias `cocoa::base::id`: use the objc2 crate instead
   --> vendor/crates/gpui_macos/src/platform.rs:304:19
    |
304 |         delegate: id,
    |                   ^^

warning: use of deprecated type alias `cocoa::base::id`: use the objc2 crate instead
   --> vendor/crates/gpui_macos/src/platform.rs:307:10
    |
307 |     ) -> id {
    |          ^^

warning: use of deprecated constant `cocoa::base::nil`: use the objc2 crate instead
   --> vendor/crates/gpui_macos/src/platform.rs:309:41
    |
309 |             let dock_menu = NSMenu::new(nil);
    |                                         ^^^

warning: use of deprecated type alias `cocoa::base::id`: use the objc2 crate instead
   --> vendor/crates/gpui_macos/src/platform.rs:326:19
    |
326 |         delegate: id,
    |                   ^^

warning: use of deprecated type alias `cocoa::base::id`: use the objc2 crate instead
   --> vendor/crates/gpui_macos/src/platform.rs:329:10
    |
329 |     ) -> id {
    |          ^^

warning: use of deprecated constant `cocoa::base::nil`: use the objc2 crate instead
   --> vendor/crates/gpui_macos/src/platform.rs:334:66
    |
334 |                 MenuItem::Separator => NSMenuItem::separatorItem(nil),
    |                                                                  ^^^

warning: use of deprecated function `cocoa::base::selector`: use the objc2 crate instead
   --> vendor/crates/gpui_macos/src/platform.rs:366:54
    |
366 |                         Some(gpui::OsAction::Cut) => selector("cut:"),
    |                                                      ^^^^^^^^

warning: use of deprecated function `cocoa::base::selector`: use the objc2 crate instead
   --> vendor/crates/gpui_macos/src/platform.rs:367:55
    |
367 |                         Some(gpui::OsAction::Copy) => selector("copy:"),
    |                                                       ^^^^^^^^

warning: use of deprecated function `cocoa::base::selector`: use the objc2 crate instead
   --> vendor/crates/gpui_macos/src/platform.rs:368:56
    |
368 |                         Some(gpui::OsAction::Paste) => selector("paste:"),
    |                                                        ^^^^^^^^

warning: use of deprecated function `cocoa::base::selector`: use the objc2 crate instead
   --> vendor/crates/gpui_macos/src/platform.rs:369:60
    |
369 |                         Some(gpui::OsAction::SelectAll) => selector("selectAll:"),
    |                                                            ^^^^^^^^

warning: use of deprecated function `cocoa::base::selector`: use the objc2 crate instead
   --> vendor/crates/gpui_macos/src/platform.rs:372:55
    |
372 |                         Some(gpui::OsAction::Undo) => selector("handleGPUIMenuItem:"),
    |                                                       ^^^^^^^^

warning: use of deprecated function `cocoa::base::selector`: use the objc2 crate instead
   --> vendor/crates/gpui_macos/src/platform.rs:373:55
    |
373 |                         Some(gpui::OsAction::Redo) => selector("handleGPUIMenuItem:"),
    |                                                       ^^^^^^^^

warning: use of deprecated function `cocoa::base::selector`: use the objc2 crate instead
   --> vendor/crates/gpui_macos/src/platform.rs:374:33
    |
374 |                         None => selector("handleGPUIMenuItem:"),
    |                                 ^^^^^^^^

warning: use of deprecated constant `cocoa::base::nil`: use the objc2 crate instead
   --> vendor/crates/gpui_macos/src/platform.rs:405:54
    |
405 | ...                   item = NSMenuItem::alloc(nil)
    |                                                ^^^

warning: use of deprecated constant `cocoa::base::nil`: use the objc2 crate instead
   --> vendor/crates/gpui_macos/src/platform.rs:417:54
    |
417 | ...                   item = NSMenuItem::alloc(nil)
    |                                                ^^^

warning: use of deprecated constant `cocoa::base::nil`: use the objc2 crate instead
   --> vendor/crates/gpui_macos/src/platform.rs:426:50
    |
426 |                         item = NSMenuItem::alloc(nil)
    |                                                  ^^^

warning: use of deprecated type alias `cocoa::foundation::NSInteger`: use the objc2-foundation crate instead
   --> vendor/crates/gpui_macos/src/platform.rs:440:48
    |
440 |                     let tag = actions.len() as NSInteger;
    |                                                ^^^^^^^^^

warning: use of deprecated constant `cocoa::base::nil`: use the objc2 crate instead
   --> vendor/crates/gpui_macos/src/platform.rs:450:48
    |
450 |                     let item = NSMenuItem::new(nil).autorelease();
    |                                                ^^^

warning: use of deprecated constant `cocoa::base::nil`: use the objc2 crate instead
   --> vendor/crates/gpui_macos/src/platform.rs:451:47
    |
451 |                     let submenu = NSMenu::new(nil).autorelease();
    |                                               ^^^

warning: use of deprecated constant `cocoa::base::nil`: use the objc2 crate instead
   --> vendor/crates/gpui_macos/src/platform.rs:462:48
    |
462 |                     let item = NSMenuItem::new(nil).autorelease();
    |                                                ^^^

warning: use of deprecated constant `cocoa::base::nil`: use the objc2 crate instead
   --> vendor/crates/gpui_macos/src/platform.rs:463:47
    |
463 |                     let submenu = NSMenu::new(nil).autorelease();
    |                                               ^^^

warning: use of deprecated type alias `cocoa::base::id`: use the objc2 crate instead
   --> vendor/crates/gpui_macos/src/platform.rs:470:38
    |
470 | ...                   let app: id = msg_send![APP_CLASS, sharedApplication];
    |                                ^^

warning: use of deprecated associated function `cocoa::foundation::NSProcessInfo::processInfo`: use the objc2-foundation crate instead
   --> vendor/crates/gpui_macos/src/platform.rs:483:47
    |
483 |             let process_info = NSProcessInfo::processInfo(nil);
    |                                               ^^^^^^^^^^^

warning: use of deprecated constant `cocoa::base::nil`: use the objc2 crate instead
   --> vendor/crates/gpui_macos/src/platform.rs:483:59
    |
483 |             let process_info = NSProcessInfo::processInfo(nil);
    |                                                           ^^^

warning: use of deprecated type alias `cocoa::base::id`: use the objc2 crate instead
   --> vendor/crates/gpui_macos/src/platform.rs:506:22
    |
506 |             let app: id = msg_send![APP_CLASS, sharedApplication];
    |                      ^^

warning: use of deprecated type alias `cocoa::base::id`: use the objc2 crate instead
   --> vendor/crates/gpui_macos/src/platform.rs:541:22
    |
541 |             let app: id = msg_send![APP_CLASS, sharedApplication];
    |                      ^^

warning: use of deprecated type alias `cocoa::base::id`: use the objc2 crate instead
   --> vendor/crates/gpui_macos/src/platform.rs:542:31
    |
542 |             let app_delegate: id = msg_send![APP_DELEGATE_CLASS, new];
    |                               ^^

warning: use of deprecated associated function `cocoa::foundation::NSAutoreleasePool::new`: use the objc2-foundation crate instead
   --> vendor/crates/gpui_macos/src/platform.rs:549:43
    |
549 |             let pool = NSAutoreleasePool::new(nil);
    |                                           ^^^

warning: use of deprecated constant `cocoa::base::nil`: use the objc2 crate instead
   --> vendor/crates/gpui_macos/src/platform.rs:549:47
    |
549 |             let pool = NSAutoreleasePool::new(nil);
    |                                               ^^^

warning: use of deprecated constant `cocoa::base::nil`: use the objc2 crate instead
   --> vendor/crates/gpui_macos/src/platform.rs:628:56
    |
628 |             let app = NSApplication::sharedApplication(nil);
    |                                                        ^^^

warning: use of deprecated constant `cocoa::base::nil`: use the objc2 crate instead
   --> vendor/crates/gpui_macos/src/platform.rs:635:56
    |
635 |             let app = NSApplication::sharedApplication(nil);
    |                                                        ^^^

warning: use of deprecated constant `cocoa::base::nil`: use the objc2 crate instead
   --> vendor/crates/gpui_macos/src/platform.rs:636:46
    |
636 |             let _: () = msg_send![app, hide: nil];
    |                                              ^^^

warning: use of deprecated constant `cocoa::base::nil`: use the objc2 crate instead
   --> vendor/crates/gpui_macos/src/platform.rs:642:56
    |
642 |             let app = NSApplication::sharedApplication(nil);
    |                                                        ^^^

warning: use of deprecated constant `cocoa::base::nil`: use the objc2 crate instead
   --> vendor/crates/gpui_macos/src/platform.rs:643:63
    |
643 |             let _: () = msg_send![app, hideOtherApplications: nil];
    |                                                               ^^^

warning: use of deprecated constant `cocoa::base::nil`: use the objc2 crate instead
   --> vendor/crates/gpui_macos/src/platform.rs:649:56
    |
649 |             let app = NSApplication::sharedApplication(nil);
    |                                                        ^^^

warning: use of deprecated constant `cocoa::base::nil`: use the objc2 crate instead
   --> vendor/crates/gpui_macos/src/platform.rs:650:63
    |
650 |             let _: () = msg_send![app, unhideAllApplications: nil];
    |                                                               ^^^

warning: use of deprecated constant `cocoa::base::nil`: use the objc2 crate instead
   --> vendor/crates/gpui_macos/src/platform.rs:715:56
    |
715 |             let app = NSApplication::sharedApplication(nil);
    |                                                        ^^^

warning: use of deprecated type alias `cocoa::base::id`: use the objc2 crate instead
   --> vendor/crates/gpui_macos/src/platform.rs:716:29
    |
716 |             let appearance: id = msg_send![app, effectiveAppearance];
    |                             ^^

warning: use of deprecated type alias `cocoa::base::id`: use the objc2 crate instead
   --> vendor/crates/gpui_macos/src/platform.rs:723:22
    |
723 |             let app: id = msg_send![APP_CLASS, sharedApplication];
    |                      ^^

warning: use of deprecated constant `cocoa::base::nil`: use the objc2 crate instead
   --> vendor/crates/gpui_macos/src/platform.rs:727:25
    |
727 |                 None => nil,
    |                         ^^^

warning: use of deprecated type alias `cocoa::base::id`: use the objc2 crate instead
   --> vendor/crates/gpui_macos/src/platform.rs:729:31
    |
729 |                     let name: id = match appearance {
    |                               ^^

warning: use of deprecated type alias `cocoa::base::id`: use the objc2 crate instead
   --> vendor/crates/gpui_macos/src/platform.rs:726:32
    |
726 |             let ns_appearance: id = match appearance {
    |                                ^^

warning: use of deprecated associated function `cocoa::foundation::NSURL::alloc`: use the objc2-foundation crate instead
   --> vendor/crates/gpui_macos/src/platform.rs:746:33
    |
746 |             let ns_url = NSURL::alloc(nil).initWithString_(ns_string(url));
    |                                 ^^^^^

warning: use of deprecated constant `cocoa::base::nil`: use the objc2 crate instead
   --> vendor/crates/gpui_macos/src/platform.rs:746:39
    |
746 |             let ns_url = NSURL::alloc(nil).initWithString_(ns_string(url));
    |                                       ^^^

warning: use of deprecated type alias `cocoa::base::id`: use the objc2 crate instead
   --> vendor/crates/gpui_macos/src/platform.rs:752:28
    |
752 |             let workspace: id = msg_send![class!(NSWorkspace), sharedWorkspace];
    |                            ^^

warning: use of deprecated type alias `cocoa::base::id`: use the objc2 crate instead
   --> vendor/crates/gpui_macos/src/platform.rs:945:36
    |
945 |                     let workspace: id = msg_send![class!(NSWorkspace), sharedWorkspace];
    |                                    ^^

warning: use of deprecated type alias `cocoa::base::id`: use the objc2 crate instead
    --> vendor/crates/gpui_macos/src/platform.rs:1016:31
     |
1016 |             let process_info: id = msg_send![class!(NSProcessInfo), processInfo];
     |                               ^^

warning: use of deprecated type alias `cocoa::foundation::NSInteger`: use the objc2-foundation crate instead
    --> vendor/crates/gpui_macos/src/platform.rs:1017:24
     |
1017 |             let state: NSInteger = msg_send![process_info, thermalState];
     |                        ^^^^^^^^^

warning: use of deprecated associated function `cocoa::foundation::NSBundle::mainBundle`: use the objc2-foundation crate instead
    --> vendor/crates/gpui_macos/src/platform.rs:1066:40
     |
1066 |             let bundle: id = NSBundle::mainBundle();
     |                                        ^^^^^^^^^^

warning: use of deprecated type alias `cocoa::base::id`: use the objc2 crate instead
    --> vendor/crates/gpui_macos/src/platform.rs:1066:25
     |
1066 |             let bundle: id = NSBundle::mainBundle();
     |                         ^^

warning: use of deprecated type alias `cocoa::base::id`: use the objc2 crate instead
    --> vendor/crates/gpui_macos/src/platform.rs:1074:22
     |
1074 |             let app: id = msg_send![APP_CLASS, sharedApplication];
     |                      ^^

warning: use of deprecated type alias `cocoa::base::id`: use the objc2 crate instead
    --> vendor/crates/gpui_macos/src/platform.rs:1090:22
     |
1090 |             let app: id = msg_send![APP_CLASS, sharedApplication];
     |                      ^^

warning: use of deprecated type alias `cocoa::base::id`: use the objc2 crate instead
    --> vendor/crates/gpui_macos/src/platform.rs:1103:42
     |
1103 |                 let document_controller: id =
     |                                          ^^

warning: use of deprecated associated function `cocoa::foundation::NSURL::fileURLWithPath_`: use the objc2-foundation crate instead
    --> vendor/crates/gpui_macos/src/platform.rs:1105:38
     |
1105 |                 let url: id = NSURL::fileURLWithPath_(nil, ns_string(path_str));
     |                                      ^^^^^^^^^^^^^^^^

warning: use of deprecated constant `cocoa::base::nil`: use the objc2 crate instead
    --> vendor/crates/gpui_macos/src/platform.rs:1105:55
     |
1105 |                 let url: id = NSURL::fileURLWithPath_(nil, ns_string(path_str));
     |                                                       ^^^

warning: use of deprecated type alias `cocoa::base::id`: use the objc2 crate instead
    --> vendor/crates/gpui_macos/src/platform.rs:1105:26
     |
1105 |                 let url: id = NSURL::fileURLWithPath_(nil, ns_string(path_str));
     |                          ^^

warning: use of deprecated associated function `cocoa::foundation::NSBundle::mainBundle`: use the objc2-foundation crate instead
    --> vendor/crates/gpui_macos/src/platform.rs:1113:40
     |
1113 |             let bundle: id = NSBundle::mainBundle();
     |                                        ^^^^^^^^^^

warning: use of deprecated type alias `cocoa::base::id`: use the objc2 crate instead
    --> vendor/crates/gpui_macos/src/platform.rs:1113:25
     |
1113 |             let bundle: id = NSBundle::mainBundle();
     |                         ^^

warning: use of deprecated type alias `cocoa::base::id`: use the objc2 crate instead
    --> vendor/crates/gpui_macos/src/platform.rs:1116:22
     |
1116 |             let url: id = msg_send![bundle, URLForAuxiliaryExecutable: name];
     |                      ^^

warning: use of deprecated type alias `cocoa::foundation::NSInteger`: use the objc2-foundation crate instead
    --> vendor/crates/gpui_macos/src/platform.rs:1149:24
     |
1149 |             let style: NSInteger = msg_send![class!(NSScroller), preferredScrollerStyle];
     |                        ^^^^^^^^^

warning: use of deprecated type alias `cocoa::base::id`: use the objc2 crate instead
  --> vendor/crates/gpui_macos/src/window.rs:19:12
   |
19 |     base::{id, nil},
   |            ^^

warning: use of deprecated constant `cocoa::base::nil`: use the objc2 crate instead
  --> vendor/crates/gpui_macos/src/window.rs:19:16
   |
19 |     base::{id, nil},
   |                ^^^

warning: use of deprecated trait `cocoa::foundation::NSArray`: use the objc2-foundation crate instead
  --> vendor/crates/gpui_macos/src/window.rs:21:9
   |
21 |         NSArray, NSAutoreleasePool, NSData, NSDictionary, NSFastEnumeration, NSInteger, NSNotFound,
   |         ^^^^^^^

warning: use of deprecated trait `cocoa::foundation::NSAutoreleasePool`: use the objc2-foundation crate instead
  --> vendor/crates/gpui_macos/src/window.rs:21:18
   |
21 |         NSArray, NSAutoreleasePool, NSData, NSDictionary, NSFastEnumeration, NSInteger, NSNotFound,
   |                  ^^^^^^^^^^^^^^^^^

warning: use of deprecated trait `cocoa::foundation::NSData`: use the objc2-foundation crate instead
  --> vendor/crates/gpui_macos/src/window.rs:21:37
   |
21 |         NSArray, NSAutoreleasePool, NSData, NSDictionary, NSFastEnumeration, NSInteger, NSNotFound,
   |                                     ^^^^^^

warning: use of deprecated trait `cocoa::foundation::NSDictionary`: use the objc2-foundation crate instead
  --> vendor/crates/gpui_macos/src/window.rs:21:45
   |
21 |         NSArray, NSAutoreleasePool, NSData, NSDictionary, NSFastEnumeration, NSInteger, NSNotFound,
   |                                             ^^^^^^^^^^^^

warning: use of deprecated trait `cocoa::foundation::NSFastEnumeration`: use the objc2-foundation crate instead
  --> vendor/crates/gpui_macos/src/window.rs:21:59
   |
21 |         NSArray, NSAutoreleasePool, NSData, NSDictionary, NSFastEnumeration, NSInteger, NSNotFound,
   |                                                           ^^^^^^^^^^^^^^^^^

warning: use of deprecated type alias `cocoa::foundation::NSInteger`: use the objc2-foundation crate instead
  --> vendor/crates/gpui_macos/src/window.rs:21:78
   |
21 |         NSArray, NSAutoreleasePool, NSData, NSDictionary, NSFastEnumeration, NSInteger, NSNotFound,
   |                                                                              ^^^^^^^^^

warning: use of deprecated constant `cocoa::foundation::NSNotFound`: use the objc2-foundation crate instead
  --> vendor/crates/gpui_macos/src/window.rs:21:89
   |
21 |         NSArray, NSAutoreleasePool, NSData, NSDictionary, NSFastEnumeration, NSInteger, NSNotFound,
   |                                                                                         ^^^^^^^^^^

warning: use of deprecated struct `cocoa::foundation::NSOperatingSystemVersion`: use the objc2-foundation crate instead
  --> vendor/crates/gpui_macos/src/window.rs:22:9
   |
22 |         NSOperatingSystemVersion, NSPoint, NSProcessInfo, NSRect, NSSize, NSString, NSUInteger,
   |         ^^^^^^^^^^^^^^^^^^^^^^^^

warning: use of deprecated struct `cocoa::foundation::NSPoint`: use the objc2-foundation crate instead
  --> vendor/crates/gpui_macos/src/window.rs:22:35
   |
22 |         NSOperatingSystemVersion, NSPoint, NSProcessInfo, NSRect, NSSize, NSString, NSUInteger,
   |                                   ^^^^^^^

warning: use of deprecated trait `cocoa::foundation::NSProcessInfo`: use the objc2-foundation crate instead
  --> vendor/crates/gpui_macos/src/window.rs:22:44
   |
22 |         NSOperatingSystemVersion, NSPoint, NSProcessInfo, NSRect, NSSize, NSString, NSUInteger,
   |                                            ^^^^^^^^^^^^^

warning: use of deprecated struct `cocoa::foundation::NSRect`: use the objc2-foundation crate instead
  --> vendor/crates/gpui_macos/src/window.rs:22:59
   |
22 |         NSOperatingSystemVersion, NSPoint, NSProcessInfo, NSRect, NSSize, NSString, NSUInteger,
   |                                                           ^^^^^^

warning: use of deprecated struct `cocoa::foundation::NSSize`: use the objc2-foundation crate instead
  --> vendor/crates/gpui_macos/src/window.rs:22:67
   |
22 |         NSOperatingSystemVersion, NSPoint, NSProcessInfo, NSRect, NSSize, NSString, NSUInteger,
   |                                                                   ^^^^^^

warning: use of deprecated trait `cocoa::foundation::NSString`: use the objc2-foundation crate instead
  --> vendor/crates/gpui_macos/src/window.rs:22:75
   |
22 |         NSOperatingSystemVersion, NSPoint, NSProcessInfo, NSRect, NSSize, NSString, NSUInteger,
   |                                                                           ^^^^^^^^

warning: use of deprecated type alias `cocoa::foundation::NSUInteger`: use the objc2-foundation crate instead
  --> vendor/crates/gpui_macos/src/window.rs:22:85
   |
22 |         NSOperatingSystemVersion, NSPoint, NSProcessInfo, NSRect, NSSize, NSString, NSUInteger,
   |                                                                                     ^^^^^^^^^^

warning: use of deprecated trait `cocoa::foundation::NSUserDefaults`: use the objc2-foundation crate instead
  --> vendor/crates/gpui_macos/src/window.rs:23:9
   |
23 |         NSUserDefaults,
   |         ^^^^^^^^^^^^^^

warning: use of deprecated type alias `cocoa::foundation::NSInteger`: use the objc2-foundation crate instead
   --> vendor/crates/gpui_macos/src/window.rs:105:28
    |
105 | const NSNormalWindowLevel: NSInteger = 0;
    |                            ^^^^^^^^^

warning: use of deprecated type alias `cocoa::foundation::NSInteger`: use the objc2-foundation crate instead
   --> vendor/crates/gpui_macos/src/window.rs:107:30
    |
107 | const NSFloatingWindowLevel: NSInteger = 3;
    |                              ^^^^^^^^^

warning: use of deprecated type alias `cocoa::foundation::NSInteger`: use the objc2-foundation crate instead
   --> vendor/crates/gpui_macos/src/window.rs:109:27
    |
109 | const NSPopUpWindowLevel: NSInteger = 101;
    |                           ^^^^^^^^^

warning: use of deprecated type alias `cocoa::foundation::NSInteger`: use the objc2-foundation crate instead
   --> vendor/crates/gpui_macos/src/window.rs:111:47
    |
111 | const NSWindowAnimationBehaviorUtilityWindow: NSInteger = 4;
    |                                               ^^^^^^^^^

warning: use of deprecated type alias `cocoa::foundation::NSInteger`: use the objc2-foundation crate instead
   --> vendor/crates/gpui_macos/src/window.rs:113:50
    |
113 | const NSViewLayerContentsRedrawDuringViewResize: NSInteger = 2;
    |                                                  ^^^^^^^^^

warning: use of deprecated type alias `cocoa::foundation::NSUInteger`: use the objc2-foundation crate instead
   --> vendor/crates/gpui_macos/src/window.rs:115:24
    |
115 | type NSDragOperation = NSUInteger;
    |                        ^^^^^^^^^^

warning: use of deprecated type alias `cocoa::foundation::NSInteger`: use the objc2-foundation crate instead
   --> vendor/crates/gpui_macos/src/window.rs:122:47
    |
122 | const NSDRAGGING_CONTEXT_OUTSIDE_APPLICATION: NSInteger = 0;
    |                                               ^^^^^^^^^

warning: use of deprecated type alias `cocoa::foundation::NSInteger`: use the objc2-foundation crate instead
   --> vendor/crates/gpui_macos/src/window.rs:123:46
    |
123 | const NSDRAGGING_CONTEXT_WITHIN_APPLICATION: NSInteger = 1;
    |                                              ^^^^^^^^^

warning: use of deprecated type alias `cocoa::base::id`: use the objc2 crate instead
   --> vendor/crates/gpui_macos/src/window.rs:143:70
    |
143 |                 handle_key_equivalent as extern "C" fn(&Object, Sel, id) -> BOOL,
    |                                                                      ^^

warning: use of deprecated type alias `cocoa::base::id`: use the objc2 crate instead
   --> vendor/crates/gpui_macos/src/window.rs:147:64
    |
147 |                 handle_key_down as extern "C" fn(&Object, Sel, id),
    |                                                                ^^

warning: use of deprecated type alias `cocoa::base::id`: use the objc2 crate instead
   --> vendor/crates/gpui_macos/src/window.rs:151:62
    |
151 |                 handle_key_up as extern "C" fn(&Object, Sel, id),
    |                                                              ^^

warning: use of deprecated type alias `cocoa::base::id`: use the objc2 crate instead
   --> vendor/crates/gpui_macos/src/window.rs:155:66
    |
155 |                 handle_view_event as extern "C" fn(&Object, Sel, id),
    |                                                                  ^^

warning: use of deprecated type alias `cocoa::base::id`: use the objc2 crate instead
   --> vendor/crates/gpui_macos/src/window.rs:159:66
    |
159 |                 handle_view_event as extern "C" fn(&Object, Sel, id),
    |                                                                  ^^

warning: use of deprecated type alias `cocoa::base::id`: use the objc2 crate instead
   --> vendor/crates/gpui_macos/src/window.rs:163:66
    |
163 |                 handle_view_event as extern "C" fn(&Object, Sel, id),
    |                                                                  ^^

warning: use of deprecated type alias `cocoa::base::id`: use the objc2 crate instead
   --> vendor/crates/gpui_macos/src/window.rs:167:66
    |
167 |                 handle_view_event as extern "C" fn(&Object, Sel, id),
    |                                                                  ^^

warning: use of deprecated type alias `cocoa::base::id`: use the objc2 crate instead
   --> vendor/crates/gpui_macos/src/window.rs:171:66
    |
171 |                 handle_view_event as extern "C" fn(&Object, Sel, id),
    |                                                                  ^^

warning: use of deprecated type alias `cocoa::base::id`: use the objc2 crate instead
   --> vendor/crates/gpui_macos/src/window.rs:175:66
    |
175 |                 handle_view_event as extern "C" fn(&Object, Sel, id),
    |                                                                  ^^

warning: use of deprecated type alias `cocoa::base::id`: use the objc2 crate instead
   --> vendor/crates/gpui_macos/src/window.rs:179:66
    |
179 |                 handle_view_event as extern "C" fn(&Object, Sel, id),
    |                                                                  ^^

warning: use of deprecated type alias `cocoa::base::id`: use the objc2 crate instead
   --> vendor/crates/gpui_macos/src/window.rs:187:66
    |
187 |                 handle_view_event as extern "C" fn(&Object, Sel, id),
    |                                                                  ^^

warning: use of deprecated type alias `cocoa::base::id`: use the objc2 crate instead
   --> vendor/crates/gpui_macos/src/window.rs:191:66
    |
191 |                 handle_view_event as extern "C" fn(&Object, Sel, id),
    |                                                                  ^^

warning: use of deprecated type alias `cocoa::base::id`: use the objc2 crate instead
   --> vendor/crates/gpui_macos/src/window.rs:195:66
    |
195 |                 handle_view_event as extern "C" fn(&Object, Sel, id),
    |                                                                  ^^

warning: use of deprecated type alias `cocoa::base::id`: use the objc2 crate instead
   --> vendor/crates/gpui_macos/src/window.rs:199:66
    |
199 |                 handle_view_event as extern "C" fn(&Object, Sel, id),
    |                                                                  ^^

warning: use of deprecated type alias `cocoa::base::id`: use the objc2 crate instead
   --> vendor/crates/gpui_macos/src/window.rs:203:66
    |
203 |                 handle_view_event as extern "C" fn(&Object, Sel, id),
    |                                                                  ^^

warning: use of deprecated type alias `cocoa::base::id`: use the objc2 crate instead
   --> vendor/crates/gpui_macos/src/window.rs:207:66
    |
207 |                 handle_view_event as extern "C" fn(&Object, Sel, id),
    |                                                                  ^^

warning: use of deprecated type alias `cocoa::base::id`: use the objc2 crate instead
   --> vendor/crates/gpui_macos/src/window.rs:211:66
    |
211 |                 handle_view_event as extern "C" fn(&Object, Sel, id),
    |                                                                  ^^

warning: use of deprecated type alias `cocoa::base::id`: use the objc2 crate instead
   --> vendor/crates/gpui_macos/src/window.rs:215:66
    |
215 |                 handle_view_event as extern "C" fn(&Object, Sel, id),
    |                                                                  ^^

warning: use of deprecated type alias `cocoa::base::id`: use the objc2 crate instead
   --> vendor/crates/gpui_macos/src/window.rs:219:66
    |
219 |                 handle_view_event as extern "C" fn(&Object, Sel, id),
    |                                                                  ^^

warning: use of deprecated type alias `cocoa::base::id`: use the objc2 crate instead
   --> vendor/crates/gpui_macos/src/window.rs:224:70
    |
224 |                 make_backing_layer as extern "C" fn(&Object, Sel) -> id,
    |                                                                      ^^

warning: use of deprecated struct `cocoa::foundation::NSSize`: use the objc2-foundation crate instead
   --> vendor/crates/gpui_macos/src/window.rs:234:63
    |
234 |                 set_frame_size as extern "C" fn(&Object, Sel, NSSize),
    |                                                               ^^^^^^

warning: use of deprecated type alias `cocoa::base::id`: use the objc2 crate instead
   --> vendor/crates/gpui_macos/src/window.rs:238:62
    |
238 |                 display_layer as extern "C" fn(&Object, Sel, id),
    |                                                              ^^

warning: use of deprecated type alias `cocoa::base::id`: use the objc2 crate instead
   --> vendor/crates/gpui_macos/src/window.rs:244:84
    |
244 |                 valid_attributes_for_marked_text as extern "C" fn(&Object, Sel) -> id,
    |                                                                                    ^^

warning: use of deprecated type alias `cocoa::base::id`: use the objc2 crate instead
   --> vendor/crates/gpui_macos/src/window.rs:261:61
    |
261 |                     as extern "C" fn(&Object, Sel, NSRange, id) -> NSRect,
    |                                                             ^^

warning: use of deprecated struct `cocoa::foundation::NSRect`: use the objc2-foundation crate instead
   --> vendor/crates/gpui_macos/src/window.rs:261:68
    |
261 |                     as extern "C" fn(&Object, Sel, NSRange, id) -> NSRect,
    |                                                                    ^^^^^^

warning: use of deprecated type alias `cocoa::base::id`: use the objc2 crate instead
   --> vendor/crates/gpui_macos/src/window.rs:265:60
    |
265 |                 insert_text as extern "C" fn(&Object, Sel, id, NSRange),
    |                                                            ^^

warning: use of deprecated type alias `cocoa::base::id`: use the objc2 crate instead
   --> vendor/crates/gpui_macos/src/window.rs:269:64
    |
269 |                 set_marked_text as extern "C" fn(&Object, Sel, id, NSRange, NSRange),
    |                                                                ^^

warning: use of deprecated type alias `cocoa::base::id`: use the objc2 crate instead
   --> vendor/crates/gpui_macos/src/window.rs:275:77
    |
275 |                     as extern "C" fn(&Object, Sel, NSRange, *mut c_void) -> id,
    |                                                                             ^^

warning: use of deprecated type alias `cocoa::base::id`: use the objc2 crate instead
   --> vendor/crates/gpui_macos/src/window.rs:290:68
    |
290 |                 accepts_first_mouse as extern "C" fn(&Object, Sel, id) -> BOOL,
    |                                                                    ^^

warning: use of deprecated struct `cocoa::foundation::NSRect`: use the objc2-foundation crate instead
   --> vendor/crates/gpui_macos/src/window.rs:296:55
    |
296 |                     as extern "C" fn(&Object, Sel) -> NSRect,
    |                                                       ^^^^^^

warning: use of deprecated struct `cocoa::foundation::NSPoint`: use the objc2-foundation crate instead
   --> vendor/crates/gpui_macos/src/window.rs:301:74
    |
301 |                 character_index_for_point as extern "C" fn(&Object, Sel, NSPoint) -> u64,
    |                                                                          ^^^^^^^

warning: use of deprecated struct `cocoa::foundation::NSRect`: use the objc2-foundation crate instead
   --> vendor/crates/gpui_macos/src/window.rs:309:77
    |
309 |                 blurred_view_init_with_frame as extern "C" fn(&Object, Sel, NSRect) -> id,
    |                                                                             ^^^^^^

warning: use of deprecated type alias `cocoa::base::id`: use the objc2 crate instead
   --> vendor/crates/gpui_macos/src/window.rs:309:88
    |
309 |                 blurred_view_init_with_frame as extern "C" fn(&Object, Sel, NSRect) -> id,
    |                                                                                        ^^

warning: use of deprecated type alias `cocoa::base::id`: use the objc2 crate instead
   --> vendor/crates/gpui_macos/src/window.rs:323:52
    |
323 |                     as extern "C" fn(&Object, Sel, id, id) -> id,
    |                                                    ^^

warning: use of deprecated type alias `cocoa::base::id`: use the objc2 crate instead
   --> vendor/crates/gpui_macos/src/window.rs:323:56
    |
323 |                     as extern "C" fn(&Object, Sel, id, id) -> id,
    |                                                        ^^

warning: use of deprecated type alias `cocoa::base::id`: use the objc2 crate instead
   --> vendor/crates/gpui_macos/src/window.rs:323:63
    |
323 |                     as extern "C" fn(&Object, Sel, id, id) -> id,
    |                                                               ^^

warning: use of deprecated type alias `cocoa::base::id`: use the objc2 crate instead
   --> vendor/crates/gpui_macos/src/window.rs:333:95
    |
333 |                 window_state_unarchiver_restoration_options as extern "C" fn(&Object, Sel) -> id,
    |                                                                                               ^^

warning: use of deprecated type alias `cocoa::base::id`: use the objc2 crate instead
   --> vendor/crates/gpui_macos/src/window.rs:347:16
    |
347 |     _archiver: id,
    |                ^^

warning: use of deprecated type alias `cocoa::base::id`: use the objc2 crate instead
   --> vendor/crates/gpui_macos/src/window.rs:348:13
    |
348 |     object: id,
    |             ^^

warning: use of deprecated type alias `cocoa::base::id`: use the objc2 crate instead
   --> vendor/crates/gpui_macos/src/window.rs:349:6
    |
349 | ) -> id {
    |      ^^

warning: use of deprecated constant `cocoa::base::nil`: use the objc2 crate instead
   --> vendor/crates/gpui_macos/src/window.rs:359:13
    |
359 |             nil
    |             ^^^

warning: use of deprecated type alias `cocoa::base::id`: use the objc2 crate instead
   --> vendor/crates/gpui_macos/src/window.rs:370:89
    |
370 | extern "C" fn window_state_unarchiver_restoration_options(_this: &Object, _sel: Sel) -> id {
    |                                                                                         ^^

warning: use of deprecated struct `cocoa::foundation::NSOperatingSystemVersion`: use the objc2-foundation crate instead
   --> vendor/crates/gpui_macos/src/window.rs:371:35
    |
371 |     if !is_macos_version_at_least(NSOperatingSystemVersion::new(15, 0, 0)) {
    |                                   ^^^^^^^^^^^^^^^^^^^^^^^^

warning: use of deprecated constant `cocoa::base::nil`: use the objc2 crate instead
   --> vendor/crates/gpui_macos/src/window.rs:372:16
    |
372 |         return nil;
    |                ^^^

warning: use of deprecated type alias `cocoa::base::id`: use the objc2 crate instead
   --> vendor/crates/gpui_macos/src/window.rs:379:30
    |
379 |                 let options: id = msg_send![class, alloc];
    |                              ^^

warning: use of deprecated type alias `cocoa::base::id`: use the objc2 crate instead
   --> vendor/crates/gpui_macos/src/window.rs:380:30
    |
380 |                 let options: id = msg_send![options, init];
    |                              ^^

warning: use of deprecated constant `cocoa::base::nil`: use the objc2 crate instead
   --> vendor/crates/gpui_macos/src/window.rs:383:21
    |
383 |             None => nil,
    |                     ^^^

warning: use of deprecated struct `cocoa::foundation::NSPoint`: use the objc2-foundation crate instead
   --> vendor/crates/gpui_macos/src/window.rs:388:48
    |
388 | pub(crate) fn convert_mouse_position(position: NSPoint, window_height: Pixels) -> Point<Pixels> {
    |                                                ^^^^^^^

warning: use of deprecated constant `cocoa::base::nil`: use the objc2 crate instead
   --> vendor/crates/gpui_macos/src/window.rs:407:52
    |
407 |         let app = NSApplication::sharedApplication(nil);
    |                                                    ^^^

warning: use of deprecated type alias `cocoa::base::id`: use the objc2 crate instead
   --> vendor/crates/gpui_macos/src/window.rs:408:25
    |
408 |         let key_window: id = msg_send![app, keyWindow];
    |                         ^^

warning: use of deprecated type alias `cocoa::base::id`: use the objc2 crate instead
   --> vendor/crates/gpui_macos/src/window.rs:409:26
    |
409 |         let main_window: id = msg_send![app, mainWindow];
    |                          ^^

warning: use of deprecated type alias `cocoa::base::id`: use the objc2 crate instead
   --> vendor/crates/gpui_macos/src/window.rs:452:62
    |
452 |             window_did_resize as extern "C" fn(&Object, Sel, id),
    |                                                              ^^

warning: use of deprecated type alias `cocoa::base::id`: use the objc2 crate instead
   --> vendor/crates/gpui_macos/src/window.rs:456:78
    |
456 |             window_did_change_occlusion_state as extern "C" fn(&Object, Sel, id),
    |                                                                              ^^

warning: use of deprecated type alias `cocoa::base::id`: use the objc2 crate instead
   --> vendor/crates/gpui_macos/src/window.rs:460:73
    |
460 |             window_will_enter_fullscreen as extern "C" fn(&Object, Sel, id),
    |                                                                         ^^

warning: use of deprecated type alias `cocoa::base::id`: use the objc2 crate instead
   --> vendor/crates/gpui_macos/src/window.rs:464:72
    |
464 |             window_will_exit_fullscreen as extern "C" fn(&Object, Sel, id),
    |                                                                        ^^

warning: use of deprecated type alias `cocoa::base::id`: use the objc2 crate instead
   --> vendor/crates/gpui_macos/src/window.rs:468:79
    |
468 |             window_did_fail_to_exit_fullscreen as extern "C" fn(&Object, Sel, id),
    |                                                                               ^^

warning: use of deprecated type alias `cocoa::base::id`: use the objc2 crate instead
   --> vendor/crates/gpui_macos/src/window.rs:472:71
    |
472 |             window_did_exit_fullscreen as extern "C" fn(&Object, Sel, id),
    |                                                                       ^^

warning: use of deprecated type alias `cocoa::base::id`: use the objc2 crate instead
   --> vendor/crates/gpui_macos/src/window.rs:476:60
    |
476 |             window_did_move as extern "C" fn(&Object, Sel, id),
    |                                                            ^^

warning: use of deprecated type alias `cocoa::base::id`: use the objc2 crate instead
   --> vendor/crates/gpui_macos/src/window.rs:480:69
    |
480 |             window_did_change_screen as extern "C" fn(&Object, Sel, id),
    |                                                                     ^^

warning: use of deprecated type alias `cocoa::base::id`: use the objc2 crate instead
   --> vendor/crates/gpui_macos/src/window.rs:484:73
    |
484 |             window_did_change_key_status as extern "C" fn(&Object, Sel, id),
    |                                                                         ^^

warning: use of deprecated type alias `cocoa::base::id`: use the objc2 crate instead
   --> vendor/crates/gpui_macos/src/window.rs:488:73
    |
488 |             window_did_change_key_status as extern "C" fn(&Object, Sel, id),
    |                                                                         ^^

warning: use of deprecated type alias `cocoa::base::id`: use the objc2 crate instead
   --> vendor/crates/gpui_macos/src/window.rs:492:64
    |
492 |             window_should_close as extern "C" fn(&Object, Sel, id) -> BOOL,
    |                                                                ^^

warning: use of deprecated type alias `cocoa::base::id`: use the objc2 crate instead
   --> vendor/crates/gpui_macos/src/window.rs:499:61
    |
499 |             dragging_entered as extern "C" fn(&Object, Sel, id) -> NSDragOperation,
    |                                                             ^^

warning: use of deprecated type alias `cocoa::base::id`: use the objc2 crate instead
   --> vendor/crates/gpui_macos/src/window.rs:503:61
    |
503 |             dragging_updated as extern "C" fn(&Object, Sel, id) -> NSDragOperation,
    |                                                             ^^

warning: use of deprecated type alias `cocoa::base::id`: use the objc2 crate instead
   --> vendor/crates/gpui_macos/src/window.rs:507:60
    |
507 |             dragging_exited as extern "C" fn(&Object, Sel, id),
    |                                                            ^^

warning: use of deprecated type alias `cocoa::base::id`: use the objc2 crate instead
   --> vendor/crates/gpui_macos/src/window.rs:511:67
    |
511 |             perform_drag_operation as extern "C" fn(&Object, Sel, id) -> BOOL,
    |                                                                   ^^

warning: use of deprecated type alias `cocoa::base::id`: use the objc2 crate instead
   --> vendor/crates/gpui_macos/src/window.rs:515:68
    |
515 |             conclude_drag_operation as extern "C" fn(&Object, Sel, id),
    |                                                                    ^^

warning: use of deprecated type alias `cocoa::base::id`: use the objc2 crate instead
   --> vendor/crates/gpui_macos/src/window.rs:522:48
    |
522 |                 as extern "C" fn(&Object, Sel, id, NSInteger) -> NSDragOperation,
    |                                                ^^

warning: use of deprecated type alias `cocoa::foundation::NSInteger`: use the objc2-foundation crate instead
   --> vendor/crates/gpui_macos/src/window.rs:522:52
    |
522 |                 as extern "C" fn(&Object, Sel, id, NSInteger) -> NSDragOperation,
    |                                                    ^^^^^^^^^

warning: use of deprecated type alias `cocoa::base::id`: use the objc2 crate instead
   --> vendor/crates/gpui_macos/src/window.rs:526:67
    |
526 |             dragging_session_ended as extern "C" fn(&Object, Sel, id, NSPoint, NSDragOperation),
    |                                                                   ^^

warning: use of deprecated struct `cocoa::foundation::NSPoint`: use the objc2-foundation crate instead
   --> vendor/crates/gpui_macos/src/window.rs:526:71
    |
526 |             dragging_session_ended as extern "C" fn(&Object, Sel, id, NSPoint, NSDragOperation),
    |                                                                       ^^^^^^^

warning: use of deprecated type alias `cocoa::base::id`: use the objc2 crate instead
   --> vendor/crates/gpui_macos/src/window.rs:531:83
    |
531 |             add_titlebar_accessory_view_controller as extern "C" fn(&Object, Sel, id),
    |                                                                                   ^^

warning: use of deprecated type alias `cocoa::base::id`: use the objc2 crate instead
   --> vendor/crates/gpui_macos/src/window.rs:536:67
    |
536 |             move_tab_to_new_window as extern "C" fn(&Object, Sel, id),
    |                                                                   ^^

warning: use of deprecated type alias `cocoa::base::id`: use the objc2 crate instead
   --> vendor/crates/gpui_macos/src/window.rs:541:62
    |
541 |             merge_all_windows as extern "C" fn(&Object, Sel, id),
    |                                                              ^^

warning: use of deprecated type alias `cocoa::base::id`: use the objc2 crate instead
   --> vendor/crates/gpui_macos/src/window.rs:546:60
    |
546 |             select_next_tab as extern "C" fn(&Object, Sel, id),
    |                                                            ^^

warning: use of deprecated type alias `cocoa::base::id`: use the objc2 crate instead
   --> vendor/crates/gpui_macos/src/window.rs:551:64
    |
551 |             select_previous_tab as extern "C" fn(&Object, Sel, id),
    |                                                                ^^

warning: use of deprecated type alias `cocoa::base::id`: use the objc2 crate instead
   --> vendor/crates/gpui_macos/src/window.rs:556:59
    |
556 |             toggle_tab_bar as extern "C" fn(&Object, Sel, id),
    |                                                           ^^

warning: use of deprecated type alias `cocoa::foundation::NSUInteger`: use the objc2-foundation crate instead
   --> vendor/crates/gpui_macos/src/window.rs:582:51
    |
582 | const NS_APPLICATION_PRESENTATION_AUTO_HIDE_DOCK: NSUInteger = 1 << 0;
    |                                                   ^^^^^^^^^^

warning: use of deprecated type alias `cocoa::foundation::NSUInteger`: use the objc2-foundation crate instead
   --> vendor/crates/gpui_macos/src/window.rs:583:55
    |
583 | const NS_APPLICATION_PRESENTATION_AUTO_HIDE_MENU_BAR: NSUInteger = 1 << 2;
    |                                                       ^^^^^^^^^^

warning: use of deprecated struct `cocoa::foundation::NSRect`: use the objc2-foundation crate instead
   --> vendor/crates/gpui_macos/src/window.rs:588:12
    |
588 |     frame: NSRect,
    |            ^^^^^^

warning: use of deprecated struct `cocoa::foundation::NSRect`: use the objc2-foundation crate instead
   --> vendor/crates/gpui_macos/src/window.rs:594:27
    |
594 |     Enter { screen_frame: NSRect },
    |                           ^^^^^^

warning: use of deprecated type alias `cocoa::foundation::NSUInteger`: use the objc2-foundation crate instead
   --> vendor/crates/gpui_macos/src/window.rs:600:33
    |
600 |     saved_presentation_options: NSUInteger,
    |                                 ^^^^^^^^^^

warning: use of deprecated constant `cocoa::base::nil`: use the objc2 crate instead
   --> vendor/crates/gpui_macos/src/window.rs:610:56
    |
610 |             let app = NSApplication::sharedApplication(nil);
    |                                                        ^^^

warning: use of deprecated type alias `cocoa::foundation::NSUInteger`: use the objc2-foundation crate instead
   --> vendor/crates/gpui_macos/src/window.rs:611:45
    |
611 |             let saved_presentation_options: NSUInteger = msg_send![app, presentationOptions];
    |                                             ^^^^^^^^^^

warning: use of deprecated constant `cocoa::base::nil`: use the objc2 crate instead
   --> vendor/crates/gpui_macos/src/window.rs:631:60
    |
631 |                 let app = NSApplication::sharedApplication(nil);
    |                                                            ^^^

warning: use of deprecated type alias `cocoa::base::id`: use the objc2 crate instead
   --> vendor/crates/gpui_macos/src/window.rs:643:20
    |
643 |     native_window: id,
    |                    ^^

warning: use of deprecated type alias `cocoa::base::id`: use the objc2 crate instead
   --> vendor/crates/gpui_macos/src/window.rs:644:18
    |
644 |     native_view: id,
    |                  ^^

warning: use of deprecated constant `cocoa::base::nil`: use the objc2 crate instead
   --> vendor/crates/gpui_macos/src/window.rs:664:45
    |
664 |         native_window.makeKeyAndOrderFront_(nil);
    |                                             ^^^

warning: use of deprecated type alias `cocoa::base::id`: use the objc2 crate instead
   --> vendor/crates/gpui_macos/src/window.rs:673:20
    |
673 |     native_window: id,
    |                    ^^

warning: use of deprecated type alias `cocoa::base::id`: use the objc2 crate instead
   --> vendor/crates/gpui_macos/src/window.rs:675:26
    |
675 |     blurred_view: Option<id>,
    |                          ^^

warning: use of deprecated type alias `cocoa::base::id`: use the objc2 crate instead
   --> vendor/crates/gpui_macos/src/window.rs:724:26
    |
724 |     sheet_parent: Option<id>,
    |                          ^^

warning: use of deprecated struct `cocoa::foundation::NSRect`: use the objc2-foundation crate instead
   --> vendor/crates/gpui_macos/src/window.rs:876:31
    |
876 |         fn rect_to_size(rect: NSRect) -> Size<Pixels> {
    |                               ^^^^^^

warning: use of deprecated struct `cocoa::foundation::NSSize`: use the objc2-foundation crate instead
   --> vendor/crates/gpui_macos/src/window.rs:877:17
    |
877 |             let NSSize { width, height } = rect.size;
    |                 ^^^^^^

warning: use of deprecated type alias `cocoa::base::id`: use the objc2 crate instead
    --> vendor/crates/gpui_macos/src/window.rs:1521:48
     |
1521 |                 let native_window = context as id;
     |                                                ^^

warning: use of deprecated constant `cocoa::base::nil`: use the objc2 crate instead
    --> vendor/crates/gpui_macos/src/window.rs:1522:70
     |
1522 |                 let _: () = msg_send![native_window, mergeAllWindows:nil];
     |                                                                      ^^^

warning: use of deprecated type alias `cocoa::base::id`: use the objc2 crate instead
    --> vendor/crates/gpui_macos/src/window.rs:1536:48
     |
1536 |                 let native_window = context as id;
     |                                                ^^

warning: use of deprecated constant `cocoa::base::nil`: use the objc2 crate instead
    --> vendor/crates/gpui_macos/src/window.rs:1537:73
     |
1537 |                 let _: () = msg_send![native_window, moveTabToNewWindow:nil];
     |                                                                         ^^^

warning: use of deprecated constant `cocoa::base::nil`: use the objc2 crate instead
    --> vendor/crates/gpui_macos/src/window.rs:1538:76
     |
1538 |                 let _: () = msg_send![native_window, makeKeyAndOrderFront: nil];
     |                                                                            ^^^

warning: use of deprecated type alias `cocoa::base::id`: use the objc2 crate instead
    --> vendor/crates/gpui_macos/src/window.rs:2506:36
     |
2506 | fn get_scale_factor(native_window: id) -> f32 {
     |                                    ^^

warning: use of deprecated type alias `cocoa::base::id`: use the objc2 crate instead
    --> vendor/crates/gpui_macos/src/window.rs:2508:21
     |
2508 |         let screen: id = msg_send![native_window, screen];
     |                     ^^

warning: use of deprecated type alias `cocoa::base::id`: use the objc2 crate instead
    --> vendor/crates/gpui_macos/src/window.rs:2525:34
     |
2525 | unsafe fn is_gpui_window(window: id) -> bool {
     |                                  ^^

warning: use of deprecated type alias `cocoa::base::id`: use the objc2 crate instead
    --> vendor/crates/gpui_macos/src/window.rs:2610:21
     |
2610 |         let cursor: id = match cursor_style {
     |                     ^^

warning: use of deprecated type alias `cocoa::base::id`: use the objc2 crate instead
    --> vendor/crates/gpui_macos/src/window.rs:2646:62
     |
2646 |         let bounds = NSView::bounds(this as *const Object as id);
     |                                                              ^^

warning: use of deprecated type alias `cocoa::base::id`: use the objc2 crate instead
    --> vendor/crates/gpui_macos/src/window.rs:2651:74
     |
2651 | extern "C" fn handle_key_equivalent(this: &Object, _: Sel, native_event: id) -> BOOL {
     |                                                                          ^^

warning: use of deprecated type alias `cocoa::base::id`: use the objc2 crate instead
    --> vendor/crates/gpui_macos/src/window.rs:2655:68
     |
2655 | extern "C" fn handle_key_down(this: &Object, _: Sel, native_event: id) {
     |                                                                    ^^

warning: use of deprecated type alias `cocoa::base::id`: use the objc2 crate instead
    --> vendor/crates/gpui_macos/src/window.rs:2659:66
     |
2659 | extern "C" fn handle_key_up(this: &Object, _: Sel, native_event: id) {
     |                                                                  ^^

warning: use of deprecated type alias `cocoa::base::id`: use the objc2 crate instead
    --> vendor/crates/gpui_macos/src/window.rs:2727:61
     |
2727 | extern "C" fn handle_key_event(this: &Object, native_event: id, key_equivalent: bool) -> BOOL {
     |                                                             ^^

warning: use of deprecated type alias `cocoa::base::id`: use the objc2 crate instead
    --> vendor/crates/gpui_macos/src/window.rs:2819:40
     |
2819 |                     let input_context: id = msg_send![this, inputContext];
     |                                        ^^

warning: use of deprecated type alias `cocoa::base::id`: use the objc2 crate instead
    --> vendor/crates/gpui_macos/src/window.rs:2860:36
     |
2860 |                 let input_context: id = msg_send![this, inputContext];
     |                                    ^^

warning: use of deprecated type alias `cocoa::base::id`: use the objc2 crate instead
    --> vendor/crates/gpui_macos/src/window.rs:2874:70
     |
2874 | extern "C" fn handle_view_event(this: &Object, _: Sel, native_event: id) {
     |                                                                      ^^

warning: use of deprecated type alias `cocoa::base::id`: use the objc2 crate instead
    --> vendor/crates/gpui_macos/src/window.rs:2971:40
     |
2971 |                     let input_context: id = msg_send![this, inputContext];
     |                                        ^^

warning: use of deprecated type alias `cocoa::base::id`: use the objc2 crate instead
    --> vendor/crates/gpui_macos/src/window.rs:3078:75
     |
3078 | extern "C" fn window_did_change_occlusion_state(this: &Object, _: Sel, _: id) {
     |                                                                           ^^

warning: use of deprecated type alias `cocoa::base::id`: use the objc2 crate instead
    --> vendor/crates/gpui_macos/src/window.rs:3099:59
     |
3099 | extern "C" fn window_did_resize(this: &Object, _: Sel, _: id) {
     |                                                           ^^

warning: use of deprecated type alias `cocoa::base::id`: use the objc2 crate instead
    --> vendor/crates/gpui_macos/src/window.rs:3104:70
     |
3104 | extern "C" fn window_will_enter_fullscreen(this: &Object, _: Sel, _: id) {
     |                                                                      ^^

warning: use of deprecated struct `cocoa::foundation::NSOperatingSystemVersion`: use the objc2-foundation crate instead
    --> vendor/crates/gpui_macos/src/window.rs:3112:23
     |
3112 |     let min_version = NSOperatingSystemVersion::new(15, 3, 0);
     |                       ^^^^^^^^^^^^^^^^^^^^^^^^

warning: use of deprecated type alias `cocoa::base::id`: use the objc2 crate instead
    --> vendor/crates/gpui_macos/src/window.rs:3121:69
     |
3121 | extern "C" fn window_will_exit_fullscreen(this: &Object, _: Sel, _: id) {
     |                                                                     ^^

warning: use of deprecated struct `cocoa::foundation::NSOperatingSystemVersion`: use the objc2-foundation crate instead
    --> vendor/crates/gpui_macos/src/window.rs:3126:23
     |
3126 |     let min_version = NSOperatingSystemVersion::new(15, 3, 0);
     |                       ^^^^^^^^^^^^^^^^^^^^^^^^

warning: use of deprecated type alias `cocoa::base::id`: use the objc2 crate instead
    --> vendor/crates/gpui_macos/src/window.rs:3137:76
     |
3137 | extern "C" fn window_did_fail_to_exit_fullscreen(this: &Object, _: Sel, _: id) {
     |                                                                            ^^

warning: use of deprecated type alias `cocoa::base::id`: use the objc2 crate instead
    --> vendor/crates/gpui_macos/src/window.rs:3144:68
     |
3144 | extern "C" fn window_did_exit_fullscreen(this: &Object, _: Sel, _: id) {
     |                                                                    ^^

warning: use of deprecated struct `cocoa::foundation::NSOperatingSystemVersion`: use the objc2-foundation crate instead
    --> vendor/crates/gpui_macos/src/window.rs:3156:50
     |
3156 | pub(crate) fn is_macos_version_at_least(version: NSOperatingSystemVersion) -> bool {
     |                                                  ^^^^^^^^^^^^^^^^^^^^^^^^

warning: use of deprecated associated function `cocoa::foundation::NSProcessInfo::processInfo`: use the objc2-foundation crate instead
    --> vendor/crates/gpui_macos/src/window.rs:3157:29
     |
3157 |     unsafe { NSProcessInfo::processInfo(nil).isOperatingSystemAtLeastVersion(version) }
     |                             ^^^^^^^^^^^

warning: use of deprecated constant `cocoa::base::nil`: use the objc2 crate instead
    --> vendor/crates/gpui_macos/src/window.rs:3157:41
     |
3157 |     unsafe { NSProcessInfo::processInfo(nil).isOperatingSystemAtLeastVersion(version) }
     |                                         ^^^

warning: use of deprecated type alias `cocoa::base::id`: use the objc2 crate instead
    --> vendor/crates/gpui_macos/src/window.rs:3160:32
     |
3160 | fn ns_error_description(error: id) -> String {
     |                                ^^

warning: use of deprecated type alias `cocoa::base::id`: use the objc2 crate instead
    --> vendor/crates/gpui_macos/src/window.rs:3165:26
     |
3165 |         let description: id = msg_send![error, localizedDescription];
     |                          ^^

warning: use of deprecated type alias `cocoa::base::id`: use the objc2 crate instead
    --> vendor/crates/gpui_macos/src/window.rs:3170:57
     |
3170 | extern "C" fn window_did_move(this: &Object, _: Sel, _: id) {
     |                                                         ^^

warning: use of deprecated type alias `cocoa::base::id`: use the objc2 crate instead
    --> vendor/crates/gpui_macos/src/window.rs:3206:66
     |
3206 | extern "C" fn window_did_change_screen(this: &Object, _: Sel, _: id) {
     |                                                                  ^^

warning: use of deprecated type alias `cocoa::base::id`: use the objc2 crate instead
    --> vendor/crates/gpui_macos/src/window.rs:3214:77
     |
3214 | extern "C" fn window_did_change_key_status(this: &Object, selector: Sel, _: id) {
     |                                                                             ^^

warning: use of deprecated type alias `cocoa::base::id`: use the objc2 crate instead
    --> vendor/crates/gpui_macos/src/window.rs:3296:61
     |
3296 | extern "C" fn window_should_close(this: &Object, _: Sel, _: id) -> BOOL {
     |                                                             ^^

warning: use of deprecated constant `cocoa::base::nil`: use the objc2 crate instead
    --> vendor/crates/gpui_macos/src/window.rs:3356:83
     |
3356 |                     let active: BOOL = msg_send![NSApplication::sharedApplication(nil), isActive];
     |                                                                                   ^^^

warning: use of deprecated type alias `cocoa::base::id`: use the objc2 crate instead
    --> vendor/crates/gpui_macos/src/window.rs:3366:60
     |
3366 | extern "C" fn make_backing_layer(this: &Object, _: Sel) -> id {
     |                                                            ^^

warning: use of deprecated type alias `cocoa::base::id`: use the objc2 crate instead
    --> vendor/crates/gpui_macos/src/window.rs:3369:42
     |
3369 |     window_state.renderer.layer_ptr() as id
     |                                          ^^

warning: use of deprecated struct `cocoa::foundation::NSSize`: use the objc2-foundation crate instead
    --> vendor/crates/gpui_macos/src/window.rs:3377:59
     |
3377 | extern "C" fn set_frame_size(this: &Object, _: Sel, size: NSSize) {
     |                                                           ^^^^^^

warning: use of deprecated struct `cocoa::foundation::NSRect`: use the objc2-foundation crate instead
    --> vendor/crates/gpui_macos/src/window.rs:3390:24
     |
3390 |         let old_frame: NSRect = msg_send![this, frame];
     |                        ^^^^^^

warning: use of deprecated struct `cocoa::foundation::NSSize`: use the objc2-foundation crate instead
    --> vendor/crates/gpui_macos/src/window.rs:3378:23
     |
3378 |     fn convert(value: NSSize) -> Size<Pixels> {
     |                       ^^^^^^

warning: use of deprecated type alias `cocoa::base::id`: use the objc2 crate instead
    --> vendor/crates/gpui_macos/src/window.rs:3415:55
     |
3415 | extern "C" fn display_layer(this: &Object, _: Sel, _: id) {
     |                                                       ^^

warning: use of deprecated type alias `cocoa::base::id`: use the objc2 crate instead
    --> vendor/crates/gpui_macos/src/window.rs:3432:24
     |
3432 |     let view = view as id;
     |                        ^^

warning: use of deprecated type alias `cocoa::base::id`: use the objc2 crate instead
    --> vendor/crates/gpui_macos/src/window.rs:3443:71
     |
3443 | extern "C" fn valid_attributes_for_marked_text(_: &Object, _: Sel) -> id {
     |                                                                       ^^

warning: use of deprecated type alias `cocoa::base::id`: use the objc2 crate instead
    --> vendor/crates/gpui_macos/src/window.rs:3474:8
     |
3474 |     _: id,
     |        ^^

warning: use of deprecated struct `cocoa::foundation::NSRect`: use the objc2-foundation crate instead
    --> vendor/crates/gpui_macos/src/window.rs:3475:6
     |
3475 | ) -> NSRect {
     |      ^^^^^^

warning: use of deprecated struct `cocoa::foundation::NSRect`: use the objc2-foundation crate instead
    --> vendor/crates/gpui_macos/src/window.rs:3482:9
     |
3482 |         NSRect::new(NSPoint::new(0., 0.), NSSize::new(0., 0.)),
     |         ^^^^^^

warning: use of deprecated struct `cocoa::foundation::NSPoint`: use the objc2-foundation crate instead
    --> vendor/crates/gpui_macos/src/window.rs:3482:21
     |
3482 |         NSRect::new(NSPoint::new(0., 0.), NSSize::new(0., 0.)),
     |                     ^^^^^^^

warning: use of deprecated struct `cocoa::foundation::NSSize`: use the objc2-foundation crate instead
    --> vendor/crates/gpui_macos/src/window.rs:3482:43
     |
3482 |         NSRect::new(NSPoint::new(0., 0.), NSSize::new(0., 0.)),
     |                                           ^^^^^^

warning: use of deprecated struct `cocoa::foundation::NSRect`: use the objc2-foundation crate instead
    --> vendor/crates/gpui_macos/src/window.rs:3484:13
     |
3484 |             NSRect::new(
     |             ^^^^^^

warning: use of deprecated struct `cocoa::foundation::NSPoint`: use the objc2-foundation crate instead
    --> vendor/crates/gpui_macos/src/window.rs:3485:17
     |
3485 |                 NSPoint::new(
     |                 ^^^^^^^

warning: use of deprecated struct `cocoa::foundation::NSSize`: use the objc2-foundation crate instead
    --> vendor/crates/gpui_macos/src/window.rs:3491:17
     |
3491 |                 NSSize::new(
     |                 ^^^^^^

warning: use of deprecated struct `cocoa::foundation::NSRect`: use the objc2-foundation crate instead
    --> vendor/crates/gpui_macos/src/window.rs:3500:32
     |
3500 | fn get_frame(this: &Object) -> NSRect {
     |                                ^^^^^^

warning: use of deprecated type alias `cocoa::base::id`: use the objc2 crate instead
    --> vendor/crates/gpui_macos/src/window.rs:3514:56
     |
3514 | extern "C" fn insert_text(this: &Object, _: Sel, text: id, replacement_range: NSRange) {
     |                                                        ^^

warning: use of deprecated type alias `cocoa::base::id`: use the objc2 crate instead
    --> vendor/crates/gpui_macos/src/window.rs:3518:19
     |
3518 |         let text: id = if is_attributed_string == YES {
     |                   ^^

warning: use of deprecated type alias `cocoa::base::id`: use the objc2 crate instead
    --> vendor/crates/gpui_macos/src/window.rs:3535:11
     |
3535 |     text: id,
     |           ^^

warning: use of deprecated type alias `cocoa::base::id`: use the objc2 crate instead
    --> vendor/crates/gpui_macos/src/window.rs:3542:19
     |
3542 |         let text: id = if is_attributed_string == YES {
     |                   ^^

warning: use of deprecated type alias `cocoa::base::id`: use the objc2 crate instead
    --> vendor/crates/gpui_macos/src/window.rs:3564:6
     |
3564 | ) -> id {
     |      ^^

warning: use of deprecated type alias `cocoa::base::id`: use the objc2 crate instead
    --> vendor/crates/gpui_macos/src/window.rs:3579:25
     |
3579 |             let string: id = msg_send![class!(NSAttributedString), alloc];
     |                         ^^

warning: use of deprecated type alias `cocoa::base::id`: use the objc2 crate instead
    --> vendor/crates/gpui_macos/src/window.rs:3580:25
     |
3580 |             let string: id = msg_send![string, initWithString: ns_string(&selected_text)];
     |                         ^^

warning: use of deprecated constant `cocoa::base::nil`: use the objc2 crate instead
    --> vendor/crates/gpui_macos/src/window.rs:3585:16
     |
3585 |     .unwrap_or(nil)
     |                ^^^

warning: use of deprecated type alias `cocoa::base::id`: use the objc2 crate instead
    --> vendor/crates/gpui_macos/src/window.rs:3633:61
     |
3633 | extern "C" fn accepts_first_mouse(this: &Object, _: Sel, _: id) -> BOOL {
     |                                                             ^^

warning: use of deprecated struct `cocoa::foundation::NSRect`: use the objc2-foundation crate instead
    --> vendor/crates/gpui_macos/src/window.rs:3648:86
     |
3648 | extern "C" fn opaque_rect_for_window_move_when_in_titlebar(this: &Object, _: Sel) -> NSRect {
     |                                                                                      ^^^^^^

warning: use of deprecated struct `cocoa::foundation::NSRect`: use the objc2-foundation crate instead
    --> vendor/crates/gpui_macos/src/window.rs:3649:21
     |
3649 |     let zero_rect = NSRect::new(NSPoint::new(0., 0.), NSSize::new(0., 0.));
     |                     ^^^^^^

warning: use of deprecated struct `cocoa::foundation::NSPoint`: use the objc2-foundation crate instead
    --> vendor/crates/gpui_macos/src/window.rs:3649:33
     |
3649 |     let zero_rect = NSRect::new(NSPoint::new(0., 0.), NSSize::new(0., 0.));
     |                                 ^^^^^^^

warning: use of deprecated struct `cocoa::foundation::NSSize`: use the objc2-foundation crate instead
    --> vendor/crates/gpui_macos/src/window.rs:3649:55
     |
3649 |     let zero_rect = NSRect::new(NSPoint::new(0., 0.), NSSize::new(0., 0.));
     |                                                       ^^^^^^

warning: use of deprecated struct `cocoa::foundation::NSPoint`: use the objc2-foundation crate instead
    --> vendor/crates/gpui_macos/src/window.rs:3659:74
     |
3659 | extern "C" fn character_index_for_point(this: &Object, _: Sel, position: NSPoint) -> u64 {
     |                                                                          ^^^^^^^

warning: use of deprecated constant `cocoa::foundation::NSNotFound`: use the objc2-foundation crate instead
    --> vendor/crates/gpui_macos/src/window.rs:3666:16
     |
3666 |     .unwrap_or(NSNotFound as u64)
     |                ^^^^^^^^^^

warning: use of deprecated struct `cocoa::foundation::NSPoint`: use the objc2-foundation crate instead
    --> vendor/crates/gpui_macos/src/window.rs:3669:56
     |
3669 | fn screen_point_to_gpui_point(this: &Object, position: NSPoint) -> Point<Pixels> {
     |                                                        ^^^^^^^

warning: use of deprecated type alias `cocoa::base::id`: use the objc2 crate instead
    --> vendor/crates/gpui_macos/src/window.rs:3677:59
     |
3677 | fn is_drag_from_this_window(this: &Object, dragging_info: id) -> bool {
     |                                                           ^^

warning: use of deprecated type alias `cocoa::base::id`: use the objc2 crate instead
    --> vendor/crates/gpui_macos/src/window.rs:3678:17
     |
3678 |     let source: id = unsafe { msg_send![dragging_info, draggingSource] };
     |                 ^^

warning: use of deprecated type alias `cocoa::base::id`: use the objc2 crate instead
    --> vendor/crates/gpui_macos/src/window.rs:3682:70
     |
3682 | extern "C" fn dragging_entered(this: &Object, _: Sel, dragging_info: id) -> NSDragOperation {
     |                                                                      ^^

warning: use of deprecated type alias `cocoa::base::id`: use the objc2 crate instead
    --> vendor/crates/gpui_macos/src/window.rs:3698:70
     |
3698 | extern "C" fn dragging_updated(this: &Object, _: Sel, dragging_info: id) -> NSDragOperation {
     |                                                                      ^^

warning: use of deprecated type alias `cocoa::base::id`: use the objc2 crate instead
    --> vendor/crates/gpui_macos/src/window.rs:3713:57
     |
3713 | extern "C" fn dragging_exited(this: &Object, _: Sel, _: id) {
     |                                                         ^^

warning: use of deprecated type alias `cocoa::base::id`: use the objc2 crate instead
    --> vendor/crates/gpui_macos/src/window.rs:3718:76
     |
3718 | extern "C" fn perform_drag_operation(this: &Object, _: Sel, dragging_info: id) -> BOOL {
     |                                                                            ^^

warning: use of deprecated type alias `cocoa::base::id`: use the objc2 crate instead
    --> vendor/crates/gpui_macos/src/window.rs:3726:21
     |
3726 |     let pasteboard: id = unsafe { msg_send![dragging_info, draggingPasteboard] };
     |                     ^^

warning: use of deprecated constant `cocoa::base::nil`: use the objc2 crate instead
    --> vendor/crates/gpui_macos/src/window.rs:3728:21
     |
3728 |     if filenames == nil {
     |                     ^^^

warning: use of deprecated method `cocoa::foundation::NSString::UTF8String`: use the objc2-foundation crate instead
    --> vendor/crates/gpui_macos/src/window.rs:3733:31
     |
3733 |             let f = NSString::UTF8String(file);
     |                               ^^^^^^^^^^

warning: use of deprecated type alias `cocoa::base::id`: use the objc2 crate instead
    --> vendor/crates/gpui_macos/src/window.rs:3741:65
     |
3741 | extern "C" fn conclude_drag_operation(this: &Object, _: Sel, _: id) {
     |                                                                 ^^

warning: use of deprecated type alias `cocoa::base::id`: use the objc2 crate instead
    --> vendor/crates/gpui_macos/src/window.rs:3749:8
     |
3749 |     _: id,
     |        ^^

warning: use of deprecated type alias `cocoa::foundation::NSInteger`: use the objc2-foundation crate instead
    --> vendor/crates/gpui_macos/src/window.rs:3750:14
     |
3750 |     context: NSInteger,
     |              ^^^^^^^^^

warning: use of deprecated type alias `cocoa::base::id`: use the objc2 crate instead
    --> vendor/crates/gpui_macos/src/window.rs:3768:8
     |
3768 |     _: id,
     |        ^^

warning: use of deprecated struct `cocoa::foundation::NSPoint`: use the objc2-foundation crate instead
    --> vendor/crates/gpui_macos/src/window.rs:3769:8
     |
3769 |     _: NSPoint,
     |        ^^^^^^^

warning: use of deprecated type alias `cocoa::foundation::NSUInteger`: use the objc2-foundation crate instead
    --> vendor/crates/gpui_macos/src/window.rs:3784:75
     |
3784 | fn synthetic_drag_button_is_pressed(button: Option<MouseButton>, pressed: NSUInteger) -> bool {
     |                                                                           ^^^^^^^^^^

warning: use of deprecated type alias `cocoa::foundation::NSUInteger`: use the objc2-foundation crate instead
    --> vendor/crates/gpui_macos/src/window.rs:3813:22
     |
3813 |         let pressed: NSUInteger = unsafe { msg_send![class!(NSEvent), pressedMouseButtons] };
     |                      ^^^^^^^^^^

warning: use of deprecated type alias `cocoa::base::id`: use the objc2 crate instead
    --> vendor/crates/gpui_macos/src/window.rs:3853:77
     |
3853 | fn drag_event_position(window_state: &Mutex<MacWindowState>, dragging_info: id) -> Point<Pixels> {
     |                                                                             ^^

warning: use of deprecated struct `cocoa::foundation::NSPoint`: use the objc2-foundation crate instead
    --> vendor/crates/gpui_macos/src/window.rs:3854:24
     |
3854 |     let drag_location: NSPoint = unsafe { msg_send![dragging_info, draggingLocation] };
     |                        ^^^^^^^

warning: use of deprecated type alias `cocoa::base::id`: use the objc2 crate instead
    --> vendor/crates/gpui_macos/src/window.rs:3874:34
     |
3874 | fn display_id_for_screen(screen: id) -> Option<CGDirectDisplayID> {
     |                                  ^^

warning: use of deprecated type alias `cocoa::base::id`: use the objc2 crate instead
    --> vendor/crates/gpui_macos/src/window.rs:3881:32
     |
3881 |         let screen_number_key: id = ns_string("NSScreenNumber");
     |                                ^^

warning: use of deprecated type alias `cocoa::foundation::NSUInteger`: use the objc2-foundation crate instead
    --> vendor/crates/gpui_macos/src/window.rs:3883:28
     |
3883 |         let screen_number: NSUInteger = msg_send![screen_number, unsignedIntegerValue];
     |                            ^^^^^^^^^^

warning: use of deprecated struct `cocoa::foundation::NSRect`: use the objc2-foundation crate instead
    --> vendor/crates/gpui_macos/src/window.rs:3888:74
     |
3888 | extern "C" fn blurred_view_init_with_frame(this: &Object, _: Sel, frame: NSRect) -> id {
     |                                                                          ^^^^^^

warning: use of deprecated type alias `cocoa::base::id`: use the objc2 crate instead
    --> vendor/crates/gpui_macos/src/window.rs:3888:85
     |
3888 | extern "C" fn blurred_view_init_with_frame(this: &Object, _: Sel, frame: NSRect) -> id {
     |                                                                                     ^^

warning: use of deprecated type alias `cocoa::base::id`: use the objc2 crate instead
    --> vendor/crates/gpui_macos/src/window.rs:3902:20
     |
3902 |         let layer: id = msg_send![this, layer];
     |                    ^^

warning: use of deprecated type alias `cocoa::base::id`: use the objc2 crate instead
    --> vendor/crates/gpui_macos/src/window.rs:3909:42
     |
3909 | unsafe fn remove_layer_background(layer: id) {
     |                                          ^^

warning: use of deprecated constant `cocoa::base::nil`: use the objc2 crate instead
    --> vendor/crates/gpui_macos/src/window.rs:3911:57
     |
3911 |         let _: () = msg_send![layer, setBackgroundColor:nil];
     |                                                         ^^^

warning: use of deprecated type alias `cocoa::base::id`: use the objc2 crate instead
    --> vendor/crates/gpui_macos/src/window.rs:3913:25
     |
3913 |         let class_name: id = msg_send![layer, className];
     |                         ^^

warning: use of deprecated type alias `cocoa::base::id`: use the objc2 crate instead
    --> vendor/crates/gpui_macos/src/window.rs:3920:22
     |
3920 |         let filters: id = msg_send![layer, filters];
     |                      ^^

warning: use of deprecated type alias `cocoa::base::id`: use the objc2 crate instead
    --> vendor/crates/gpui_macos/src/window.rs:3927:30
     |
3927 |             let test_string: id = ns_string("Saturat");
     |                              ^^

warning: use of deprecated method `cocoa::foundation::NSArray::count`: use the objc2-foundation crate instead
    --> vendor/crates/gpui_macos/src/window.rs:3928:34
     |
3928 |             let count = NSArray::count(filters);
     |                                  ^^^^^

warning: use of deprecated type alias `cocoa::base::id`: use the objc2 crate instead
    --> vendor/crates/gpui_macos/src/window.rs:3930:34
     |
3930 |                 let description: id = msg_send![filters.objectAtIndex(i), description];
     |                                  ^^

warning: use of deprecated type alias `cocoa::base::id`: use the objc2 crate instead
    --> vendor/crates/gpui_macos/src/window.rs:3940:30
     |
3940 |                 let indices: id = msg_send![class!(NSMutableIndexSet), indexSet];
     |                              ^^

warning: use of deprecated type alias `cocoa::base::id`: use the objc2 crate instead
    --> vendor/crates/gpui_macos/src/window.rs:3943:31
     |
3943 |                 let filtered: id = msg_send![filters, objectsAtIndexes: indices];
     |                               ^^

warning: use of deprecated type alias `cocoa::base::id`: use the objc2 crate instead
    --> vendor/crates/gpui_macos/src/window.rs:3949:24
     |
3949 |         let sublayers: id = msg_send![layer, sublayers];
     |                        ^^

warning: use of deprecated method `cocoa::foundation::NSArray::count`: use the objc2-foundation crate instead
    --> vendor/crates/gpui_macos/src/window.rs:3951:34
     |
3951 |             let count = NSArray::count(sublayers);
     |                                  ^^^^^

warning: use of deprecated type alias `cocoa::base::id`: use the objc2 crate instead
    --> vendor/crates/gpui_macos/src/window.rs:3960:94
     |
3960 | extern "C" fn add_titlebar_accessory_view_controller(this: &Object, _: Sel, view_controller: id) {
     |                                                                                              ^^

warning: use of deprecated type alias `cocoa::base::id`: use the objc2 crate instead
    --> vendor/crates/gpui_macos/src/window.rs:3965:29
     |
3965 |         let accessory_view: id = msg_send![view_controller, view];
     |                             ^^

warning: use of deprecated struct `cocoa::foundation::NSRect`: use the objc2-foundation crate instead
    --> vendor/crates/gpui_macos/src/window.rs:3967:24
     |
3967 |         let mut frame: NSRect = msg_send![accessory_view, frame];
     |                        ^^^^^^

warning: use of deprecated type alias `cocoa::base::id`: use the objc2 crate instead
    --> vendor/crates/gpui_macos/src/window.rs:3973:64
     |
3973 | extern "C" fn move_tab_to_new_window(this: &Object, _: Sel, _: id) {
     |                                                                ^^

warning: use of deprecated constant `cocoa::base::nil`: use the objc2 crate instead
    --> vendor/crates/gpui_macos/src/window.rs:3975:81
     |
3975 |         let _: () = msg_send![super(this, class!(NSWindow)), moveTabToNewWindow:nil];
     |                                                                                 ^^^

warning: use of deprecated type alias `cocoa::base::id`: use the objc2 crate instead
    --> vendor/crates/gpui_macos/src/window.rs:3987:59
     |
3987 | extern "C" fn merge_all_windows(this: &Object, _: Sel, _: id) {
     |                                                           ^^

warning: use of deprecated constant `cocoa::base::nil`: use the objc2 crate instead
    --> vendor/crates/gpui_macos/src/window.rs:3989:78
     |
3989 |         let _: () = msg_send![super(this, class!(NSWindow)), mergeAllWindows:nil];
     |                                                                              ^^^

warning: use of deprecated type alias `cocoa::base::id`: use the objc2 crate instead
    --> vendor/crates/gpui_macos/src/window.rs:4001:62
     |
4001 | extern "C" fn select_next_tab(this: &Object, _sel: Sel, _id: id) {
     |                                                              ^^

warning: use of deprecated type alias `cocoa::base::id`: use the objc2 crate instead
    --> vendor/crates/gpui_macos/src/window.rs:4011:66
     |
4011 | extern "C" fn select_previous_tab(this: &Object, _sel: Sel, _id: id) {
     |                                                                  ^^

warning: use of deprecated type alias `cocoa::base::id`: use the objc2 crate instead
    --> vendor/crates/gpui_macos/src/window.rs:4021:61
     |
4021 | extern "C" fn toggle_tab_bar(this: &Object, _sel: Sel, _id: id) {
     |                                                             ^^

warning: use of deprecated constant `cocoa::base::nil`: use the objc2 crate instead
    --> vendor/crates/gpui_macos/src/window.rs:4023:75
     |
4023 |         let _: () = msg_send![super(this, class!(NSWindow)), toggleTabBar:nil];
     |                                                                           ^^^

warning: use of deprecated constant `cocoa::base::nil`: use the objc2 crate instead
   --> vendor/crates/gpui_macos/src/window.rs:906:26
    |
906 |             if screen == nil {
    |                          ^^^

warning: use of deprecated constant `cocoa::base::nil`: use the objc2 crate instead
   --> vendor/crates/gpui_macos/src/window.rs:925:22
    |
925 |         if screen == nil {
    |                      ^^^

warning: use of deprecated struct `cocoa::foundation::NSSize`: use the objc2-foundation crate instead
   --> vendor/crates/gpui_macos/src/window.rs:947:13
    |
947 |         let NSSize { width, height, .. } =
    |             ^^^^^^

warning: use of deprecated associated function `cocoa::foundation::NSAutoreleasePool::new`: use the objc2-foundation crate instead
    --> vendor/crates/gpui_macos/src/window.rs:1005:43
     |
1005 |             let pool = NSAutoreleasePool::new(nil);
     |                                           ^^^

warning: use of deprecated constant `cocoa::base::nil`: use the objc2 crate instead
    --> vendor/crates/gpui_macos/src/window.rs:1005:47
     |
1005 |             let pool = NSAutoreleasePool::new(nil);
     |                                               ^^^

warning: use of deprecated type alias `cocoa::base::id`: use the objc2 crate instead
    --> vendor/crates/gpui_macos/src/window.rs:1038:32
     |
1038 |             let native_window: id = match kind {
     |                                ^^

warning: use of deprecated constant `cocoa::base::nil`: use the objc2 crate instead
    --> vendor/crates/gpui_macos/src/window.rs:1061:37
     |
1061 |             let mut target_screen = nil;
     |                                     ^^^

warning: use of deprecated constant `cocoa::base::nil`: use the objc2 crate instead
    --> vendor/crates/gpui_macos/src/window.rs:1064:45
     |
1064 |             let screens = NSScreen::screens(nil);
     |                                             ^^^

warning: use of deprecated method `cocoa::foundation::NSArray::count`: use the objc2-foundation crate instead
    --> vendor/crates/gpui_macos/src/window.rs:1065:58
     |
1065 |             let count: u64 = cocoa::foundation::NSArray::count(screens);
     |                                                          ^^^^^

warning: use of deprecated method `cocoa::foundation::NSArray::objectAtIndex`: use the objc2-foundation crate instead
    --> vendor/crates/gpui_macos/src/window.rs:1067:58
     |
1067 |                 let screen = cocoa::foundation::NSArray::objectAtIndex(screens, i);
     |                                                          ^^^^^^^^^^^^^

warning: use of deprecated constant `cocoa::base::nil`: use the objc2 crate instead
    --> vendor/crates/gpui_macos/src/window.rs:1079:51
     |
1079 |                 let screen = NSScreen::mainScreen(nil);
     |                                                   ^^^

warning: use of deprecated struct `cocoa::foundation::NSRect`: use the objc2-foundation crate instead
    --> vendor/crates/gpui_macos/src/window.rs:1084:35
     |
1084 |             let mut window_rect = NSRect::new(
     |                                   ^^^^^^

warning: use of deprecated struct `cocoa::foundation::NSPoint`: use the objc2-foundation crate instead
    --> vendor/crates/gpui_macos/src/window.rs:1085:17
     |
1085 |                 NSPoint::new(
     |                 ^^^^^^^

warning: use of deprecated struct `cocoa::foundation::NSSize`: use the objc2-foundation crate instead
    --> vendor/crates/gpui_macos/src/window.rs:1090:17
     |
1090 |                 NSSize::new(
     |                 ^^^^^^

warning: use of deprecated struct `cocoa::foundation::NSRect`: use the objc2-foundation crate instead
    --> vendor/crates/gpui_macos/src/window.rs:1096:31
     |
1096 |                 window_rect = NSRect::new(
     |                               ^^^^^^

warning: use of deprecated struct `cocoa::foundation::NSPoint`: use the objc2-foundation crate instead
    --> vendor/crates/gpui_macos/src/window.rs:1097:21
     |
1097 |                     NSPoint::new(frame.origin.x, frame.origin.y + frame.size.height),
     |                     ^^^^^^^

warning: use of deprecated struct `cocoa::foundation::NSSize`: use the objc2-foundation crate instead
    --> vendor/crates/gpui_macos/src/window.rs:1098:21
     |
1098 |                     NSSize::new(frame.size.width, frame.size.height),
     |                     ^^^^^^

warning: use of deprecated associated function `cocoa::foundation::NSArray::arrayWithObject`: use the objc2-foundation crate instead
    --> vendor/crates/gpui_macos/src/window.rs:1116:30
     |
1116 |                     NSArray::arrayWithObject(nil, NSFilenamesPboardType)
     |                              ^^^^^^^^^^^^^^^

warning: use of deprecated constant `cocoa::base::nil`: use the objc2 crate instead
    --> vendor/crates/gpui_macos/src/window.rs:1116:46
     |
1116 |                     NSArray::arrayWithObject(nil, NSFilenamesPboardType)
     |                                              ^^^

warning: use of deprecated type alias `cocoa::base::id`: use the objc2 crate instead
    --> vendor/crates/gpui_macos/src/window.rs:1124:30
     |
1124 |             let native_view: id = msg_send![VIEW_CLASS, alloc];
     |                              ^^

warning: use of deprecated struct `cocoa::foundation::NSSize`: use the objc2-foundation crate instead
    --> vendor/crates/gpui_macos/src/window.rs:1210:50
     |
1210 |                 native_window.setContentMinSize_(NSSize {
     |                                                  ^^^^^^

warning: use of deprecated constant `cocoa::base::nil`: use the objc2 crate instead
    --> vendor/crates/gpui_macos/src/window.rs:1238:60
     |
1238 |             let app: id = NSApplication::sharedApplication(nil);
     |                                                            ^^^

warning: use of deprecated type alias `cocoa::base::id`: use the objc2 crate instead
    --> vendor/crates/gpui_macos/src/window.rs:1238:22
     |
1238 |             let app: id = NSApplication::sharedApplication(nil);
     |                      ^^

warning: use of deprecated type alias `cocoa::base::id`: use the objc2 crate instead
    --> vendor/crates/gpui_macos/src/window.rs:1239:30
     |
1239 |             let main_window: id = msg_send![app, mainWindow];
     |                              ^^

warning: use of deprecated constant `cocoa::base::nil`: use the objc2 crate instead
    --> vendor/crates/gpui_macos/src/window.rs:1262:83
     |
1262 |                         let _: () = msg_send![native_window, setTabbingIdentifier:nil];
     |                                                                                   ^^^

warning: use of deprecated type alias `cocoa::base::id`: use the objc2 crate instead
    --> vendor/crates/gpui_macos/src/window.rs:1284:47
     |
1284 | ...                   let active_sheet: id = msg_send![main_window, attachedSheet];
     |                                         ^^

warning: use of deprecated constant `cocoa::base::nil`: use the objc2 crate instead
    --> vendor/crates/gpui_macos/src/window.rs:1292:92
     |
1292 | ...                   msg_send![parent, beginSheet: native_window completionHandler: nil];
     |                                                                                      ^^^

warning: use of deprecated constant `cocoa::base::nil`: use the objc2 crate instead
    --> vendor/crates/gpui_macos/src/window.rs:1322:78
     |
1322 | ...                   let _: () = msg_send![native_window, orderFront: nil];
     |                                                                        ^^^

warning: use of deprecated constant `cocoa::base::nil`: use the objc2 crate instead
    --> vendor/crates/gpui_macos/src/window.rs:1345:53
     |
1345 |                 native_window.makeKeyAndOrderFront_(nil);
     |                                                     ^^^

warning: use of deprecated constant `cocoa::base::nil`: use the objc2 crate instead
    --> vendor/crates/gpui_macos/src/window.rs:1347:43
     |
1347 |                 native_window.orderFront_(nil);
     |                                           ^^^

warning: use of deprecated constant `cocoa::base::nil`: use the objc2 crate instead
    --> vendor/crates/gpui_macos/src/window.rs:1369:56
     |
1369 |             let app = NSApplication::sharedApplication(nil);
     |                                                        ^^^

warning: use of deprecated type alias `cocoa::base::id`: use the objc2 crate instead
    --> vendor/crates/gpui_macos/src/window.rs:1370:30
     |
1370 |             let main_window: id = msg_send![app, mainWindow];
     |                              ^^

warning: use of deprecated constant `cocoa::base::nil`: use the objc2 crate instead
    --> vendor/crates/gpui_macos/src/window.rs:1386:56
     |
1386 |             let app = NSApplication::sharedApplication(nil);
     |                                                        ^^^

warning: use of deprecated type alias `cocoa::base::id`: use the objc2 crate instead
    --> vendor/crates/gpui_macos/src/window.rs:1387:26
     |
1387 |             let windows: id = msg_send![app, orderedWindows];
     |                          ^^

warning: use of deprecated type alias `cocoa::foundation::NSUInteger`: use the objc2-foundation crate instead
    --> vendor/crates/gpui_macos/src/window.rs:1388:24
     |
1388 |             let count: NSUInteger = msg_send![windows, count];
     |                        ^^^^^^^^^^

warning: use of deprecated type alias `cocoa::base::id`: use the objc2 crate instead
    --> vendor/crates/gpui_macos/src/window.rs:1392:29
     |
1392 |                 let window: id = msg_send![windows, objectAtIndex:i];
     |                             ^^

warning: use of deprecated associated function `cocoa::foundation::NSUserDefaults::standardUserDefaults`: use the objc2-foundation crate instead
    --> vendor/crates/gpui_macos/src/window.rs:1405:48
     |
1405 |             let defaults: id = NSUserDefaults::standardUserDefaults();
     |                                                ^^^^^^^^^^^^^^^^^^^^

warning: use of deprecated type alias `cocoa::base::id`: use the objc2 crate instead
    --> vendor/crates/gpui_macos/src/window.rs:1405:27
     |
1405 |             let defaults: id = NSUserDefaults::standardUserDefaults();
     |                           ^^

warning: use of deprecated type alias `cocoa::base::id`: use the objc2 crate instead
    --> vendor/crates/gpui_macos/src/window.rs:1409:23
     |
1409 |             let dict: id = msg_send![defaults, persistentDomainForName: domain];
     |                       ^^

warning: use of deprecated constant `cocoa::base::nil`: use the objc2 crate instead
    --> vendor/crates/gpui_macos/src/window.rs:1413:17
     |
1413 |                 nil
     |                 ^^^

warning: use of deprecated type alias `cocoa::base::id`: use the objc2 crate instead
    --> vendor/crates/gpui_macos/src/window.rs:1410:24
     |
1410 |             let value: id = if !dict.is_null() {
     |                        ^^

warning: use of deprecated method `cocoa::foundation::NSString::UTF8String`: use the objc2-foundation crate instead
    --> vendor/crates/gpui_macos/src/window.rs:1417:42
     |
1417 |                 CStr::from_ptr(NSString::UTF8String(value)).to_string_lossy()
     |                                          ^^^^^^^^^^

warning: use of deprecated constant `cocoa::base::nil`: use the objc2 crate instead
    --> vendor/crates/gpui_macos/src/window.rs:1448:45
     |
1448 |             this.native_window.setDelegate_(nil);
     |                                             ^^^

warning: use of deprecated struct `cocoa::foundation::NSSize`: use the objc2-foundation crate instead
    --> vendor/crates/gpui_macos/src/window.rs:1508:44
     |
1508 |                     window.setContentSize_(NSSize {
     |                                            ^^^^^^

warning: use of deprecated constant `cocoa::base::nil`: use the objc2 crate instead
    --> vendor/crates/gpui_macos/src/window.rs:1551:68
     |
1551 |             let _: () = msg_send![native_window, toggleTabOverview:nil];
     |                                                                    ^^^

warning: use of deprecated constant `cocoa::base::nil`: use the objc2 crate instead
    --> vendor/crates/gpui_macos/src/window.rs:1569:75
     |
1569 |                 let _: () = msg_send![native_window, setTabbingIdentifier:nil];
     |                                                                           ^^^

warning: use of deprecated type alias `cocoa::base::id`: use the objc2 crate instead
    --> vendor/crates/gpui_macos/src/window.rs:1587:27
     |
1587 |             let archiver: id = msg_send![class!(NSKeyedArchiver), alloc];
     |                           ^^

warning: use of deprecated type alias `cocoa::base::id`: use the objc2 crate instead
    --> vendor/crates/gpui_macos/src/window.rs:1588:27
     |
1588 |             let archiver: id = msg_send![archiver, initRequiringSecureCoding: YES];
     |                           ^^

warning: use of deprecated type alias `cocoa::base::id`: use the objc2 crate instead
    --> vendor/crates/gpui_macos/src/window.rs:1593:27
     |
1593 |             let delegate: id = msg_send![WINDOW_STATE_ARCHIVER_DELEGATE_CLASS, new];
     |                           ^^

warning: use of deprecated constant `cocoa::base::nil`: use the objc2 crate instead
    --> vendor/crates/gpui_macos/src/window.rs:1599:58
     |
1599 |             let _: () = msg_send![archiver, setDelegate: nil];
     |                                                          ^^^

warning: use of deprecated type alias `cocoa::base::id`: use the objc2 crate instead
    --> vendor/crates/gpui_macos/src/window.rs:1601:23
     |
1601 |             let data: id = msg_send![archiver, encodedData];
     |                       ^^

warning: use of deprecated associated function `cocoa::foundation::NSData::dataWithBytes_length_`: use the objc2-foundation crate instead
    --> vendor/crates/gpui_macos/src/window.rs:1630:32
     |
1630 |             let data = NSData::dataWithBytes_length_(
     |                                ^^^^^^^^^^^^^^^^^^^^^

warning: use of deprecated constant `cocoa::base::nil`: use the objc2 crate instead
    --> vendor/crates/gpui_macos/src/window.rs:1631:17
     |
1631 |                 nil,
     |                 ^^^

warning: use of deprecated struct `cocoa::foundation::NSOperatingSystemVersion`: use the objc2-foundation crate instead
    --> vendor/crates/gpui_macos/src/window.rs:1647:43
     |
1647 |             if !is_macos_version_at_least(NSOperatingSystemVersion::new(15, 0, 0)) {
     |                                           ^^^^^^^^^^^^^^^^^^^^^^^^

warning: use of deprecated associated function `cocoa::foundation::NSUserDefaults::standardUserDefaults`: use the objc2-foundation crate instead
    --> vendor/crates/gpui_macos/src/window.rs:1649:56
     |
1649 |                     let defaults: id = NSUserDefaults::standardUserDefaults();
     |                                                        ^^^^^^^^^^^^^^^^^^^^

warning: use of deprecated type alias `cocoa::base::id`: use the objc2 crate instead
    --> vendor/crates/gpui_macos/src/window.rs:1649:35
     |
1649 |                     let defaults: id = NSUserDefaults::standardUserDefaults();
     |                                   ^^

warning: use of deprecated type alias `cocoa::base::id`: use the objc2 crate instead
    --> vendor/crates/gpui_macos/src/window.rs:1651:36
     |
1651 |                     let yes_value: id = msg_send![class!(NSNumber), numberWithBool: YES];
     |                                    ^^

warning: use of deprecated type alias `cocoa::base::id`: use the objc2 crate instead
    --> vendor/crates/gpui_macos/src/window.rs:1652:31
     |
1652 |                     let dict: id = msg_send![
     |                               ^^

warning: use of deprecated type alias `cocoa::base::id`: use the objc2 crate instead
    --> vendor/crates/gpui_macos/src/window.rs:1661:29
     |
1661 |             let unarchiver: id = msg_send![WINDOW_STATE_UNARCHIVER_CLASS, alloc];
     |                             ^^

warning: use of deprecated constant `cocoa::base::nil`: use the objc2 crate instead
    --> vendor/crates/gpui_macos/src/window.rs:1662:33
     |
1662 |             let mut error: id = nil;
     |                                 ^^^

warning: use of deprecated type alias `cocoa::base::id`: use the objc2 crate instead
    --> vendor/crates/gpui_macos/src/window.rs:1662:28
     |
1662 |             let mut error: id = nil;
     |                            ^^

warning: use of deprecated type alias `cocoa::base::id`: use the objc2 crate instead
    --> vendor/crates/gpui_macos/src/window.rs:1663:29
     |
1663 |             let unarchiver: id =
     |                             ^^

warning: use of deprecated type alias `cocoa::base::id`: use the objc2 crate instead
    --> vendor/crates/gpui_macos/src/window.rs:1673:24
     |
1673 |             let error: id = msg_send![unarchiver, error];
     |                        ^^

warning: use of deprecated type alias `cocoa::base::id`: use the objc2 crate instead
    --> vendor/crates/gpui_macos/src/window.rs:1696:29
     |
1696 |             let appearance: id = msg_send![self.0.lock().native_window, effectiveAppearance];
     |                             ^^

warning: use of deprecated type alias `cocoa::base::id`: use the objc2 crate instead
    --> vendor/crates/gpui_macos/src/window.rs:1707:37
     |
1707 |             let device_description: id = msg_send![screen, deviceDescription];
     |                                     ^^

warning: use of deprecated method `cocoa::foundation::NSDictionary::valueForKey_`: use the objc2-foundation crate instead
    --> vendor/crates/gpui_macos/src/window.rs:1709:31
     |
1709 |                 NSDictionary::valueForKey_(device_description, ns_string("NSScreenNumber"));
     |                               ^^^^^^^^^^^^

warning: use of deprecated type alias `cocoa::base::id`: use the objc2 crate instead
    --> vendor/crates/gpui_macos/src/window.rs:1708:32
     |
1708 |             let screen_number: id =
     |                                ^^

warning: use of deprecated constant `cocoa::base::nil`: use the objc2 crate instead
    --> vendor/crates/gpui_macos/src/window.rs:1876:77
     |
1876 |                         let _: () = msg_send![window, makeKeyAndOrderFront: nil];
     |                                                                             ^^^

warning: use of deprecated constant `cocoa::base::nil`: use the objc2 crate instead
    --> vendor/crates/gpui_macos/src/window.rs:1892:64
     |
1892 |                     let app = NSApplication::sharedApplication(nil);
     |                                                                ^^^

warning: use of deprecated constant `cocoa::base::nil`: use the objc2 crate instead
    --> vendor/crates/gpui_macos/src/window.rs:1914:56
     |
1914 |             let app = NSApplication::sharedApplication(nil);
     |                                                        ^^^

warning: use of deprecated type alias `cocoa::base::id`: use the objc2 crate instead
    --> vendor/crates/gpui_macos/src/window.rs:1925:24
     |
1925 |             let title: id = msg_send![self.0.lock().native_window, title];
     |                        ^^

warning: use of deprecated constant `cocoa::base::nil`: use the objc2 crate instead
    --> vendor/crates/gpui_macos/src/window.rs:1946:61
     |
1946 |                 NSColor::colorWithSRGBRed_green_blue_alpha_(nil, 0f64, 0f64, 0f64, 1f64)
     |                                                             ^^^

warning: use of deprecated constant `cocoa::base::nil`: use the objc2 crate instead
    --> vendor/crates/gpui_macos/src/window.rs:1949:61
     |
1949 |                 NSColor::colorWithSRGBRed_green_blue_alpha_(nil, 0f64, 0f64, 0f64, 0.0001)
     |                                                             ^^^

warning: use of deprecated type alias `cocoa::base::id`: use the objc2 crate instead
    --> vendor/crates/gpui_macos/src/window.rs:1961:36
     |
1961 |                 let mut blur_view: id = msg_send![BLURRED_VIEW_CLASS, alloc];
     |                                    ^^

warning: use of deprecated constant `cocoa::base::nil`: use the objc2 crate instead
    --> vendor/crates/gpui_macos/src/window.rs:1969:33
     |
1969 |                     relativeTo: nil
     |                                 ^^^

warning: use of deprecated constant `cocoa::base::nil`: use the objc2 crate instead
    --> vendor/crates/gpui_macos/src/window.rs:2013:64
     |
2013 |                     let app = NSApplication::sharedApplication(nil);
     |                                                                ^^^

warning: use of deprecated constant `cocoa::base::nil`: use the objc2 crate instead
    --> vendor/crates/gpui_macos/src/window.rs:2023:33
     |
2023 |             window.miniaturize_(nil);
     |                                 ^^^

warning: use of deprecated constant `cocoa::base::nil`: use the objc2 crate instead
    --> vendor/crates/gpui_macos/src/window.rs:2034:34
     |
2034 |                     window.zoom_(nil);
     |                                  ^^^

warning: use of deprecated constant `cocoa::base::nil`: use the objc2 crate instead
    --> vendor/crates/gpui_macos/src/window.rs:2047:46
     |
2047 |                     window.toggleFullScreen_(nil);
     |                                              ^^^

warning: use of deprecated type alias `cocoa::base::id`: use the objc2 crate instead
    --> vendor/crates/gpui_macos/src/window.rs:2066:58
     |
2066 | ...                   lock.native_view.as_ptr() as id,
     |                                                    ^^

warning: use of deprecated type alias `cocoa::base::id`: use the objc2 crate instead
    --> vendor/crates/gpui_macos/src/window.rs:2138:26
     |
2138 |             let windows: id = msg_send![self.0.lock().native_window, tabbedWindows];
     |                          ^^

warning: use of deprecated type alias `cocoa::foundation::NSUInteger`: use the objc2-foundation crate instead
    --> vendor/crates/gpui_macos/src/window.rs:2143:24
     |
2143 |             let count: NSUInteger = msg_send![windows, count];
     |                        ^^^^^^^^^^

warning: use of deprecated type alias `cocoa::base::id`: use the objc2 crate instead
    --> vendor/crates/gpui_macos/src/window.rs:2146:29
     |
2146 |                 let window: id = msg_send![windows, objectAtIndex:i];
     |                             ^^

warning: use of deprecated type alias `cocoa::base::id`: use the objc2 crate instead
    --> vendor/crates/gpui_macos/src/window.rs:2149:32
     |
2149 |                     let title: id = msg_send![window, title];
     |                                ^^

warning: use of deprecated type alias `cocoa::base::id`: use the objc2 crate instead
    --> vendor/crates/gpui_macos/src/window.rs:2162:28
     |
2162 |             let tab_group: id = msg_send![self.0.lock().native_window, tabGroup];
     |                            ^^

warning: use of deprecated type alias `cocoa::base::id`: use the objc2 crate instead
    --> vendor/crates/gpui_macos/src/window.rs:2210:40
     |
2210 |                     let input_context: id =
     |                                        ^^

warning: use of deprecated associated function `cocoa::foundation::NSUserDefaults::standardUserDefaults`: use the objc2-foundation crate instead
    --> vendor/crates/gpui_macos/src/window.rs:2232:60
     |
2232 |                         let defaults: id = NSUserDefaults::standardUserDefaults();
     |                                                            ^^^^^^^^^^^^^^^^^^^^

warning: use of deprecated type alias `cocoa::base::id`: use the objc2 crate instead
    --> vendor/crates/gpui_macos/src/window.rs:2232:39
     |
2232 |                         let defaults: id = NSUserDefaults::standardUserDefaults();
     |                                       ^^

warning: use of deprecated type alias `cocoa::base::id`: use the objc2 crate instead
    --> vendor/crates/gpui_macos/src/window.rs:2236:35
     |
2236 |                         let dict: id = msg_send![defaults, persistentDomainForName: domain];
     |                                   ^^

warning: use of deprecated constant `cocoa::base::nil`: use the objc2 crate instead
    --> vendor/crates/gpui_macos/src/window.rs:2240:29
     |
2240 | ...                   nil
     |                       ^^^

warning: use of deprecated type alias `cocoa::base::id`: use the objc2 crate instead
    --> vendor/crates/gpui_macos/src/window.rs:2237:37
     |
2237 |                         let action: id = if !dict.is_null() {
     |                                     ^^

warning: use of deprecated method `cocoa::foundation::NSString::UTF8String`: use the objc2-foundation crate instead
    --> vendor/crates/gpui_macos/src/window.rs:2244:54
     |
2244 | ...                   CStr::from_ptr(NSString::UTF8String(action)).to_string_lossy()
     |                                                ^^^^^^^^^^

warning: use of deprecated constant `cocoa::base::nil`: use the objc2 crate instead
    --> vendor/crates/gpui_macos/src/window.rs:2255:57
     |
2255 | ...                   window.miniaturize_(nil);
     |                                           ^^^

warning: use of deprecated constant `cocoa::base::nil`: use the objc2 crate instead
    --> vendor/crates/gpui_macos/src/window.rs:2260:50
     |
2260 | ...                   window.zoom_(nil);
     |                                    ^^^

warning: use of deprecated constant `cocoa::base::nil`: use the objc2 crate instead
    --> vendor/crates/gpui_macos/src/window.rs:2270:82
     |
2270 | ...                   let _: () = msg_send![window, _zoomFill: nil];
     |                                                                ^^^

warning: use of deprecated constant `cocoa::base::nil`: use the objc2 crate instead
    --> vendor/crates/gpui_macos/src/window.rs:2272:54
     |
2272 | ...                   window.zoom_(nil);
     |                                    ^^^

warning: use of deprecated constant `cocoa::base::nil`: use the objc2 crate instead
    --> vendor/crates/gpui_macos/src/window.rs:2278:50
     |
2278 | ...                   window.zoom_(nil);
     |                                    ^^^

warning: use of deprecated constant `cocoa::base::nil`: use the objc2 crate instead
    --> vendor/crates/gpui_macos/src/window.rs:2296:56
     |
2296 |             let app = NSApplication::sharedApplication(nil);
     |                                                        ^^^

warning: use of deprecated type alias `cocoa::base::id`: use the objc2 crate instead
    --> vendor/crates/gpui_macos/src/window.rs:2297:24
     |
2297 |             let event: id = msg_send![app, currentEvent];
     |                        ^^

warning: use of deprecated type alias `cocoa::base::id`: use the objc2 crate instead
    --> vendor/crates/gpui_macos/src/window.rs:2333:24
     |
2333 |             let event: id = Retained::as_ptr(&last_left_mouse_down_event)
     |                        ^^

warning: use of deprecated type alias `cocoa::base::id`: use the objc2 crate instead
    --> vendor/crates/gpui_macos/src/window.rs:2336:33
     |
2336 |             let dragging_items: id = msg_send![class!(NSMutableArray), array];
     |                                 ^^

warning: use of deprecated struct `cocoa::foundation::NSPoint`: use the objc2-foundation crate instead
    --> vendor/crates/gpui_macos/src/window.rs:2339:46
     |
2339 |             let location: cocoa::foundation::NSPoint = msg_send![event, locationInWindow];
     |                                              ^^^^^^^

warning: use of deprecated type alias `cocoa::foundation::NSUInteger`: use the objc2-foundation crate instead
    --> vendor/crates/gpui_macos/src/window.rs:2399:24
     |
2399 |             let count: NSUInteger = msg_send![dragging_items, count];
     |                        ^^^^^^^^^^

warning: use of deprecated type alias `cocoa::base::id`: use the objc2 crate instead
    --> vendor/crates/gpui_macos/src/window.rs:2405:26
     |
2405 |             let session: id = msg_send![
     |                          ^^

warning: use of deprecated type alias `cocoa::base::id`: use the objc2 crate instead
 --> vendor/crates/gpui_macos/src/window_appearance.rs:3:11
  |
3 |     base::id,
  |           ^^

warning: use of deprecated trait `cocoa::foundation::NSString`: use the objc2-foundation crate instead
 --> vendor/crates/gpui_macos/src/window_appearance.rs:4:17
  |
4 |     foundation::NSString,
  |                 ^^^^^^^^

warning: use of deprecated type alias `cocoa::base::id`: use the objc2 crate instead
  --> vendor/crates/gpui_macos/src/window_appearance.rs:10:64
   |
10 | pub(crate) unsafe fn window_appearance_from_native(appearance: id) -> WindowAppearance {
   |                                                                ^^

warning: use of deprecated type alias `cocoa::base::id`: use the objc2 crate instead
  --> vendor/crates/gpui_macos/src/window_appearance.rs:11:15
   |
11 |     let name: id = msg_send![appearance, name];
   |               ^^

warning: use of deprecated type alias `cocoa::base::id`: use the objc2 crate instead
  --> vendor/crates/gpui_macos/src/window_appearance.rs:33:38
   |
33 |     pub static NSAppearanceNameAqua: id;
   |                                      ^^

warning: use of deprecated type alias `cocoa::base::id`: use the objc2 crate instead
  --> vendor/crates/gpui_macos/src/window_appearance.rs:34:42
   |
34 |     pub static NSAppearanceNameDarkAqua: id;
   |                                          ^^

warning: use of deprecated method `cocoa::foundation::NSDictionary::objectForKey_`: use the objc2-foundation crate instead
  --> vendor/crates/gpui_macos/src/display.rs:41:52
   |
41 |             let screen_number = device_description.objectForKey_(screen_number_key);
   |                                                    ^^^^^^^^^^^^^

warning: use of deprecated field `cocoa::foundation::NSRect::size`: use the objc2-foundation crate instead
   --> vendor/crates/gpui_macos/src/display.rs:134:17
    |
134 |                 screen_frame.size.height - visible_frame.origin.y - visible_frame.size.height
    |                 ^^^^^^^^^^^^^^^^^

warning: use of deprecated field `cocoa::foundation::NSSize::height`: use the objc2-foundation crate instead
   --> vendor/crates/gpui_macos/src/display.rs:134:17
    |
134 |                 screen_frame.size.height - visible_frame.origin.y - visible_frame.size.height
    |                 ^^^^^^^^^^^^^^^^^^^^^^^^

warning: use of deprecated field `cocoa::foundation::NSRect::origin`: use the objc2-foundation crate instead
   --> vendor/crates/gpui_macos/src/display.rs:134:44
    |
134 |                 screen_frame.size.height - visible_frame.origin.y - visible_frame.size.height
    |                                            ^^^^^^^^^^^^^^^^^^^^

warning: use of deprecated field `cocoa::foundation::NSPoint::y`: use the objc2-foundation crate instead
   --> vendor/crates/gpui_macos/src/display.rs:134:44
    |
134 |                 screen_frame.size.height - visible_frame.origin.y - visible_frame.size.height
    |                                            ^^^^^^^^^^^^^^^^^^^^^^

warning: use of deprecated field `cocoa::foundation::NSRect::size`: use the objc2-foundation crate instead
   --> vendor/crates/gpui_macos/src/display.rs:134:69
    |
134 |                 screen_frame.size.height - visible_frame.origin.y - visible_frame.size.height
    |                                                                     ^^^^^^^^^^^^^^^^^^

warning: use of deprecated field `cocoa::foundation::NSSize::height`: use the objc2-foundation crate instead
   --> vendor/crates/gpui_macos/src/display.rs:134:69
    |
134 |                 screen_frame.size.height - visible_frame.origin.y - visible_frame.size.height
    |                                                                     ^^^^^^^^^^^^^^^^^^^^^^^^^

warning: use of deprecated field `cocoa::foundation::NSRect::origin`: use the objc2-foundation crate instead
   --> vendor/crates/gpui_macos/src/display.rs:135:23
    |
135 |                     + screen_frame.origin.y;
    |                       ^^^^^^^^^^^^^^^^^^^

warning: use of deprecated field `cocoa::foundation::NSPoint::y`: use the objc2-foundation crate instead
   --> vendor/crates/gpui_macos/src/display.rs:135:23
    |
135 |                     + screen_frame.origin.y;
    |                       ^^^^^^^^^^^^^^^^^^^^^

warning: use of deprecated field `cocoa::foundation::NSRect::origin`: use the objc2-foundation crate instead
   --> vendor/crates/gpui_macos/src/display.rs:139:24
    |
139 |                     px(visible_frame.origin.x as f32 - screen_frame.origin.x as f32),
    |                        ^^^^^^^^^^^^^^^^^^^^

warning: use of deprecated field `cocoa::foundation::NSPoint::x`: use the objc2-foundation crate instead
   --> vendor/crates/gpui_macos/src/display.rs:139:24
    |
139 |                     px(visible_frame.origin.x as f32 - screen_frame.origin.x as f32),
    |                        ^^^^^^^^^^^^^^^^^^^^^^

warning: use of deprecated field `cocoa::foundation::NSRect::origin`: use the objc2-foundation crate instead
   --> vendor/crates/gpui_macos/src/display.rs:139:56
    |
139 |                     px(visible_frame.origin.x as f32 - screen_frame.origin.x as f32),
    |                                                        ^^^^^^^^^^^^^^^^^^^

warning: use of deprecated field `cocoa::foundation::NSPoint::x`: use the objc2-foundation crate instead
   --> vendor/crates/gpui_macos/src/display.rs:139:56
    |
139 |                     px(visible_frame.origin.x as f32 - screen_frame.origin.x as f32),
    |                                                        ^^^^^^^^^^^^^^^^^^^^^

warning: use of deprecated field `cocoa::foundation::NSRect::size`: use the objc2-foundation crate instead
   --> vendor/crates/gpui_macos/src/display.rs:143:24
    |
143 |                     px(visible_frame.size.width as f32),
    |                        ^^^^^^^^^^^^^^^^^^

warning: use of deprecated field `cocoa::foundation::NSSize::width`: use the objc2-foundation crate instead
   --> vendor/crates/gpui_macos/src/display.rs:143:24
    |
143 |                     px(visible_frame.size.width as f32),
    |                        ^^^^^^^^^^^^^^^^^^^^^^^^

warning: use of deprecated field `cocoa::foundation::NSRect::size`: use the objc2-foundation crate instead
   --> vendor/crates/gpui_macos/src/display.rs:144:24
    |
144 |                     px(visible_frame.size.height as f32),
    |                        ^^^^^^^^^^^^^^^^^^

warning: use of deprecated field `cocoa::foundation::NSSize::height`: use the objc2-foundation crate instead
   --> vendor/crates/gpui_macos/src/display.rs:144:24
    |
144 |                     px(visible_frame.size.height as f32),
    |                        ^^^^^^^^^^^^^^^^^^^^^^^^^

warning: use of deprecated method `cocoa::foundation::NSDictionary::objectForKey_`: use the objc2-foundation crate instead
   --> vendor/crates/gpui_macos/src/display.rs:161:61
    |
161 |             let screen_number = unsafe { device_description.objectForKey_(screen_number_key) };
    |                                                             ^^^^^^^^^^^^^

warning: use of deprecated field `cocoa::foundation::NSPoint::x`: use the objc2-foundation crate instead
   --> vendor/crates/gpui_macos/src/events.rs:155:32
    |
155 | ...                   px(native_event.locationInWindow().x as f32),
    |                          ^^^^^^^^^^^^^^^^^^^^^^^^^^^^^^^^^

warning: use of deprecated field `cocoa::foundation::NSPoint::y`: use the objc2-foundation crate instead
   --> vendor/crates/gpui_macos/src/events.rs:157:48
    |
157 | ...                   window_height - px(native_event.locationInWindow().y as f32),
    |                                          ^^^^^^^^^^^^^^^^^^^^^^^^^^^^^^^^^

warning: use of deprecated field `cocoa::foundation::NSPoint::x`: use the objc2-foundation crate instead
   --> vendor/crates/gpui_macos/src/events.rs:182:32
    |
182 | ...                   px(native_event.locationInWindow().x as f32),
    |                          ^^^^^^^^^^^^^^^^^^^^^^^^^^^^^^^^^

warning: use of deprecated field `cocoa::foundation::NSPoint::y`: use the objc2-foundation crate instead
   --> vendor/crates/gpui_macos/src/events.rs:183:48
    |
183 | ...                   window_height - px(native_event.locationInWindow().y as f32),
    |                                          ^^^^^^^^^^^^^^^^^^^^^^^^^^^^^^^^^

warning: use of deprecated field `cocoa::foundation::NSPoint::x`: use the objc2-foundation crate instead
   --> vendor/crates/gpui_macos/src/events.rs:204:32
    |
204 | ...                   px(native_event.locationInWindow().x as f32),
    |                          ^^^^^^^^^^^^^^^^^^^^^^^^^^^^^^^^^

warning: use of deprecated field `cocoa::foundation::NSPoint::y`: use the objc2-foundation crate instead
   --> vendor/crates/gpui_macos/src/events.rs:205:48
    |
205 | ...                   window_height - px(native_event.locationInWindow().y as f32),
    |                                          ^^^^^^^^^^^^^^^^^^^^^^^^^^^^^^^^^

warning: use of deprecated field `cocoa::foundation::NSPoint::x`: use the objc2-foundation crate instead
   --> vendor/crates/gpui_macos/src/events.rs:226:36
    |
226 | ...                   px(native_event.locationInWindow().x as f32),
    |                          ^^^^^^^^^^^^^^^^^^^^^^^^^^^^^^^^^

warning: use of deprecated field `cocoa::foundation::NSPoint::y`: use the objc2-foundation crate instead
   --> vendor/crates/gpui_macos/src/events.rs:227:52
    |
227 | ...                   window_height - px(native_event.locationInWindow().y as f32),
    |                                          ^^^^^^^^^^^^^^^^^^^^^^^^^^^^^^^^^

warning: use of deprecated field `cocoa::foundation::NSPoint::x`: use the objc2-foundation crate instead
   --> vendor/crates/gpui_macos/src/events.rs:250:28
    |
250 |                         px(native_event.locationInWindow().x as f32),
    |                            ^^^^^^^^^^^^^^^^^^^^^^^^^^^^^^^^^

warning: use of deprecated field `cocoa::foundation::NSPoint::y`: use the objc2-foundation crate instead
   --> vendor/crates/gpui_macos/src/events.rs:251:44
    |
251 |                         window_height - px(native_event.locationInWindow().y as f32),
    |                                            ^^^^^^^^^^^^^^^^^^^^^^^^^^^^^^^^^

warning: use of deprecated field `cocoa::foundation::NSPoint::x`: use the objc2-foundation crate instead
   --> vendor/crates/gpui_macos/src/events.rs:280:28
    |
280 |                         px(native_event.locationInWindow().x as f32),
    |                            ^^^^^^^^^^^^^^^^^^^^^^^^^^^^^^^^^

warning: use of deprecated field `cocoa::foundation::NSPoint::y`: use the objc2-foundation crate instead
   --> vendor/crates/gpui_macos/src/events.rs:281:44
    |
281 |                         window_height - px(native_event.locationInWindow().y as f32),
    |                                            ^^^^^^^^^^^^^^^^^^^^^^^^^^^^^^^^^

warning: use of deprecated field `cocoa::foundation::NSPoint::x`: use the objc2-foundation crate instead
   --> vendor/crates/gpui_macos/src/events.rs:305:32
    |
305 | ...                   px(native_event.locationInWindow().x as f32),
    |                          ^^^^^^^^^^^^^^^^^^^^^^^^^^^^^^^^^

warning: use of deprecated field `cocoa::foundation::NSPoint::y`: use the objc2-foundation crate instead
   --> vendor/crates/gpui_macos/src/events.rs:306:48
    |
306 | ...                   window_height - px(native_event.locationInWindow().y as f32),
    |                                          ^^^^^^^^^^^^^^^^^^^^^^^^^^^^^^^^^

warning: use of deprecated field `cocoa::foundation::NSPoint::x`: use the objc2-foundation crate instead
   --> vendor/crates/gpui_macos/src/events.rs:315:28
    |
315 |                         px(native_event.locationInWindow().x as f32),
    |                            ^^^^^^^^^^^^^^^^^^^^^^^^^^^^^^^^^

warning: use of deprecated field `cocoa::foundation::NSPoint::y`: use the objc2-foundation crate instead
   --> vendor/crates/gpui_macos/src/events.rs:316:44
    |
316 |                         window_height - px(native_event.locationInWindow().y as f32),
    |                                            ^^^^^^^^^^^^^^^^^^^^^^^^^^^^^^^^^

warning: use of deprecated field `cocoa::foundation::NSPoint::x`: use the objc2-foundation crate instead
   --> vendor/crates/gpui_macos/src/events.rs:325:28
    |
325 |                         px(native_event.locationInWindow().x as f32),
    |                            ^^^^^^^^^^^^^^^^^^^^^^^^^^^^^^^^^

warning: use of deprecated field `cocoa::foundation::NSPoint::y`: use the objc2-foundation crate instead
   --> vendor/crates/gpui_macos/src/events.rs:326:44
    |
326 |                         window_height - px(native_event.locationInWindow().y as f32),
    |                                            ^^^^^^^^^^^^^^^^^^^^^^^^^^^^^^^^^

warning: use of deprecated method `cocoa::foundation::NSFastEnumeration::iter`: use the objc2-foundation crate instead
  --> vendor/crates/gpui_macos/src/pasteboard.rs:58:39
   |
58 |                 for file in filenames.iter() {
   |                                       ^^^^

warning: use of deprecated method `cocoa::foundation::NSData::bytes`: use the objc2-foundation crate instead
   --> vendor/crates/gpui_macos/src/pasteboard.rs:149:28
    |
149 |             } else if data.bytes().is_null() {
    |                            ^^^^^

warning: use of deprecated method `cocoa::foundation::NSData::bytes`: use the objc2-foundation crate instead
   --> vendor/crates/gpui_macos/src/pasteboard.rs:153:48
    |
153 |                     slice::from_raw_parts(data.bytes() as *mut u8, data.length() as usize).to_vec(),
    |                                                ^^^^^

warning: use of deprecated method `cocoa::foundation::NSData::length`: use the objc2-foundation crate instead
   --> vendor/crates/gpui_macos/src/pasteboard.rs:153:73
    |
153 |                     slice::from_raw_parts(data.bytes() as *mut u8, data.length() as usize).to_vec(),
    |                                                                         ^^^^^^

warning: use of deprecated method `cocoa::foundation::NSAutoreleasePool::autorelease`: use the objc2-foundation crate instead
   --> vendor/crates/gpui_macos/src/platform.rs:268:53
    |
268 |             let application_menu = NSMenu::new(nil).autorelease();
    |                                                     ^^^^^^^^^^^

warning: use of deprecated method `cocoa::foundation::NSAutoreleasePool::autorelease`: use the objc2-foundation crate instead
   --> vendor/crates/gpui_macos/src/platform.rs:272:45
    |
272 |                 let menu = NSMenu::new(nil).autorelease();
    |                                             ^^^^^^^^^^^

warning: use of deprecated method `cocoa::foundation::NSAutoreleasePool::autorelease`: use the objc2-foundation crate instead
   --> vendor/crates/gpui_macos/src/platform.rs:286:54
    |
286 |                 let menu_item = NSMenuItem::new(nil).autorelease();
    |                                                      ^^^^^^^^^^^

warning: use of deprecated method `cocoa::foundation::NSAutoreleasePool::autorelease`: use the objc2-foundation crate instead
   --> vendor/crates/gpui_macos/src/platform.rs:411:34
    |
411 | ...                   .autorelease();
    |                        ^^^^^^^^^^^

warning: use of deprecated method `cocoa::foundation::NSAutoreleasePool::autorelease`: use the objc2-foundation crate instead
   --> vendor/crates/gpui_macos/src/platform.rs:423:34
    |
423 | ...                   .autorelease();
    |                        ^^^^^^^^^^^

warning: use of deprecated method `cocoa::foundation::NSAutoreleasePool::autorelease`: use the objc2-foundation crate instead
   --> vendor/crates/gpui_macos/src/platform.rs:432:30
    |
432 | ...                   .autorelease();
    |                        ^^^^^^^^^^^

warning: use of deprecated method `cocoa::foundation::NSAutoreleasePool::autorelease`: use the objc2-foundation crate instead
   --> vendor/crates/gpui_macos/src/platform.rs:450:53
    |
450 |                     let item = NSMenuItem::new(nil).autorelease();
    |                                                     ^^^^^^^^^^^

warning: use of deprecated method `cocoa::foundation::NSAutoreleasePool::autorelease`: use the objc2-foundation crate instead
   --> vendor/crates/gpui_macos/src/platform.rs:451:52
    |
451 |                     let submenu = NSMenu::new(nil).autorelease();
    |                                                    ^^^^^^^^^^^

warning: use of deprecated method `cocoa::foundation::NSAutoreleasePool::autorelease`: use the objc2-foundation crate instead
   --> vendor/crates/gpui_macos/src/platform.rs:462:53
    |
462 |                     let item = NSMenuItem::new(nil).autorelease();
    |                                                     ^^^^^^^^^^^

warning: use of deprecated method `cocoa::foundation::NSAutoreleasePool::autorelease`: use the objc2-foundation crate instead
   --> vendor/crates/gpui_macos/src/platform.rs:463:52
    |
463 |                     let submenu = NSMenu::new(nil).autorelease();
    |                                                    ^^^^^^^^^^^

warning: use of deprecated method `cocoa::foundation::NSProcessInfo::operatingSystemVersion`: use the objc2-foundation crate instead
   --> vendor/crates/gpui_macos/src/platform.rs:484:26
    |
484 |             process_info.operatingSystemVersion()
    |                          ^^^^^^^^^^^^^^^^^^^^^^

warning: use of deprecated field `cocoa::foundation::NSOperatingSystemVersion::majorVersion`: use the objc2-foundation crate instead
   --> vendor/crates/gpui_macos/src/platform.rs:487:13
    |
487 |             version.majorVersion,
    |             ^^^^^^^^^^^^^^^^^^^^

warning: use of deprecated field `cocoa::foundation::NSOperatingSystemVersion::minorVersion`: use the objc2-foundation crate instead
   --> vendor/crates/gpui_macos/src/platform.rs:488:13
    |
488 |             version.minorVersion,
    |             ^^^^^^^^^^^^^^^^^^^^

warning: use of deprecated field `cocoa::foundation::NSOperatingSystemVersion::patchVersion`: use the objc2-foundation crate instead
   --> vendor/crates/gpui_macos/src/platform.rs:489:13
    |
489 |             version.patchVersion,
    |             ^^^^^^^^^^^^^^^^^^^^

warning: use of deprecated method `cocoa::foundation::NSAutoreleasePool::drain`: use the objc2-foundation crate instead
   --> vendor/crates/gpui_macos/src/platform.rs:551:18
    |
551 |             pool.drain();
    |                  ^^^^^

warning: use of deprecated method `cocoa::foundation::NSURL::initWithString_`: use the objc2-foundation crate instead
   --> vendor/crates/gpui_macos/src/platform.rs:746:44
    |
746 |             let ns_url = NSURL::alloc(nil).initWithString_(ns_string(url));
    |                                            ^^^^^^^^^^^^^^^

warning: use of deprecated method `cocoa::foundation::NSAutoreleasePool::autorelease`: use the objc2-foundation crate instead
   --> vendor/crates/gpui_macos/src/platform.rs:751:30
    |
751 |             let url = ns_url.autorelease();
    |                              ^^^^^^^^^^^

warning: use of deprecated method `cocoa::foundation::NSString::UTF8String`: use the objc2-foundation crate instead
    --> vendor/crates/gpui_macos/src/platform.rs:1282:31
     |
1282 |     let bytes = unsafe { path.UTF8String() as *const u8 };
     |                               ^^^^^^^^^^

warning: use of deprecated method `cocoa::foundation::NSArray::count`: use the objc2-foundation crate instead
    --> vendor/crates/gpui_macos/src/platform.rs:1485:18
     |
1485 |         (0..urls.count())
     |                  ^^^^^

warning: use of deprecated method `cocoa::foundation::NSArray::objectAtIndex`: use the objc2-foundation crate instead
    --> vendor/crates/gpui_macos/src/platform.rs:1487:32
     |
1487 |                 let url = urls.objectAtIndex(i);
     |                                ^^^^^^^^^^^^^

warning: use of deprecated method `cocoa::foundation::NSURL::absoluteString`: use the objc2-foundation crate instead
    --> vendor/crates/gpui_macos/src/platform.rs:1488:42
     |
1488 |                 match CStr::from_ptr(url.absoluteString().UTF8String() as *mut c_char).to_str() {
     |                                          ^^^^^^^^^^^^^^

warning: use of deprecated method `cocoa::foundation::NSString::UTF8String`: use the objc2-foundation crate instead
    --> vendor/crates/gpui_macos/src/platform.rs:1488:59
     |
1488 |                 match CStr::from_ptr(url.absoluteString().UTF8String() as *mut c_char).to_str() {
     |                                                           ^^^^^^^^^^

warning: use of deprecated method `cocoa::foundation::NSURL::absoluteString`: use the objc2-foundation crate instead
    --> vendor/crates/gpui_macos/src/platform.rs:1574:28
     |
1574 |         CStr::from_ptr(url.absoluteString().UTF8String()).to_string_lossy()
     |                            ^^^^^^^^^^^^^^

warning: use of deprecated method `cocoa::foundation::NSString::UTF8String`: use the objc2-foundation crate instead
    --> vendor/crates/gpui_macos/src/platform.rs:1574:45
     |
1574 |         CStr::from_ptr(url.absoluteString().UTF8String()).to_string_lossy()
     |                                             ^^^^^^^^^^

warning: use of deprecated associated function `cocoa::foundation::NSOperatingSystemVersion::new`: use the objc2-foundation crate instead
   --> vendor/crates/gpui_macos/src/window.rs:371:61
    |
371 |     if !is_macos_version_at_least(NSOperatingSystemVersion::new(15, 0, 0)) {
    |                                                             ^^^

warning: use of deprecated field `cocoa::foundation::NSPoint::x`: use the objc2-foundation crate instead
   --> vendor/crates/gpui_macos/src/window.rs:390:12
    |
390 |         px(position.x as f32),
    |            ^^^^^^^^^^

warning: use of deprecated field `cocoa::foundation::NSPoint::y`: use the objc2-foundation crate instead
   --> vendor/crates/gpui_macos/src/window.rs:392:28
    |
392 |         window_height - px(position.y as f32),
    |                            ^^^^^^^^^^

warning: use of deprecated field `cocoa::foundation::NSRect::size`: use the objc2-foundation crate instead
   --> vendor/crates/gpui_macos/src/window.rs:877:44
    |
877 |             let NSSize { width, height } = rect.size;
    |                                            ^^^^^^^^^

warning: use of deprecated field `cocoa::foundation::NSSize::width`: use the objc2-foundation crate instead
   --> vendor/crates/gpui_macos/src/window.rs:877:26
    |
877 |             let NSSize { width, height } = rect.size;
    |                          ^^^^^

warning: use of deprecated field `cocoa::foundation::NSSize::height`: use the objc2-foundation crate instead
   --> vendor/crates/gpui_macos/src/window.rs:877:33
    |
877 |             let NSSize { width, height } = rect.size;
    |                                 ^^^^^^

warning: use of deprecated field `cocoa::foundation::NSRect::origin`: use the objc2-foundation crate instead
   --> vendor/crates/gpui_macos/src/window.rs:931:9
    |
931 |         window_frame.origin.y =
    |         ^^^^^^^^^^^^^^^^^^^

warning: use of deprecated field `cocoa::foundation::NSPoint::y`: use the objc2-foundation crate instead
   --> vendor/crates/gpui_macos/src/window.rs:931:9
    |
931 |         window_frame.origin.y =
    |         ^^^^^^^^^^^^^^^^^^^^^

warning: use of deprecated field `cocoa::foundation::NSRect::size`: use the objc2-foundation crate instead
   --> vendor/crates/gpui_macos/src/window.rs:932:13
    |
932 |             screen_frame.size.height - window_frame.origin.y - window_frame.size.height;
    |             ^^^^^^^^^^^^^^^^^

warning: use of deprecated field `cocoa::foundation::NSSize::height`: use the objc2-foundation crate instead
   --> vendor/crates/gpui_macos/src/window.rs:932:13
    |
932 |             screen_frame.size.height - window_frame.origin.y - window_frame.size.height;
    |             ^^^^^^^^^^^^^^^^^^^^^^^^

warning: use of deprecated field `cocoa::foundation::NSRect::origin`: use the objc2-foundation crate instead
   --> vendor/crates/gpui_macos/src/window.rs:932:40
    |
932 |             screen_frame.size.height - window_frame.origin.y - window_frame.size.height;
    |                                        ^^^^^^^^^^^^^^^^^^^

warning: use of deprecated field `cocoa::foundation::NSPoint::y`: use the objc2-foundation crate instead
   --> vendor/crates/gpui_macos/src/window.rs:932:40
    |
932 |             screen_frame.size.height - window_frame.origin.y - window_frame.size.height;
    |                                        ^^^^^^^^^^^^^^^^^^^^^

warning: use of deprecated field `cocoa::foundation::NSRect::size`: use the objc2-foundation crate instead
   --> vendor/crates/gpui_macos/src/window.rs:932:64
    |
932 |             screen_frame.size.height - window_frame.origin.y - window_frame.size.height;
    |                                                                ^^^^^^^^^^^^^^^^^

warning: use of deprecated field `cocoa::foundation::NSSize::height`: use the objc2-foundation crate instead
   --> vendor/crates/gpui_macos/src/window.rs:932:64
    |
932 |             screen_frame.size.height - window_frame.origin.y - window_frame.size.height;
    |                                                                ^^^^^^^^^^^^^^^^^^^^^^^^

warning: use of deprecated field `cocoa::foundation::NSRect::origin`: use the objc2-foundation crate instead
   --> vendor/crates/gpui_macos/src/window.rs:936:21
    |
936 |                 px((window_frame.origin.x - screen_frame.origin.x) as f32),
    |                     ^^^^^^^^^^^^^^^^^^^

warning: use of deprecated field `cocoa::foundation::NSPoint::x`: use the objc2-foundation crate instead
   --> vendor/crates/gpui_macos/src/window.rs:936:21
    |
936 |                 px((window_frame.origin.x - screen_frame.origin.x) as f32),
    |                     ^^^^^^^^^^^^^^^^^^^^^

warning: use of deprecated field `cocoa::foundation::NSRect::origin`: use the objc2-foundation crate instead
   --> vendor/crates/gpui_macos/src/window.rs:936:45
    |
936 |                 px((window_frame.origin.x - screen_frame.origin.x) as f32),
    |                                             ^^^^^^^^^^^^^^^^^^^

warning: use of deprecated field `cocoa::foundation::NSPoint::x`: use the objc2-foundation crate instead
   --> vendor/crates/gpui_macos/src/window.rs:936:45
    |
936 |                 px((window_frame.origin.x - screen_frame.origin.x) as f32),
    |                                             ^^^^^^^^^^^^^^^^^^^^^

warning: use of deprecated field `cocoa::foundation::NSRect::origin`: use the objc2-foundation crate instead
   --> vendor/crates/gpui_macos/src/window.rs:937:21
    |
937 |                 px((window_frame.origin.y + screen_frame.origin.y) as f32),
    |                     ^^^^^^^^^^^^^^^^^^^

warning: use of deprecated field `cocoa::foundation::NSPoint::y`: use the objc2-foundation crate instead
   --> vendor/crates/gpui_macos/src/window.rs:937:21
    |
937 |                 px((window_frame.origin.y + screen_frame.origin.y) as f32),
    |                     ^^^^^^^^^^^^^^^^^^^^^

warning: use of deprecated field `cocoa::foundation::NSRect::origin`: use the objc2-foundation crate instead
   --> vendor/crates/gpui_macos/src/window.rs:937:45
    |
937 |                 px((window_frame.origin.y + screen_frame.origin.y) as f32),
    |                                             ^^^^^^^^^^^^^^^^^^^

warning: use of deprecated field `cocoa::foundation::NSPoint::y`: use the objc2-foundation crate instead
   --> vendor/crates/gpui_macos/src/window.rs:937:45
    |
937 |                 px((window_frame.origin.y + screen_frame.origin.y) as f32),
    |                                             ^^^^^^^^^^^^^^^^^^^^^

warning: use of deprecated field `cocoa::foundation::NSRect::size`: use the objc2-foundation crate instead
   --> vendor/crates/gpui_macos/src/window.rs:940:20
    |
940 |                 px(window_frame.size.width as f32),
    |                    ^^^^^^^^^^^^^^^^^

warning: use of deprecated field `cocoa::foundation::NSSize::width`: use the objc2-foundation crate instead
   --> vendor/crates/gpui_macos/src/window.rs:940:20
    |
940 |                 px(window_frame.size.width as f32),
    |                    ^^^^^^^^^^^^^^^^^^^^^^^

warning: use of deprecated field `cocoa::foundation::NSRect::size`: use the objc2-foundation crate instead
   --> vendor/crates/gpui_macos/src/window.rs:941:20
    |
941 |                 px(window_frame.size.height as f32),
    |                    ^^^^^^^^^^^^^^^^^

warning: use of deprecated field `cocoa::foundation::NSSize::height`: use the objc2-foundation crate instead
   --> vendor/crates/gpui_macos/src/window.rs:941:20
    |
941 |                 px(window_frame.size.height as f32),
    |                    ^^^^^^^^^^^^^^^^^^^^^^^^

warning: use of deprecated field `cocoa::foundation::NSRect::size`: use the objc2-foundation crate instead
   --> vendor/crates/gpui_macos/src/window.rs:948:13
    |
948 |             unsafe { NSView::frame(self.native_window.contentView()) }.size;
    |             ^^^^^^^^^^^^^^^^^^^^^^^^^^^^^^^^^^^^^^^^^^^^^^^^^^^^^^^^^^^^^^^

warning: use of deprecated field `cocoa::foundation::NSSize::width`: use the objc2-foundation crate instead
   --> vendor/crates/gpui_macos/src/window.rs:947:22
    |
947 |         let NSSize { width, height, .. } =
    |                      ^^^^^

warning: use of deprecated field `cocoa::foundation::NSSize::height`: use the objc2-foundation crate instead
   --> vendor/crates/gpui_macos/src/window.rs:947:29
    |
947 |         let NSSize { width, height, .. } =
    |                             ^^^^^^

warning: use of deprecated associated function `cocoa::foundation::NSRect::new`: use the objc2-foundation crate instead
    --> vendor/crates/gpui_macos/src/window.rs:1084:43
     |
1084 |             let mut window_rect = NSRect::new(
     |                                           ^^^

warning: use of deprecated associated function `cocoa::foundation::NSPoint::new`: use the objc2-foundation crate instead
    --> vendor/crates/gpui_macos/src/window.rs:1085:26
     |
1085 |                 NSPoint::new(
     |                          ^^^

warning: use of deprecated field `cocoa::foundation::NSRect::origin`: use the objc2-foundation crate instead
    --> vendor/crates/gpui_macos/src/window.rs:1086:21
     |
1086 |                     screen_frame.origin.x + bounds.origin.x.as_f32() as f64,
     |                     ^^^^^^^^^^^^^^^^^^^

warning: use of deprecated field `cocoa::foundation::NSPoint::x`: use the objc2-foundation crate instead
    --> vendor/crates/gpui_macos/src/window.rs:1086:21
     |
1086 |                     screen_frame.origin.x + bounds.origin.x.as_f32() as f64,
     |                     ^^^^^^^^^^^^^^^^^^^^^

warning: use of deprecated field `cocoa::foundation::NSRect::origin`: use the objc2-foundation crate instead
    --> vendor/crates/gpui_macos/src/window.rs:1087:21
     |
1087 |                     screen_frame.origin.y
     |                     ^^^^^^^^^^^^^^^^^^^

warning: use of deprecated field `cocoa::foundation::NSPoint::y`: use the objc2-foundation crate instead
    --> vendor/crates/gpui_macos/src/window.rs:1087:21
     |
1087 |                     screen_frame.origin.y
     |                     ^^^^^^^^^^^^^^^^^^^^^

warning: use of deprecated associated function `cocoa::foundation::NSSize::new`: use the objc2-foundation crate instead
    --> vendor/crates/gpui_macos/src/window.rs:1090:25
     |
1090 |                 NSSize::new(
     |                         ^^^

warning: use of deprecated associated function `cocoa::foundation::NSRect::new`: use the objc2-foundation crate instead
    --> vendor/crates/gpui_macos/src/window.rs:1096:39
     |
1096 |                 window_rect = NSRect::new(
     |                                       ^^^

warning: use of deprecated associated function `cocoa::foundation::NSPoint::new`: use the objc2-foundation crate instead
    --> vendor/crates/gpui_macos/src/window.rs:1097:30
     |
1097 |                     NSPoint::new(frame.origin.x, frame.origin.y + frame.size.height),
     |                              ^^^

warning: use of deprecated associated function `cocoa::foundation::NSSize::new`: use the objc2-foundation crate instead
    --> vendor/crates/gpui_macos/src/window.rs:1098:29
     |
1098 |                     NSSize::new(frame.size.width, frame.size.height),
     |                             ^^^

warning: use of deprecated field `cocoa::foundation::NSSize::width`: use the objc2-foundation crate instead
    --> vendor/crates/gpui_macos/src/window.rs:1211:21
     |
1211 |                     width: window_min_size.width.to_f64(),
     |                     ^^^^^^^^^^^^^^^^^^^^^^^^^^^^^^^^^^^^^

warning: use of deprecated field `cocoa::foundation::NSSize::height`: use the objc2-foundation crate instead
    --> vendor/crates/gpui_macos/src/window.rs:1212:21
     |
1212 |                     height: window_min_size.height.to_f64(),
     |                     ^^^^^^^^^^^^^^^^^^^^^^^^^^^^^^^^^^^^^^^

warning: use of deprecated method `cocoa::foundation::NSAutoreleasePool::autorelease`: use the objc2-foundation crate instead
    --> vendor/crates/gpui_macos/src/window.rs:1235:50
     |
1235 |             content_view.addSubview_(native_view.autorelease());
     |                                                  ^^^^^^^^^^^

warning: use of deprecated method `cocoa::foundation::NSAutoreleasePool::drain`: use the objc2-foundation crate instead
    --> vendor/crates/gpui_macos/src/window.rs:1330:26
     |
1330 |                     pool.drain();
     |                          ^^^^^

warning: use of deprecated field `cocoa::foundation::NSRect::origin`: use the objc2-foundation crate instead
    --> vendor/crates/gpui_macos/src/window.rs:1354:60
     |
1354 |             NSWindow::setFrameTopLeftPoint_(native_window, window_rect.origin);
     |                                                            ^^^^^^^^^^^^^^^^^^

warning: use of deprecated method `cocoa::foundation::NSAutoreleasePool::drain`: use the objc2-foundation crate instead
    --> vendor/crates/gpui_macos/src/window.rs:1361:18
     |
1361 |             pool.drain();
     |                  ^^^^^

warning: use of deprecated method `cocoa::foundation::NSAutoreleasePool::autorelease`: use the objc2-foundation crate instead
    --> vendor/crates/gpui_macos/src/window.rs:1461:28
     |
1461 |                     window.autorelease();
     |                            ^^^^^^^^^^^

warning: use of deprecated field `cocoa::foundation::NSSize::width`: use the objc2-foundation crate instead
    --> vendor/crates/gpui_macos/src/window.rs:1509:25
     |
1509 |                         width: size.width.as_f32() as f64,
     |                         ^^^^^^^^^^^^^^^^^^^^^^^^^^^^^^^^^

warning: use of deprecated field `cocoa::foundation::NSSize::height`: use the objc2-foundation crate instead
    --> vendor/crates/gpui_macos/src/window.rs:1510:25
     |
1510 |                         height: size.height.as_f32() as f64,
     |                         ^^^^^^^^^^^^^^^^^^^^^^^^^^^^^^^^^^^

warning: use of deprecated method `cocoa::foundation::NSData::bytes`: use the objc2-foundation crate instead
    --> vendor/crates/gpui_macos/src/window.rs:1605:22
     |
1605 |                 data.bytes() as *const u8
     |                      ^^^^^

warning: use of deprecated method `cocoa::foundation::NSData::length`: use the objc2-foundation crate instead
    --> vendor/crates/gpui_macos/src/window.rs:1611:61
     |
1611 |                 Some(std::slice::from_raw_parts(bytes, data.length() as usize).to_vec())
     |                                                             ^^^^^^

warning: use of deprecated associated function `cocoa::foundation::NSOperatingSystemVersion::new`: use the objc2-foundation crate instead
    --> vendor/crates/gpui_macos/src/window.rs:1647:69
     |
1647 |             if !is_macos_version_at_least(NSOperatingSystemVersion::new(15, 0, 0)) {
     |                                                                     ^^^

warning: use of deprecated method `cocoa::foundation::NSAutoreleasePool::autorelease`: use the objc2-foundation crate instead
    --> vendor/crates/gpui_macos/src/window.rs:1971:52
     |
1971 |                 this.blurred_view = Some(blur_view.autorelease());
     |                                                    ^^^^^^^^^^^

warning: use of deprecated field `cocoa::foundation::NSPoint::x`: use the objc2-foundation crate instead
    --> vendor/crates/gpui_macos/src/window.rs:2341:30
     |
2341 |                 NSPoint::new(location.x - 16., location.y - 16.),
     |                              ^^^^^^^^^^

warning: use of deprecated field `cocoa::foundation::NSPoint::y`: use the objc2-foundation crate instead
    --> vendor/crates/gpui_macos/src/window.rs:2341:48
     |
2341 |                 NSPoint::new(location.x - 16., location.y - 16.),
     |                                                ^^^^^^^^^^

warning: use of deprecated associated function `cocoa::foundation::NSOperatingSystemVersion::new`: use the objc2-foundation crate instead
    --> vendor/crates/gpui_macos/src/window.rs:3112:49
     |
3112 |     let min_version = NSOperatingSystemVersion::new(15, 3, 0);
     |                                                 ^^^

warning: use of deprecated associated function `cocoa::foundation::NSOperatingSystemVersion::new`: use the objc2-foundation crate instead
    --> vendor/crates/gpui_macos/src/window.rs:3126:49
     |
3126 |     let min_version = NSOperatingSystemVersion::new(15, 3, 0);
     |                                                 ^^^

warning: use of deprecated method `cocoa::foundation::NSProcessInfo::isOperatingSystemAtLeastVersion`: use the objc2-foundation crate instead
    --> vendor/crates/gpui_macos/src/window.rs:3157:46
     |
3157 |     unsafe { NSProcessInfo::processInfo(nil).isOperatingSystemAtLeastVersion(version) }
     |                                              ^^^^^^^^^^^^^^^^^^^^^^^^^^^^^^^

warning: use of deprecated field `cocoa::foundation::NSRect::size`: use the objc2-foundation crate instead
    --> vendor/crates/gpui_macos/src/window.rs:3391:17
     |
3391 |         convert(old_frame.size)
     |                 ^^^^^^^^^^^^^^

warning: use of deprecated field `cocoa::foundation::NSSize::width`: use the objc2-foundation crate instead
    --> vendor/crates/gpui_macos/src/window.rs:3380:23
     |
3380 |             width: px(value.width as f32),
     |                       ^^^^^^^^^^^

warning: use of deprecated field `cocoa::foundation::NSSize::height`: use the objc2-foundation crate instead
    --> vendor/crates/gpui_macos/src/window.rs:3381:24
     |
3381 |             height: px(value.height as f32),
     |                        ^^^^^^^^^^^^

warning: use of deprecated associated function `cocoa::foundation::NSRect::new`: use the objc2-foundation crate instead
    --> vendor/crates/gpui_macos/src/window.rs:3482:17
     |
3482 |         NSRect::new(NSPoint::new(0., 0.), NSSize::new(0., 0.)),
     |                 ^^^

warning: use of deprecated associated function `cocoa::foundation::NSPoint::new`: use the objc2-foundation crate instead
    --> vendor/crates/gpui_macos/src/window.rs:3482:30
     |
3482 |         NSRect::new(NSPoint::new(0., 0.), NSSize::new(0., 0.)),
     |                              ^^^

warning: use of deprecated associated function `cocoa::foundation::NSSize::new`: use the objc2-foundation crate instead
    --> vendor/crates/gpui_macos/src/window.rs:3482:51
     |
3482 |         NSRect::new(NSPoint::new(0., 0.), NSSize::new(0., 0.)),
     |                                                   ^^^

warning: use of deprecated associated function `cocoa::foundation::NSRect::new`: use the objc2-foundation crate instead
    --> vendor/crates/gpui_macos/src/window.rs:3484:21
     |
3484 |             NSRect::new(
     |                     ^^^

warning: use of deprecated associated function `cocoa::foundation::NSPoint::new`: use the objc2-foundation crate instead
    --> vendor/crates/gpui_macos/src/window.rs:3485:26
     |
3485 |                 NSPoint::new(
     |                          ^^^

warning: use of deprecated field `cocoa::foundation::NSRect::origin`: use the objc2-foundation crate instead
    --> vendor/crates/gpui_macos/src/window.rs:3486:21
     |
3486 |                     frame.origin.x + bounds.origin.x.as_f32() as f64,
     |                     ^^^^^^^^^^^^

warning: use of deprecated field `cocoa::foundation::NSPoint::x`: use the objc2-foundation crate instead
    --> vendor/crates/gpui_macos/src/window.rs:3486:21
     |
3486 |                     frame.origin.x + bounds.origin.x.as_f32() as f64,
     |                     ^^^^^^^^^^^^^^

warning: use of deprecated field `cocoa::foundation::NSRect::origin`: use the objc2-foundation crate instead
    --> vendor/crates/gpui_macos/src/window.rs:3487:21
     |
3487 |                     frame.origin.y + frame.size.height
     |                     ^^^^^^^^^^^^

warning: use of deprecated field `cocoa::foundation::NSPoint::y`: use the objc2-foundation crate instead
    --> vendor/crates/gpui_macos/src/window.rs:3487:21
     |
3487 |                     frame.origin.y + frame.size.height
     |                     ^^^^^^^^^^^^^^

warning: use of deprecated field `cocoa::foundation::NSRect::size`: use the objc2-foundation crate instead
    --> vendor/crates/gpui_macos/src/window.rs:3487:38
     |
3487 |                     frame.origin.y + frame.size.height
     |                                      ^^^^^^^^^^

warning: use of deprecated field `cocoa::foundation::NSSize::height`: use the objc2-foundation crate instead
    --> vendor/crates/gpui_macos/src/window.rs:3487:38
     |
3487 |                     frame.origin.y + frame.size.height
     |                                      ^^^^^^^^^^^^^^^^^

warning: use of deprecated associated function `cocoa::foundation::NSSize::new`: use the objc2-foundation crate instead
    --> vendor/crates/gpui_macos/src/window.rs:3491:25
     |
3491 |                 NSSize::new(
     |                         ^^^

warning: use of deprecated field `cocoa::foundation::NSRect::origin`: use the objc2-foundation crate instead
    --> vendor/crates/gpui_macos/src/window.rs:3508:13
     |
3508 |             frame.origin.y -= frame.size.height - content_layout_rect.size.height;
     |             ^^^^^^^^^^^^

warning: use of deprecated field `cocoa::foundation::NSPoint::y`: use the objc2-foundation crate instead
    --> vendor/crates/gpui_macos/src/window.rs:3508:13
     |
3508 |             frame.origin.y -= frame.size.height - content_layout_rect.size.height;
     |             ^^^^^^^^^^^^^^

warning: use of deprecated field `cocoa::foundation::NSRect::size`: use the objc2-foundation crate instead
    --> vendor/crates/gpui_macos/src/window.rs:3508:31
     |
3508 |             frame.origin.y -= frame.size.height - content_layout_rect.size.height;
     |                               ^^^^^^^^^^

warning: use of deprecated field `cocoa::foundation::NSSize::height`: use the objc2-foundation crate instead
    --> vendor/crates/gpui_macos/src/window.rs:3508:31
     |
3508 |             frame.origin.y -= frame.size.height - content_layout_rect.size.height;
     |                               ^^^^^^^^^^^^^^^^^

warning: use of deprecated associated function `cocoa::foundation::NSRect::new`: use the objc2-foundation crate instead
    --> vendor/crates/gpui_macos/src/window.rs:3649:29
     |
3649 |     let zero_rect = NSRect::new(NSPoint::new(0., 0.), NSSize::new(0., 0.));
     |                             ^^^

warning: use of deprecated associated function `cocoa::foundation::NSPoint::new`: use the objc2-foundation crate instead
    --> vendor/crates/gpui_macos/src/window.rs:3649:42
     |
3649 |     let zero_rect = NSRect::new(NSPoint::new(0., 0.), NSSize::new(0., 0.));
     |                                          ^^^

warning: use of deprecated associated function `cocoa::foundation::NSSize::new`: use the objc2-foundation crate instead
    --> vendor/crates/gpui_macos/src/window.rs:3649:63
     |
3649 |     let zero_rect = NSRect::new(NSPoint::new(0., 0.), NSSize::new(0., 0.));
     |                                                               ^^^

warning: use of deprecated field `cocoa::foundation::NSPoint::x`: use the objc2-foundation crate instead
    --> vendor/crates/gpui_macos/src/window.rs:3671:20
     |
3671 |     let window_x = position.x - frame.origin.x;
     |                    ^^^^^^^^^^

warning: use of deprecated field `cocoa::foundation::NSRect::origin`: use the objc2-foundation crate instead
    --> vendor/crates/gpui_macos/src/window.rs:3671:33
     |
3671 |     let window_x = position.x - frame.origin.x;
     |                                 ^^^^^^^^^^^^

warning: use of deprecated field `cocoa::foundation::NSPoint::x`: use the objc2-foundation crate instead
    --> vendor/crates/gpui_macos/src/window.rs:3671:33
     |
3671 |     let window_x = position.x - frame.origin.x;
     |                                 ^^^^^^^^^^^^^^

warning: use of deprecated field `cocoa::foundation::NSRect::size`: use the objc2-foundation crate instead
    --> vendor/crates/gpui_macos/src/window.rs:3672:20
     |
3672 |     let window_y = frame.size.height - (position.y - frame.origin.y);
     |                    ^^^^^^^^^^

warning: use of deprecated field `cocoa::foundation::NSSize::height`: use the objc2-foundation crate instead
    --> vendor/crates/gpui_macos/src/window.rs:3672:20
     |
3672 |     let window_y = frame.size.height - (position.y - frame.origin.y);
     |                    ^^^^^^^^^^^^^^^^^

warning: use of deprecated field `cocoa::foundation::NSPoint::y`: use the objc2-foundation crate instead
    --> vendor/crates/gpui_macos/src/window.rs:3672:41
     |
3672 |     let window_y = frame.size.height - (position.y - frame.origin.y);
     |                                         ^^^^^^^^^^

warning: use of deprecated field `cocoa::foundation::NSRect::origin`: use the objc2-foundation crate instead
    --> vendor/crates/gpui_macos/src/window.rs:3672:54
     |
3672 |     let window_y = frame.size.height - (position.y - frame.origin.y);
     |                                                      ^^^^^^^^^^^^

warning: use of deprecated field `cocoa::foundation::NSPoint::y`: use the objc2-foundation crate instead
    --> vendor/crates/gpui_macos/src/window.rs:3672:54
     |
3672 |     let window_y = frame.size.height - (position.y - frame.origin.y);
     |                                                      ^^^^^^^^^^^^^^

warning: use of deprecated method `cocoa::foundation::NSFastEnumeration::iter`: use the objc2-foundation crate instead
    --> vendor/crates/gpui_macos/src/window.rs:3731:36
     |
3731 |     for file in unsafe { filenames.iter() } {
     |                                    ^^^^

warning: use of deprecated method `cocoa::foundation::NSDictionary::objectForKey_`: use the objc2-foundation crate instead
    --> vendor/crates/gpui_macos/src/window.rs:3882:48
     |
3882 |         let screen_number = device_description.objectForKey_(screen_number_key);
     |                                                ^^^^^^^^^^^^^

warning: use of deprecated method `cocoa::foundation::NSString::isEqualToString`: use the objc2-foundation crate instead
    --> vendor/crates/gpui_macos/src/window.rs:3914:23
     |
3914 |         if class_name.isEqualToString("CAChameleonLayer") {
     |                       ^^^^^^^^^^^^^^^

warning: use of deprecated method `cocoa::foundation::NSArray::objectAtIndex`: use the objc2-foundation crate instead
    --> vendor/crates/gpui_macos/src/window.rs:3930:57
     |
3930 |                 let description: id = msg_send![filters.objectAtIndex(i), description];
     |                                                         ^^^^^^^^^^^^^

warning: use of deprecated method `cocoa::foundation::NSArray::objectAtIndex`: use the objc2-foundation crate instead
    --> vendor/crates/gpui_macos/src/window.rs:3953:42
     |
3953 |                 let sublayer = sublayers.objectAtIndex(i);
     |                                          ^^^^^^^^^^^^^

warning: use of deprecated field `cocoa::foundation::NSRect::size`: use the objc2-foundation crate instead
    --> vendor/crates/gpui_macos/src/window.rs:3968:9
     |
3968 |         frame.size.height = 0.0;
     |         ^^^^^^^^^^

warning: use of deprecated field `cocoa::foundation::NSSize::height`: use the objc2-foundation crate instead
    --> vendor/crates/gpui_macos/src/window.rs:3968:9
     |
3968 |         frame.size.height = 0.0;
     |         ^^^^^^^^^^^^^^^^^

warning: use of deprecated method `cocoa::foundation::NSString::UTF8String`: use the objc2-foundation crate instead
  --> vendor/crates/gpui_macos/src/window_appearance.rs:24:37
   |
24 |                 CStr::from_ptr(name.UTF8String())
   |                                     ^^^^^^^^^^

warning: use of deprecated method `cocoa::foundation::NSString::UTF8String`: use the objc2-foundation crate instead
  --> vendor/crates/gpui_macos/src/gpui_macos.rs:77:29
   |
77 |             let cstr = self.UTF8String();
   |                             ^^^^^^^^^^

warning: use of deprecated method `cocoa::foundation::NSString::init_str`: use the objc2-foundation crate instead
   --> vendor/crates/gpui_macos/src/gpui_macos.rs:140:35
    |
140 |     unsafe { NSString::alloc(nil).init_str(string).autorelease() }
    |                                   ^^^^^^^^

warning: use of deprecated method `cocoa::foundation::NSAutoreleasePool::autorelease`: use the objc2-foundation crate instead
   --> vendor/crates/gpui_macos/src/gpui_macos.rs:140:52
    |
140 |     unsafe { NSString::alloc(nil).init_str(string).autorelease() }
    |                                                    ^^^^^^^^^^^

   Compiling gpui_platform v0.1.0 (/private/tmp/cupertino-focus-paint-baseline/vendor/crates/gpui_platform)
warning: `gpui_macos` (lib) generated 703 warnings (1 duplicate)
    Finished `test` profile [unoptimized + debuginfo] target(s) in 43.19s
warning: the following packages contain code that will be rejected by a future version of Rust: block v0.1.6
note: to see what the problems were, use the option `--future-incompat-report`, or run `cargo report future-incompatibilities --id 1`
     Running tests/focus_paint.rs (/private/tmp/cupertino-focus-paint-baseline-target/debug/deps/focus_paint-d0a14be9ecd2a7a8)

running 1 test
test keyboard_focus_preserves_content_and_remains_visible_on_every_edge ... ok

test result: ok. 1 passed; 0 failed; 0 ignored; 0 measured; 0 filtered out; finished in 0.26s

