• Validating lock
✓ Validating lock in 363µs
• Configuring shell
• Configuring cachix
✓ Configuring cachix in 1.16ms
• Evaluating shell
✓ Evaluating shell in 49.1ms (cached)
✓ Configuring shell in 52.0ms
• Loading tasks
• Evaluating devenv.config.task.config
✓ Evaluating devenv.config.task.config in 334µs (cached)
✓ Loading tasks in 881µs
• Running tasks
• Running devenv:files:cleanup
✓ Running devenv:files:cleanup in 9.25ms
• Running devenv:enterShell
✓ Running devenv:enterShell in 12.9ms
• Running devenv:enterTest
✓ Running devenv:enterTest in 12.1µs (no command)
✓ Running tasks in 22.3ms
✨ devenv 2.1.2 is out of date. Please update to 2.4.0: https://devenv.sh/getting-started/#installation
cargo 1.98.1 (797e8a9bc 2026-08-05)
    Updating crates.io index
gpui-alloy-async-process #process #spawn #command #subprocess #child
Async interface for working with processes
version: 0.1.0
license: Apache-2.0 OR MIT
rust-version: 1.71
documentation: https://docs.rs/gpui-alloy-async-process/0.1.0
repository: https://github.com/AprilNEA/gpui-alloy
crates.io: https://crates.io/crates/gpui-alloy-async-process/0.1.0
features:
  tracing = [dep:tracing]
    Updating crates.io index
gpui-alloy-async-tar #tar #tarfile #encoding
A Rust implementation of an async TAR file reader and writer. This library does not
currently handle compression, but it is abstract over all I/O readers and
writers. Additionally, great lengths are taken to ensure that the entire
contents are never required to be entirely resident in memory all at once.
version: 0.1.0
license: MIT/Apache-2.0
rust-version: 1.85
documentation: https://docs.rs/async-tar
homepage: https://github.com/dignifiedquire/async-tar
repository: https://github.com/AprilNEA/gpui-alloy
crates.io: https://crates.io/crates/gpui-alloy-async-tar/0.1.0
features:
 +default           = [xattr, runtime-async-std]
  async-std         = [dep:async-std]
  runtime-async-std = [async-std]
  xattr             = [dep:xattr]
  runtime-tokio     = [tokio, tokio-stream]
  tokio             = [dep:tokio]
  tokio-stream      = [dep:tokio-stream]
    Updating crates.io index
gpui-alloy-derive-refineable
A derive macro for creating refinement types in Rust
version: 0.1.0
license: Apache-2.0
rust-version: unknown
documentation: https://docs.rs/gpui-alloy-derive-refineable/0.1.0
repository: https://github.com/AprilNEA/gpui-alloy
crates.io: https://crates.io/crates/gpui-alloy-derive-refineable/0.1.0
    Updating crates.io index
gpui-alloy-font-kit
A cross-platform font loading library
version: 0.1.0
license: MIT OR Apache-2.0
rust-version: 1.77
documentation: https://docs.rs/gpui-alloy-font-kit/0.1.0
homepage: https://github.com/servo/font-kit
repository: https://github.com/AprilNEA/gpui-alloy
crates.io: https://crates.io/crates/gpui-alloy-font-kit/0.1.0
features:
 +default                   = [source]
  source                    = []
  freetype                  = [dep:freetype]
  loader-freetype           = [freetype]
  loader-freetype-default   = [loader-freetype]
  source-fontconfig         = [yeslogic-fontconfig-sys]
  source-fontconfig-default = [source-fontconfig]
  source-fontconfig-dlopen  = [yeslogic-fontconfig-sys/dlopen]
  yeslogic-fontconfig-sys   = [dep:yeslogic-fontconfig-sys]
    Updating crates.io index
gpui-alloy-http-client-tls
GPUI Alloy distribution of http_client_tls
version: 0.1.0
license: Apache-2.0
rust-version: unknown
documentation: https://docs.rs/gpui-alloy-http-client-tls/0.1.0
repository: https://github.com/AprilNEA/gpui-alloy
crates.io: https://crates.io/crates/gpui-alloy-http-client-tls/0.1.0
features:
  test-support = []
    Updating crates.io index
gpui-alloy-macros
Macros used by gpui
version: 0.1.0
license: Apache-2.0
rust-version: unknown
documentation: https://docs.rs/gpui-alloy-macros/0.1.0
repository: https://github.com/AprilNEA/gpui-alloy
crates.io: https://crates.io/crates/gpui-alloy-macros/0.1.0
features:
  inspector = []
    Updating crates.io index
gpui-alloy-util
GPUI Alloy distribution of gpui_util
version: 0.1.0
license: Apache-2.0
rust-version: unknown
documentation: https://docs.rs/gpui-alloy-util/0.1.0
repository: https://github.com/AprilNEA/gpui-alloy
crates.io: https://crates.io/crates/gpui-alloy-util/0.1.0
    Updating crates.io index
gpui-alloy-shared-string
GPUI Alloy distribution of gpui_shared_string
version: 0.1.0
license: Apache-2.0
rust-version: unknown
documentation: https://docs.rs/gpui-alloy-shared-string/0.1.0
repository: https://github.com/AprilNEA/gpui-alloy
crates.io: https://crates.io/crates/gpui-alloy-shared-string/0.1.0
    Updating crates.io index
gpui-alloy-scheduler
GPUI Alloy distribution of scheduler
version: 0.1.0
license: Apache-2.0
rust-version: unknown
documentation: https://docs.rs/gpui-alloy-scheduler/0.1.0
repository: https://github.com/AprilNEA/gpui-alloy
crates.io: https://crates.io/crates/gpui-alloy-scheduler/0.1.0
features:
  test-support = []
  wasm-threads = [dep:wasm_thread, flume/spin]
    Updating crates.io index
gpui-alloy-path
GPUI Alloy distribution of path
version: 0.1.0
license: Apache-2.0
rust-version: unknown
documentation: https://docs.rs/gpui-alloy-path/0.1.0
repository: https://github.com/AprilNEA/gpui-alloy
crates.io: https://crates.io/crates/gpui-alloy-path/0.1.0
features:
  serde        = [dep:serde]
  test-support = []
    Updating crates.io index
gpui-alloy-reqwest #http #request #client
higher level HTTP client library
version: 0.1.0
license: MIT OR Apache-2.0
rust-version: 1.64.0
documentation: https://docs.rs/reqwest
repository: https://github.com/AprilNEA/gpui-alloy
crates.io: https://crates.io/crates/gpui-alloy-reqwest/0.1.0
features:
 +default                             = [default-tls, charset, http2, macos-system-configuration]
  __tls                               = [dep:rustls-pemfile, tokio/io-util]
  charset                             = [dep:encoding_rs]
  default-tls                         = [dep:hyper-tls, dep:native-tls-crate, __tls, dep:tokio-native-tls]
  h2                                  = [dep:h2]
  http2                               = [h2, hyper/http2, hyper-util/http2, hyper-rustls?/http2]
  macos-system-configuration          = [dep:system-configuration]
  26 deactivated features
    Updating crates.io index
gpui-alloy-ztracing-macro
GPUI Alloy distribution of ztracing_macro
version: 0.1.0
license: Apache-2.0
rust-version: unknown
documentation: https://docs.rs/gpui-alloy-ztracing-macro/0.1.0
repository: https://github.com/AprilNEA/gpui-alloy
crates.io: https://crates.io/crates/gpui-alloy-ztracing-macro/0.1.0
    Updating crates.io index
gpui-alloy-collections
Standard collection types used by Zed and GPUI
version: 0.1.0
license: Apache-2.0
rust-version: unknown
documentation: https://docs.rs/gpui-alloy-collections/0.1.0
repository: https://github.com/AprilNEA/gpui-alloy
crates.io: https://crates.io/crates/gpui-alloy-collections/0.1.0
features:
  test-support = []
    Updating crates.io index
gpui-alloy-refineable
A macro for creating 'refinement' types that can be used to partially initialize or mutate a complex struct
version: 0.1.0
license: Apache-2.0
rust-version: unknown
documentation: https://docs.rs/gpui-alloy-refineable/0.1.0
repository: https://github.com/AprilNEA/gpui-alloy
crates.io: https://crates.io/crates/gpui-alloy-refineable/0.1.0
    Updating crates.io index
gpui-alloy-smol #async #await #future #io #networking
A small and fast async runtime
version: 0.1.0
license: Apache-2.0 OR MIT
rust-version: 1.63
documentation: https://docs.rs/gpui-alloy-smol/0.1.0
repository: https://github.com/AprilNEA/gpui-alloy
crates.io: https://crates.io/crates/gpui-alloy-smol/0.1.0
    Updating crates.io index
gpui-alloy-perf
A tool for measuring Zed test performance, with too many Clippy lints
version: 0.1.0
license: Apache-2.0
rust-version: unknown
documentation: https://docs.rs/gpui-alloy-perf/0.1.0
repository: https://github.com/AprilNEA/gpui-alloy
crates.io: https://crates.io/crates/gpui-alloy-perf/0.1.0
    Updating crates.io index
gpui-alloy-zlog
GPUI Alloy distribution of zlog
version: 0.1.0
license: Apache-2.0
rust-version: unknown
documentation: https://docs.rs/gpui-alloy-zlog/0.1.0
repository: https://github.com/AprilNEA/gpui-alloy
crates.io: https://crates.io/crates/gpui-alloy-zlog/0.1.0
features:
 +default = []
    Updating crates.io index
gpui-alloy-util-macros
Utility macros for Zed
version: 0.1.0
license: Apache-2.0
rust-version: unknown
documentation: https://docs.rs/gpui-alloy-util-macros/0.1.0
repository: https://github.com/AprilNEA/gpui-alloy
crates.io: https://crates.io/crates/gpui-alloy-util-macros/0.1.0
features:
  perf-enabled = []
    Updating crates.io index
gpui-alloy-ztracing
GPUI Alloy distribution of ztracing
version: 0.1.0
license: Apache-2.0
rust-version: unknown
documentation: https://docs.rs/gpui-alloy-ztracing/0.1.0
repository: https://github.com/AprilNEA/gpui-alloy
crates.io: https://crates.io/crates/gpui-alloy-ztracing/0.1.0
features:
  tracing-tracy = [dep:tracing-tracy]
  tracy         = [tracing-tracy, tracy-client]
  tracy-client  = [dep:tracy-client]
  web           = [dep:async-channel, dep:js-sys, dep:wasm-bindgen, dep:web-sys]
    Updating crates.io index
gpui-alloy-zed-util
A collection of utility structs and functions used by Zed and GPUI
version: 0.1.0
license: Apache-2.0
rust-version: unknown
documentation: https://docs.rs/gpui-alloy-zed-util/0.1.0
repository: https://github.com/AprilNEA/gpui-alloy
crates.io: https://crates.io/crates/gpui-alloy-zed-util/0.1.0
features:
  debug-embed  = [rust-embed/debug-embed]
  rand         = [dep:rand]
  test-support = [rand, util_macros, path/test-support]
  util_macros  = [dep:util_macros]
    Updating crates.io index
gpui-alloy-sum-tree
A sum tree data structure, a concurrency-friendly B-tree
version: 0.1.0
license: Apache-2.0
rust-version: unknown
documentation: https://docs.rs/gpui-alloy-sum-tree/0.1.0
repository: https://github.com/AprilNEA/gpui-alloy
crates.io: https://crates.io/crates/gpui-alloy-sum-tree/0.1.0
features:
  proptest     = [dep:proptest]
  test-support = [proptest]
    Updating crates.io index
gpui-alloy-http-client
A HTTP client library for Zed and GPUI
version: 0.1.0
license: Apache-2.0
rust-version: unknown
documentation: https://docs.rs/gpui-alloy-http-client/0.1.0
repository: https://github.com/AprilNEA/gpui-alloy
crates.io: https://crates.io/crates/gpui-alloy-http-client/0.1.0
features:
  github-download = [dep:async-fs, dep:async-tar, dep:sha2, dep:tempfile, dep:util]
  test-support    = []
    Updating crates.io index
gpui-alloy #desktop #gui #immediate
Zed's GPU-accelerated UI framework
version: 0.1.0
license: Apache-2.0
rust-version: unknown
documentation: https://docs.rs/gpui-alloy/0.1.0
homepage: https://gpui.rs
repository: https://github.com/AprilNEA/gpui-alloy
crates.io: https://crates.io/crates/gpui-alloy/0.1.0
features:
 +default          = [font-kit, wayland, x11, windows-manifest]
  font-kit         = [dep:font-kit]
  wayland          = []
  windows-manifest = [dep:embed-resource]
  x11              = [scap?/x11]
  backtrace        = [dep:backtrace]
  bench            = [bench-support]
  bench-support    = [profiler, dep:criterion]
  inspector        = [gpui_macros/inspector]
  leak-detection   = [backtrace]
  objc2            = [dep:objc2]
  objc2-metal      = [dep:objc2-metal]
  profiler         = [dep:hdrhistogram]
  proptest         = [dep:proptest]
  scap             = [dep:scap]
  screen-capture   = [scap]
  stacker          = [dep:stacksafe]
  test-support     = [leak-detection, collections/test-support, http_client/test-support, wayland, x11, proptest]
    Updating crates.io index
gpui-alloy-reqwest-client
GPUI Alloy distribution of reqwest_client
version: 0.1.0
license: Apache-2.0
rust-version: unknown
documentation: https://docs.rs/gpui-alloy-reqwest-client/0.1.0
repository: https://github.com/AprilNEA/gpui-alloy
crates.io: https://crates.io/crates/gpui-alloy-reqwest-client/0.1.0
features:
  test-support = []
    Updating crates.io index
gpui-alloy-apple
GPUI Alloy distribution of gpui_apple
version: 0.1.0
license: Apache-2.0
rust-version: unknown
documentation: https://docs.rs/gpui-alloy-apple/0.1.0
repository: https://github.com/AprilNEA/gpui-alloy
crates.io: https://crates.io/crates/gpui-alloy-apple/0.1.0
features:
 +default         = []
  bench-support   = [gpui/bench-support]
  runtime_shaders = []
  test-support    = [gpui/test-support]
    Updating crates.io index
gpui-alloy-wgpu
GPUI Alloy distribution of gpui_wgpu
version: 0.1.0
license: Apache-2.0
rust-version: unknown
documentation: https://docs.rs/gpui-alloy-wgpu/0.1.0
repository: https://github.com/AprilNEA/gpui-alloy
crates.io: https://crates.io/crates/gpui-alloy-wgpu/0.1.0
features:
 +default       = []
  bench-support = [gpui/bench-support, dep:image]
  font-kit      = [dep:font-kit]
  test-support  = [gpui/test-support, dep:image]
    Updating crates.io index
gpui-alloy-windows
GPUI Alloy distribution of gpui_windows
version: 0.1.0
license: Apache-2.0
rust-version: unknown
documentation: https://docs.rs/gpui-alloy-windows/0.1.0
repository: https://github.com/AprilNEA/gpui-alloy
crates.io: https://crates.io/crates/gpui-alloy-windows/0.1.0
features:
 +default        = [gpui/default]
  scap           = [dep:scap]
  screen-capture = [gpui/screen-capture, scap]
  test-support   = [gpui/test-support]
Verified all 31 frozen archives, 27 registry checksums, and macOS dependency readiness.
   Packaging gpui-alloy-macos v0.1.0 (/private/tmp/alloy-registry-packager/staging-process-31/crates/gpui_macos)
    Updating crates.io index
    Packaged 22 files, 594.9KiB (135.6KiB compressed)
   Verifying gpui-alloy-macos v0.1.0 (/private/tmp/alloy-registry-packager/staging-process-31/crates/gpui_macos)
   Compiling bitflags v2.13.2
   Compiling objc2-encode v4.1.0
   Compiling libc v0.2.190
   Compiling objc2 v0.6.4
   Compiling syn v2.0.119
   Compiling rustix v1.1.5
   Compiling serde_spanned v0.6.9
   Compiling toml_datetime v0.6.11
   Compiling toml_write v0.1.2
   Compiling objc-sys v0.3.5
   Compiling winnow v0.7.15
   Compiling fastrand v2.5.0
   Compiling cbindgen v0.28.0
   Compiling once_cell v1.21.4
   Compiling heck v0.4.1
   Compiling foldhash v0.2.0
   Compiling semver v1.0.28
   Compiling mach2 v0.5.0
   Compiling hashbrown v0.16.1
   Compiling core-graphics-types v0.2.0
   Compiling rustybuzz v0.20.1
   Compiling png v0.18.1
   Compiling core-graphics2 v0.5.2
   Compiling core-graphics v0.24.0
   Compiling metal v0.33.0
   Compiling cocoa-foundation v0.2.1
   Compiling core-text v21.0.0
   Compiling gpui-alloy-font-kit v0.1.0
   Compiling cocoa v0.26.0
   Compiling toml_edit v0.22.27
   Compiling usvg v0.46.0
   Compiling objc2 v0.5.2
   Compiling objc2-foundation v0.2.2
   Compiling prettyplease v0.2.37
   Compiling toml v0.8.23
   Compiling core-video v0.5.2
   Compiling zerocopy-derive v0.8.59
   Compiling enumn v0.1.14
   Compiling tracing-attributes v0.1.31
   Compiling pin-project-internal v1.1.13
   Compiling derive_more-impl v2.1.1
   Compiling thiserror-impl v1.0.69
   Compiling gpui-alloy-derive-refineable v0.1.0
   Compiling profiling-procmacros v1.0.18
   Compiling strum_macros v0.28.0
   Compiling objc2-core-foundation v0.3.2
   Compiling block2 v0.6.2
   Compiling resvg v0.46.0
   Compiling gpui-alloy-util-macros v0.1.0
   Compiling gpui-alloy-macros v0.1.0
   Compiling accesskit v0.24.1
   Compiling profiling v1.0.18
   Compiling dispatch2 v0.3.1
   Compiling gpui-alloy-refineable v0.1.0
   Compiling objc2-core-video v0.3.2
   Compiling pin-project v1.1.13
   Compiling objc2-foundation v0.3.2
   Compiling objc2-core-media v0.3.2
   Compiling tracing v0.1.44
   Compiling thiserror v1.0.69
   Compiling objc2-app-kit v0.2.2
   Compiling objc2-core-graphics v0.3.2
   Compiling zerocopy v0.8.59
   Compiling errno v0.3.14
   Compiling getrandom v0.4.3
   Compiling clang-sys v1.9.1
   Compiling accesskit_consumer v0.38.0
   Compiling strum v0.28.0
   Compiling accesskit_macos v0.26.3
   Compiling derive_more v2.1.1
   Compiling tempfile v3.27.0
   Compiling bindgen v0.72.1
   Compiling futures-concurrency v7.7.1
   Compiling objc2-core-location v0.3.2
   Compiling objc2-app-kit v0.3.2
   Compiling objc2-screen-capture-kit v0.3.2
   Compiling objc2-user-notifications v0.3.2
   Compiling postage v0.5.0
   Compiling gpui-alloy-apple v0.1.0
   Compiling gpui-alloy-ztracing v0.1.0
   Compiling gpui-alloy-sum-tree v0.1.0
   Compiling gpui-alloy v0.1.0
   Compiling gpui-alloy-http-client v0.1.0
   Compiling ppv-lite86 v0.2.21
   Compiling half v2.7.1
   Compiling rand_chacha v0.9.0
   Compiling exr v1.74.2
   Compiling tiff v0.11.3
   Compiling rand v0.9.5
   Compiling gpui-alloy-scheduler v0.1.0
   Compiling image v0.25.10
   Compiling gpui-alloy-macos v0.1.0 (/private/tmp/gpui-alloy-registry-target/package/gpui-alloy-macos-0.1.0)
warning: use of deprecated type alias `cocoa::base::id`: use the objc2 crate instead
  --> src/gpui_macos.rs:38:12
   |
38 |     base::{id, nil},
   |            ^^
   |
   = note: `#[warn(deprecated)]` on by default

warning: use of deprecated constant `cocoa::base::nil`: use the objc2 crate instead
  --> src/gpui_macos.rs:38:16
   |
38 |     base::{id, nil},
   |                ^^^

warning: use of deprecated trait `cocoa::foundation::NSAutoreleasePool`: use the objc2-foundation crate instead
  --> src/gpui_macos.rs:39:18
   |
39 |     foundation::{NSAutoreleasePool, NSNotFound, NSString, NSUInteger},
   |                  ^^^^^^^^^^^^^^^^^

warning: use of deprecated constant `cocoa::foundation::NSNotFound`: use the objc2-foundation crate instead
  --> src/gpui_macos.rs:39:37
   |
39 |     foundation::{NSAutoreleasePool, NSNotFound, NSString, NSUInteger},
   |                                     ^^^^^^^^^^

warning: use of deprecated trait `cocoa::foundation::NSString`: use the objc2-foundation crate instead
  --> src/gpui_macos.rs:39:49
   |
39 |     foundation::{NSAutoreleasePool, NSNotFound, NSString, NSUInteger},
   |                                                 ^^^^^^^^

warning: use of deprecated type alias `cocoa::foundation::NSUInteger`: use the objc2-foundation crate instead
  --> src/gpui_macos.rs:39:59
   |
39 |     foundation::{NSAutoreleasePool, NSNotFound, NSString, NSUInteger},
   |                                                           ^^^^^^^^^^

warning: use of deprecated type alias `cocoa::base::id`: use the objc2 crate instead
  --> src/gpui_macos.rs:74:22
   |
74 | impl NSStringExt for id {
   |                      ^^

warning: use of deprecated type alias `cocoa::foundation::NSUInteger`: use the objc2-foundation crate instead
  --> src/gpui_macos.rs:90:19
   |
90 |     pub location: NSUInteger,
   |                   ^^^^^^^^^^

warning: use of deprecated type alias `cocoa::foundation::NSUInteger`: use the objc2-foundation crate instead
  --> src/gpui_macos.rs:91:17
   |
91 |     pub length: NSUInteger,
   |                 ^^^^^^^^^^

warning: use of deprecated type alias `cocoa::base::id`: use the objc2 crate instead
   --> src/gpui_macos.rs:139:38
    |
139 | unsafe fn ns_string(string: &str) -> id {
    |                                      ^^

warning: use of deprecated associated function `cocoa::foundation::NSString::alloc`: use the objc2-foundation crate instead
   --> src/gpui_macos.rs:140:24
    |
140 |     unsafe { NSString::alloc(nil).init_str(string).autorelease() }
    |                        ^^^^^

warning: use of deprecated constant `cocoa::base::nil`: use the objc2 crate instead
   --> src/gpui_macos.rs:140:30
    |
140 |     unsafe { NSString::alloc(nil).init_str(string).autorelease() }
    |                              ^^^

warning: use of deprecated constant `cocoa::foundation::NSNotFound`: use the objc2-foundation crate instead
  --> src/gpui_macos.rs:97:23
   |
97 |             location: NSNotFound as NSUInteger,
   |                       ^^^^^^^^^^

warning: use of deprecated type alias `cocoa::foundation::NSUInteger`: use the objc2-foundation crate instead
  --> src/gpui_macos.rs:97:37
   |
97 |             location: NSNotFound as NSUInteger,
   |                                     ^^^^^^^^^^

warning: use of deprecated constant `cocoa::foundation::NSNotFound`: use the objc2-foundation crate instead
   --> src/gpui_macos.rs:103:26
    |
103 |         self.location != NSNotFound as NSUInteger
    |                          ^^^^^^^^^^

warning: use of deprecated type alias `cocoa::foundation::NSUInteger`: use the objc2-foundation crate instead
   --> src/gpui_macos.rs:103:40
    |
103 |         self.location != NSNotFound as NSUInteger
    |                                        ^^^^^^^^^^

warning: use of deprecated type alias `cocoa::foundation::NSUInteger`: use the objc2-foundation crate instead
   --> src/gpui_macos.rs:120:38
    |
120 |             location: range.start as NSUInteger,
    |                                      ^^^^^^^^^^

warning: use of deprecated type alias `cocoa::foundation::NSUInteger`: use the objc2-foundation crate instead
   --> src/gpui_macos.rs:121:36
    |
121 |             length: range.len() as NSUInteger,
    |                                    ^^^^^^^^^^

warning: use of deprecated type alias `cocoa::foundation::NSUInteger`: use the objc2-foundation crate instead
   --> src/gpui_macos.rs:130:13
    |
130 |             NSUInteger::encode().as_str(),
    |             ^^^^^^^^^^

warning: use of deprecated type alias `cocoa::foundation::NSUInteger`: use the objc2-foundation crate instead
   --> src/gpui_macos.rs:131:13
    |
131 |             NSUInteger::encode().as_str()
    |             ^^^^^^^^^^

warning: use of deprecated type alias `cocoa::base::id`: use the objc2 crate instead
 --> src/display.rs:5:12
  |
5 |     base::{id, nil},
  |            ^^

warning: use of deprecated constant `cocoa::base::nil`: use the objc2 crate instead
 --> src/display.rs:5:16
  |
5 |     base::{id, nil},
  |                ^^^

warning: use of deprecated trait `cocoa::foundation::NSArray`: use the objc2-foundation crate instead
 --> src/display.rs:6:18
  |
6 |     foundation::{NSArray, NSDictionary},
  |                  ^^^^^^^

warning: use of deprecated trait `cocoa::foundation::NSDictionary`: use the objc2-foundation crate instead
 --> src/display.rs:6:27
  |
6 |     foundation::{NSArray, NSDictionary},
  |                           ^^^^^^^^^^^^

warning: use of deprecated constant `cocoa::base::nil`: use the objc2 crate instead
  --> src/display.rs:37:45
   |
37 |             let screens = NSScreen::screens(nil);
   |                                             ^^^

warning: use of deprecated method `cocoa::foundation::NSArray::objectAtIndex`: use the objc2-foundation crate instead
  --> src/display.rs:38:54
   |
38 |             let screen = cocoa::foundation::NSArray::objectAtIndex(screens, 0);
   |                                                      ^^^^^^^^^^^^^

warning: use of deprecated type alias `cocoa::base::id`: use the objc2 crate instead
  --> src/display.rs:40:36
   |
40 |             let screen_number_key: id = ns_string("NSScreenNumber");
   |                                    ^^

warning: use of deprecated constant `cocoa::base::nil`: use the objc2 crate instead
   --> src/display.rs:125:36
    |
125 |             if dominated_screen == nil {
    |                                    ^^^

warning: use of deprecated type alias `cocoa::base::id`: use the objc2 crate instead
   --> src/display.rs:153:38
    |
153 |     unsafe fn get_nsscreen(&self) -> id {
    |                                      ^^

warning: use of deprecated constant `cocoa::base::nil`: use the objc2 crate instead
   --> src/display.rs:154:50
    |
154 |         let screens = unsafe { NSScreen::screens(nil) };
    |                                                  ^^^

warning: use of deprecated method `cocoa::foundation::NSArray::count`: use the objc2-foundation crate instead
   --> src/display.rs:155:39
    |
155 |         let count = unsafe { NSArray::count(screens) };
    |                                       ^^^^^

warning: use of deprecated type alias `cocoa::base::id`: use the objc2 crate instead
   --> src/display.rs:156:32
    |
156 |         let screen_number_key: id = unsafe { ns_string("NSScreenNumber") };
    |                                ^^

warning: use of deprecated method `cocoa::foundation::NSArray::objectAtIndex`: use the objc2-foundation crate instead
   --> src/display.rs:159:44
    |
159 |             let screen = unsafe { NSArray::objectAtIndex(screens, i) };
    |                                            ^^^^^^^^^^^^^

warning: use of deprecated constant `cocoa::base::nil`: use the objc2 crate instead
   --> src/display.rs:167:9
    |
167 |         nil
    |         ^^^

warning: use of deprecated type alias `cocoa::base::id`: use the objc2 crate instead
  --> src/events.rs:14:17
   |
14 |     base::{YES, id},
   |                 ^^

warning: use of deprecated type alias `cocoa::base::id`: use the objc2 crate instead
  --> src/events.rs:85:40
   |
85 | unsafe fn read_modifiers(native_event: id) -> Modifiers {
   |                                        ^^

warning: use of deprecated type alias `cocoa::base::id`: use the objc2 crate instead
   --> src/events.rs:105:19
    |
105 |     native_event: id,
    |                   ^^

warning: use of deprecated type alias `cocoa::base::id`: use the objc2 crate instead
   --> src/events.rs:338:41
    |
338 | unsafe fn parse_keystroke(native_event: id) -> Keystroke {
    |                                         ^^

warning: use of deprecated type alias `cocoa::base::id`: use the objc2 crate instead
  --> src/pasteboard.rs:10:12
   |
10 |     base::{id, nil},
   |            ^^

warning: use of deprecated constant `cocoa::base::nil`: use the objc2 crate instead
  --> src/pasteboard.rs:10:16
   |
10 |     base::{id, nil},
   |                ^^^

warning: use of deprecated trait `cocoa::foundation::NSArray`: use the objc2-foundation crate instead
  --> src/pasteboard.rs:11:18
   |
11 |     foundation::{NSArray, NSData, NSFastEnumeration, NSString},
   |                  ^^^^^^^

warning: use of deprecated trait `cocoa::foundation::NSData`: use the objc2-foundation crate instead
  --> src/pasteboard.rs:11:27
   |
11 |     foundation::{NSArray, NSData, NSFastEnumeration, NSString},
   |                           ^^^^^^

warning: use of deprecated trait `cocoa::foundation::NSFastEnumeration`: use the objc2-foundation crate instead
  --> src/pasteboard.rs:11:35
   |
11 |     foundation::{NSArray, NSData, NSFastEnumeration, NSString},
   |                                   ^^^^^^^^^^^^^^^^^

warning: use of deprecated trait `cocoa::foundation::NSString`: use the objc2-foundation crate instead
  --> src/pasteboard.rs:11:54
   |
11 |     foundation::{NSArray, NSData, NSFastEnumeration, NSString},
   |                                                      ^^^^^^^^

warning: use of deprecated type alias `cocoa::base::id`: use the objc2 crate instead
   --> src/pasteboard.rs:275:19
    |
275 | pub struct UTType(id);
    |                   ^^

warning: use of deprecated constant `cocoa::base::nil`: use the objc2 crate instead
  --> src/pasteboard.rs:30:60
   |
30 |         unsafe { Self::new(NSPasteboard::generalPasteboard(nil)) }
   |                                                            ^^^

warning: use of deprecated constant `cocoa::base::nil`: use the objc2 crate instead
  --> src/pasteboard.rs:34:61
   |
34 |         unsafe { Self::new(NSPasteboard::pasteboardWithName(nil, NSPasteboardNameFind)) }
   |                                                             ^^^

warning: use of deprecated type alias `cocoa::base::id`: use the objc2 crate instead
  --> src/pasteboard.rs:42:26
   |
42 |     unsafe fn new(inner: id) -> Self {
   |                          ^^

warning: use of deprecated constant `cocoa::base::nil`: use the objc2 crate instead
  --> src/pasteboard.rs:56:29
   |
56 |             if filenames != nil && NSArray::count(filenames) > 0 {
   |                             ^^^

warning: use of deprecated method `cocoa::foundation::NSArray::count`: use the objc2-foundation crate instead
  --> src/pasteboard.rs:56:45
   |
56 |             if filenames != nil && NSArray::count(filenames) > 0 {
   |                                             ^^^^^

warning: use of deprecated method `cocoa::foundation::NSString::UTF8String`: use the objc2-foundation crate instead
  --> src/pasteboard.rs:59:39
   |
59 |                     let f = NSString::UTF8String(file);
   |                                       ^^^^^^^^^^

warning: use of deprecated type alias `cocoa::base::id`: use the objc2 crate instead
  --> src/pasteboard.rs:98:24
   |
98 |             let types: id = self.inner.types();
   |                        ^^

warning: use of deprecated type alias `cocoa::base::id`: use the objc2 crate instead
   --> src/pasteboard.rs:116:35
    |
116 |             let pasteboard_types: id = self.inner.types();
    |                                   ^^

warning: use of deprecated type alias `cocoa::base::id`: use the objc2 crate instead
   --> src/pasteboard.rs:117:30
    |
117 |             let string_type: id = ns_string("public.utf8-plain-text");
    |                              ^^

warning: use of deprecated type alias `cocoa::base::id`: use the objc2 crate instead
   --> src/pasteboard.rs:144:42
    |
144 |     unsafe fn data_for_type(&self, kind: id) -> Option<Vec<u8>> {
    |                                          ^^

warning: use of deprecated constant `cocoa::base::nil`: use the objc2 crate instead
   --> src/pasteboard.rs:147:24
    |
147 |             if data == nil {
    |                        ^^^

warning: use of deprecated associated function `cocoa::foundation::NSData::dataWithBytes_length_`: use the objc2-foundation crate instead
   --> src/pasteboard.rs:208:38
    |
208 |             let text_bytes = NSData::dataWithBytes_length_(
    |                                      ^^^^^^^^^^^^^^^^^^^^^

warning: use of deprecated constant `cocoa::base::nil`: use the objc2 crate instead
   --> src/pasteboard.rs:209:17
    |
209 |                 nil,
    |                 ^^^

warning: use of deprecated associated function `cocoa::foundation::NSData::dataWithBytes_length_`: use the objc2-foundation crate instead
   --> src/pasteboard.rs:218:42
    |
218 |                 let hash_bytes = NSData::dataWithBytes_length_(
    |                                          ^^^^^^^^^^^^^^^^^^^^^

warning: use of deprecated constant `cocoa::base::nil`: use the objc2 crate instead
   --> src/pasteboard.rs:219:21
    |
219 |                     nil,
    |                     ^^^

warning: use of deprecated associated function `cocoa::foundation::NSData::dataWithBytes_length_`: use the objc2-foundation crate instead
   --> src/pasteboard.rs:225:46
    |
225 |                 let metadata_bytes = NSData::dataWithBytes_length_(
    |                                              ^^^^^^^^^^^^^^^^^^^^^

warning: use of deprecated constant `cocoa::base::nil`: use the objc2 crate instead
   --> src/pasteboard.rs:226:21
    |
226 |                     nil,
    |                     ^^^

warning: use of deprecated associated function `cocoa::foundation::NSData::dataWithBytes_length_`: use the objc2-foundation crate instead
   --> src/pasteboard.rs:240:33
    |
240 |             let bytes = NSData::dataWithBytes_length_(
    |                                 ^^^^^^^^^^^^^^^^^^^^^

warning: use of deprecated constant `cocoa::base::nil`: use the objc2 crate instead
   --> src/pasteboard.rs:241:17
    |
241 |                 nil,
    |                 ^^^

warning: use of deprecated type alias `cocoa::base::id`: use the objc2 crate instead
   --> src/pasteboard.rs:255:38
    |
255 |     pub static NSPasteboardNameFind: id;
    |                                      ^^

warning: use of deprecated type alias `cocoa::base::id`: use the objc2 crate instead
  --> src/platform.rs:17:27
   |
17 |     base::{BOOL, NO, YES, id, nil, selector},
   |                           ^^

warning: use of deprecated constant `cocoa::base::nil`: use the objc2 crate instead
  --> src/platform.rs:17:31
   |
17 |     base::{BOOL, NO, YES, id, nil, selector},
   |                               ^^^

warning: use of deprecated function `cocoa::base::selector`: use the objc2 crate instead
  --> src/platform.rs:17:36
   |
17 |     base::{BOOL, NO, YES, id, nil, selector},
   |                                    ^^^^^^^^

warning: use of deprecated trait `cocoa::foundation::NSArray`: use the objc2-foundation crate instead
  --> src/platform.rs:19:9
   |
19 |         NSArray, NSAutoreleasePool, NSBundle, NSInteger, NSProcessInfo, NSString, NSUInteger, NSURL,
   |         ^^^^^^^

warning: use of deprecated trait `cocoa::foundation::NSAutoreleasePool`: use the objc2-foundation crate instead
  --> src/platform.rs:19:18
   |
19 |         NSArray, NSAutoreleasePool, NSBundle, NSInteger, NSProcessInfo, NSString, NSUInteger, NSURL,
   |                  ^^^^^^^^^^^^^^^^^

warning: use of deprecated trait `cocoa::foundation::NSBundle`: use the objc2-foundation crate instead
  --> src/platform.rs:19:37
   |
19 |         NSArray, NSAutoreleasePool, NSBundle, NSInteger, NSProcessInfo, NSString, NSUInteger, NSURL,
   |                                     ^^^^^^^^

warning: use of deprecated type alias `cocoa::foundation::NSInteger`: use the objc2-foundation crate instead
  --> src/platform.rs:19:47
   |
19 |         NSArray, NSAutoreleasePool, NSBundle, NSInteger, NSProcessInfo, NSString, NSUInteger, NSURL,
   |                                               ^^^^^^^^^

warning: use of deprecated trait `cocoa::foundation::NSProcessInfo`: use the objc2-foundation crate instead
  --> src/platform.rs:19:58
   |
19 |         NSArray, NSAutoreleasePool, NSBundle, NSInteger, NSProcessInfo, NSString, NSUInteger, NSURL,
   |                                                          ^^^^^^^^^^^^^

warning: use of deprecated trait `cocoa::foundation::NSString`: use the objc2-foundation crate instead
  --> src/platform.rs:19:73
   |
19 |         NSArray, NSAutoreleasePool, NSBundle, NSInteger, NSProcessInfo, NSString, NSUInteger, NSURL,
   |                                                                         ^^^^^^^^

warning: use of deprecated type alias `cocoa::foundation::NSUInteger`: use the objc2-foundation crate instead
  --> src/platform.rs:19:83
   |
19 |         NSArray, NSAutoreleasePool, NSBundle, NSInteger, NSProcessInfo, NSString, NSUInteger, NSURL,
   |                                                                                   ^^^^^^^^^^

warning: use of deprecated trait `cocoa::foundation::NSURL`: use the objc2-foundation crate instead
  --> src/platform.rs:19:95
   |
19 |         NSArray, NSAutoreleasePool, NSBundle, NSInteger, NSProcessInfo, NSString, NSUInteger, NSURL,
   |                                                                                               ^^^^^

warning: use of deprecated type alias `cocoa::foundation::NSUInteger`: use the objc2-foundation crate instead
  --> src/platform.rs:72:29
   |
72 | const NSUTF8StringEncoding: NSUInteger = 4;
   |                             ^^^^^^^^^^

warning: use of deprecated type alias `cocoa::base::id`: use the objc2 crate instead
  --> src/platform.rs:93:74
   |
93 |                 will_finish_launching as extern "C" fn(&mut Object, Sel, id),
   |                                                                          ^^

warning: use of deprecated type alias `cocoa::base::id`: use the objc2 crate instead
  --> src/platform.rs:97:73
   |
97 |                 did_finish_launching as extern "C" fn(&mut Object, Sel, id),
   |                                                                         ^^

warning: use of deprecated type alias `cocoa::base::id`: use the objc2 crate instead
   --> src/platform.rs:101:73
    |
101 |                 should_handle_reopen as extern "C" fn(&mut Object, Sel, id, bool),
    |                                                                         ^^

warning: use of deprecated type alias `cocoa::base::id`: use the objc2 crate instead
   --> src/platform.rs:105:67
    |
105 |                 will_terminate as extern "C" fn(&mut Object, Sel, id),
    |                                                                   ^^

warning: use of deprecated type alias `cocoa::base::id`: use the objc2 crate instead
   --> src/platform.rs:109:69
    |
109 |                 handle_menu_item as extern "C" fn(&mut Object, Sel, id),
    |                                                                     ^^

warning: use of deprecated type alias `cocoa::base::id`: use the objc2 crate instead
   --> src/platform.rs:114:69
    |
114 |                 handle_menu_item as extern "C" fn(&mut Object, Sel, id),
    |                                                                     ^^

warning: use of deprecated type alias `cocoa::base::id`: use the objc2 crate instead
   --> src/platform.rs:118:69
    |
118 |                 handle_menu_item as extern "C" fn(&mut Object, Sel, id),
    |                                                                     ^^

warning: use of deprecated type alias `cocoa::base::id`: use the objc2 crate instead
   --> src/platform.rs:122:69
    |
122 |                 handle_menu_item as extern "C" fn(&mut Object, Sel, id),
    |                                                                     ^^

warning: use of deprecated type alias `cocoa::base::id`: use the objc2 crate instead
   --> src/platform.rs:126:69
    |
126 |                 handle_menu_item as extern "C" fn(&mut Object, Sel, id),
    |                                                                     ^^

warning: use of deprecated type alias `cocoa::base::id`: use the objc2 crate instead
   --> src/platform.rs:130:69
    |
130 |                 handle_menu_item as extern "C" fn(&mut Object, Sel, id),
    |                                                                     ^^

warning: use of deprecated type alias `cocoa::base::id`: use the objc2 crate instead
   --> src/platform.rs:134:69
    |
134 |                 handle_menu_item as extern "C" fn(&mut Object, Sel, id),
    |                                                                     ^^

warning: use of deprecated type alias `cocoa::base::id`: use the objc2 crate instead
   --> src/platform.rs:138:71
    |
138 |                 validate_menu_item as extern "C" fn(&mut Object, Sel, id) -> bool,
    |                                                                       ^^

warning: use of deprecated type alias `cocoa::base::id`: use the objc2 crate instead
   --> src/platform.rs:142:67
    |
142 |                 menu_will_open as extern "C" fn(&mut Object, Sel, id),
    |                                                                   ^^

warning: use of deprecated type alias `cocoa::base::id`: use the objc2 crate instead
   --> src/platform.rs:146:69
    |
146 |                 handle_dock_menu as extern "C" fn(&mut Object, Sel, id) -> id,
    |                                                                     ^^

warning: use of deprecated type alias `cocoa::base::id`: use the objc2 crate instead
   --> src/platform.rs:146:76
    |
146 |                 handle_dock_menu as extern "C" fn(&mut Object, Sel, id) -> id,
    |                                                                            ^^

warning: use of deprecated type alias `cocoa::base::id`: use the objc2 crate instead
   --> src/platform.rs:150:62
    |
150 |                 open_urls as extern "C" fn(&mut Object, Sel, id, id),
    |                                                              ^^

warning: use of deprecated type alias `cocoa::base::id`: use the objc2 crate instead
   --> src/platform.rs:150:66
    |
150 |                 open_urls as extern "C" fn(&mut Object, Sel, id, id),
    |                                                                  ^^

warning: use of deprecated type alias `cocoa::base::id`: use the objc2 crate instead
   --> src/platform.rs:155:78
    |
155 |                 on_keyboard_layout_change as extern "C" fn(&mut Object, Sel, id),
    |                                                                              ^^

warning: use of deprecated type alias `cocoa::base::id`: use the objc2 crate instead
   --> src/platform.rs:160:76
    |
160 |                 on_thermal_state_change as extern "C" fn(&mut Object, Sel, id),
    |                                                                            ^^

warning: use of deprecated type alias `cocoa::base::id`: use the objc2 crate instead
   --> src/platform.rs:165:68
    |
165 |                 on_system_sleep as extern "C" fn(&mut Object, Sel, id),
    |                                                                    ^^

warning: use of deprecated type alias `cocoa::base::id`: use the objc2 crate instead
   --> src/platform.rs:170:67
    |
170 |                 on_system_wake as extern "C" fn(&mut Object, Sel, id),
    |                                                                   ^^

warning: use of deprecated type alias `cocoa::base::id`: use the objc2 crate instead
   --> src/platform.rs:201:23
    |
201 |     dock_menu: Option<id>,
    |                       ^^

warning: use of deprecated constant `cocoa::base::nil`: use the objc2 crate instead
   --> src/platform.rs:572:60
    |
572 |                 let app = NSApplication::sharedApplication(nil);
    |                                                            ^^^

warning: use of deprecated constant `cocoa::base::nil`: use the objc2 crate instead
   --> src/platform.rs:573:55
    |
573 |                 let _: () = msg_send![app, terminate: nil];
    |                                                       ^^^

warning: use of deprecated type alias `cocoa::foundation::NSInteger`: use the objc2-foundation crate instead
    --> src/platform.rs:1146:39
     |
1146 |         const NSScrollerStyleOverlay: NSInteger = 1;
     |                                       ^^^^^^^^^

warning: use of deprecated type alias `cocoa::base::id`: use the objc2 crate instead
    --> src/platform.rs:1280:32
     |
1280 | unsafe fn path_from_objc(path: id) -> PathBuf {
     |                                ^^

warning: use of deprecated type alias `cocoa::base::id`: use the objc2 crate instead
    --> src/platform.rs:1295:68
     |
1295 | extern "C" fn will_finish_launching(_this: &mut Object, _: Sel, _: id) {
     |                                                                    ^^

warning: use of deprecated type alias `cocoa::base::id`: use the objc2 crate instead
    --> src/platform.rs:1297:28
     |
1297 |         let user_defaults: id = msg_send![class!(NSUserDefaults), standardUserDefaults];
     |                            ^^

warning: use of deprecated type alias `cocoa::base::id`: use the objc2 crate instead
    --> src/platform.rs:1304:29
     |
1304 |         let existing_value: id = msg_send![user_defaults, objectForKey: name];
     |                             ^^

warning: use of deprecated constant `cocoa::base::nil`: use the objc2 crate instead
    --> src/platform.rs:1305:30
     |
1305 |         if existing_value == nil {
     |                              ^^^

warning: use of deprecated type alias `cocoa::base::id`: use the objc2 crate instead
    --> src/platform.rs:1306:30
     |
1306 |             let false_value: id = msg_send![class!(NSNumber), numberWithBool:false];
     |                              ^^

warning: use of deprecated type alias `cocoa::base::id`: use the objc2 crate instead
    --> src/platform.rs:1312:66
     |
1312 | extern "C" fn did_finish_launching(this: &mut Object, _: Sel, _: id) {
     |                                                                  ^^

warning: use of deprecated type alias `cocoa::base::id`: use the objc2 crate instead
    --> src/platform.rs:1314:18
     |
1314 |         let app: id = msg_send![APP_CLASS, sharedApplication];
     |                  ^^

warning: use of deprecated type alias `cocoa::base::id`: use the objc2 crate instead
    --> src/platform.rs:1320:73
     |
1320 |         let _: () = msg_send![notification_center, addObserver: this as id
     |                                                                         ^^

warning: use of deprecated constant `cocoa::base::nil`: use the objc2 crate instead
    --> src/platform.rs:1323:21
     |
1323 |             object: nil
     |                     ^^^

warning: use of deprecated type alias `cocoa::base::id`: use the objc2 crate instead
    --> src/platform.rs:1327:27
     |
1327 |         let process_info: id = msg_send![class!(NSProcessInfo), processInfo];
     |                           ^^

warning: use of deprecated type alias `cocoa::base::id`: use the objc2 crate instead
    --> src/platform.rs:1328:73
     |
1328 |         let _: () = msg_send![notification_center, addObserver: this as id
     |                                                                         ^^

warning: use of deprecated type alias `cocoa::base::id`: use the objc2 crate instead
    --> src/platform.rs:1375:66
     |
1375 | extern "C" fn should_handle_reopen(this: &mut Object, _: Sel, _: id, has_open_windows: bool) {
     |                                                                  ^^

warning: use of deprecated type alias `cocoa::base::id`: use the objc2 crate instead
    --> src/platform.rs:1387:60
     |
1387 | extern "C" fn will_terminate(this: &mut Object, _: Sel, _: id) {
     |                                                            ^^

warning: use of deprecated type alias `cocoa::base::id`: use the objc2 crate instead
    --> src/platform.rs:1397:71
     |
1397 | extern "C" fn on_keyboard_layout_change(this: &mut Object, _: Sel, _: id) {
     |                                                                       ^^

warning: use of deprecated type alias `cocoa::base::id`: use the objc2 crate instead
    --> src/platform.rs:1413:69
     |
1413 | extern "C" fn on_thermal_state_change(this: &mut Object, _: Sel, _: id) {
     |                                                                     ^^

warning: use of deprecated type alias `cocoa::base::id`: use the objc2 crate instead
    --> src/platform.rs:1441:61
     |
1441 | extern "C" fn on_system_sleep(this: &mut Object, _: Sel, _: id) {
     |                                                             ^^

warning: use of deprecated type alias `cocoa::base::id`: use the objc2 crate instead
    --> src/platform.rs:1462:60
     |
1462 | extern "C" fn on_system_wake(this: &mut Object, _: Sel, _: id) {
     |                                                            ^^

warning: use of deprecated type alias `cocoa::base::id`: use the objc2 crate instead
    --> src/platform.rs:1483:55
     |
1483 | extern "C" fn open_urls(this: &mut Object, _: Sel, _: id, urls: id) {
     |                                                       ^^

warning: use of deprecated type alias `cocoa::base::id`: use the objc2 crate instead
    --> src/platform.rs:1483:65
     |
1483 | extern "C" fn open_urls(this: &mut Object, _: Sel, _: id, urls: id) {
     |                                                                 ^^

warning: use of deprecated type alias `cocoa::base::id`: use the objc2 crate instead
    --> src/platform.rs:1507:65
     |
1507 | extern "C" fn handle_menu_item(this: &mut Object, _: Sel, item: id) {
     |                                                                 ^^

warning: use of deprecated type alias `cocoa::foundation::NSInteger`: use the objc2-foundation crate instead
    --> src/platform.rs:1512:22
     |
1512 |             let tag: NSInteger = msg_send![item, tag];
     |                      ^^^^^^^^^

warning: use of deprecated type alias `cocoa::base::id`: use the objc2 crate instead
    --> src/platform.rs:1524:67
     |
1524 | extern "C" fn validate_menu_item(this: &mut Object, _: Sel, item: id) -> bool {
     |                                                                   ^^

warning: use of deprecated type alias `cocoa::foundation::NSInteger`: use the objc2-foundation crate instead
    --> src/platform.rs:1530:22
     |
1530 |             let tag: NSInteger = msg_send![item, tag];
     |                      ^^^^^^^^^

warning: use of deprecated type alias `cocoa::base::id`: use the objc2 crate instead
    --> src/platform.rs:1547:60
     |
1547 | extern "C" fn menu_will_open(this: &mut Object, _: Sel, _: id) {
     |                                                            ^^

warning: use of deprecated type alias `cocoa::base::id`: use the objc2 crate instead
    --> src/platform.rs:1559:62
     |
1559 | extern "C" fn handle_dock_menu(this: &mut Object, _: Sel, _: id) -> id {
     |                                                              ^^

warning: use of deprecated type alias `cocoa::base::id`: use the objc2 crate instead
    --> src/platform.rs:1559:69
     |
1559 | extern "C" fn handle_dock_menu(this: &mut Object, _: Sel, _: id) -> id {
     |                                                                     ^^

warning: use of deprecated constant `cocoa::base::nil`: use the objc2 crate instead
    --> src/platform.rs:1566:13
     |
1566 |             nil
     |             ^^^

warning: use of deprecated type alias `cocoa::base::id`: use the objc2 crate instead
    --> src/platform.rs:1571:31
     |
1571 | unsafe fn ns_url_to_path(url: id) -> Result<PathBuf> {
     |                               ^^

warning: use of deprecated type alias `cocoa::base::id`: use the objc2 crate instead
   --> src/platform.rs:263:19
    |
263 |         delegate: id,
    |                   ^^

warning: use of deprecated type alias `cocoa::base::id`: use the objc2 crate instead
   --> src/platform.rs:266:10
    |
266 |     ) -> id {
    |          ^^

warning: use of deprecated constant `cocoa::base::nil`: use the objc2 crate instead
   --> src/platform.rs:268:48
    |
268 |             let application_menu = NSMenu::new(nil).autorelease();
    |                                                ^^^

warning: use of deprecated constant `cocoa::base::nil`: use the objc2 crate instead
   --> src/platform.rs:272:40
    |
272 |                 let menu = NSMenu::new(nil).autorelease();
    |                                        ^^^

warning: use of deprecated constant `cocoa::base::nil`: use the objc2 crate instead
   --> src/platform.rs:286:49
    |
286 |                 let menu_item = NSMenuItem::new(nil).autorelease();
    |                                                 ^^^

warning: use of deprecated type alias `cocoa::base::id`: use the objc2 crate instead
   --> src/platform.rs:292:30
    |
292 |                     let app: id = msg_send![APP_CLASS, sharedApplication];
    |                              ^^

warning: use of deprecated type alias `cocoa::base::id`: use the objc2 crate instead
   --> src/platform.rs:304:19
    |
304 |         delegate: id,
    |                   ^^

warning: use of deprecated type alias `cocoa::base::id`: use the objc2 crate instead
   --> src/platform.rs:307:10
    |
307 |     ) -> id {
    |          ^^

warning: use of deprecated constant `cocoa::base::nil`: use the objc2 crate instead
   --> src/platform.rs:309:41
    |
309 |             let dock_menu = NSMenu::new(nil);
    |                                         ^^^

warning: use of deprecated type alias `cocoa::base::id`: use the objc2 crate instead
   --> src/platform.rs:326:19
    |
326 |         delegate: id,
    |                   ^^

warning: use of deprecated type alias `cocoa::base::id`: use the objc2 crate instead
   --> src/platform.rs:329:10
    |
329 |     ) -> id {
    |          ^^

warning: use of deprecated constant `cocoa::base::nil`: use the objc2 crate instead
   --> src/platform.rs:334:66
    |
334 |                 MenuItem::Separator => NSMenuItem::separatorItem(nil),
    |                                                                  ^^^

warning: use of deprecated function `cocoa::base::selector`: use the objc2 crate instead
   --> src/platform.rs:366:54
    |
366 |                         Some(gpui::OsAction::Cut) => selector("cut:"),
    |                                                      ^^^^^^^^

warning: use of deprecated function `cocoa::base::selector`: use the objc2 crate instead
   --> src/platform.rs:367:55
    |
367 |                         Some(gpui::OsAction::Copy) => selector("copy:"),
    |                                                       ^^^^^^^^

warning: use of deprecated function `cocoa::base::selector`: use the objc2 crate instead
   --> src/platform.rs:368:56
    |
368 |                         Some(gpui::OsAction::Paste) => selector("paste:"),
    |                                                        ^^^^^^^^

warning: use of deprecated function `cocoa::base::selector`: use the objc2 crate instead
   --> src/platform.rs:369:60
    |
369 |                         Some(gpui::OsAction::SelectAll) => selector("selectAll:"),
    |                                                            ^^^^^^^^

warning: use of deprecated function `cocoa::base::selector`: use the objc2 crate instead
   --> src/platform.rs:372:55
    |
372 |                         Some(gpui::OsAction::Undo) => selector("handleGPUIMenuItem:"),
    |                                                       ^^^^^^^^

warning: use of deprecated function `cocoa::base::selector`: use the objc2 crate instead
   --> src/platform.rs:373:55
    |
373 |                         Some(gpui::OsAction::Redo) => selector("handleGPUIMenuItem:"),
    |                                                       ^^^^^^^^

warning: use of deprecated function `cocoa::base::selector`: use the objc2 crate instead
   --> src/platform.rs:374:33
    |
374 |                         None => selector("handleGPUIMenuItem:"),
    |                                 ^^^^^^^^

warning: use of deprecated constant `cocoa::base::nil`: use the objc2 crate instead
   --> src/platform.rs:405:54
    |
405 | ...                   item = NSMenuItem::alloc(nil)
    |                                                ^^^

warning: use of deprecated constant `cocoa::base::nil`: use the objc2 crate instead
   --> src/platform.rs:417:54
    |
417 | ...                   item = NSMenuItem::alloc(nil)
    |                                                ^^^

warning: use of deprecated constant `cocoa::base::nil`: use the objc2 crate instead
   --> src/platform.rs:426:50
    |
426 |                         item = NSMenuItem::alloc(nil)
    |                                                  ^^^

warning: use of deprecated type alias `cocoa::foundation::NSInteger`: use the objc2-foundation crate instead
   --> src/platform.rs:440:48
    |
440 |                     let tag = actions.len() as NSInteger;
    |                                                ^^^^^^^^^

warning: use of deprecated constant `cocoa::base::nil`: use the objc2 crate instead
   --> src/platform.rs:450:48
    |
450 |                     let item = NSMenuItem::new(nil).autorelease();
    |                                                ^^^

warning: use of deprecated constant `cocoa::base::nil`: use the objc2 crate instead
   --> src/platform.rs:451:47
    |
451 |                     let submenu = NSMenu::new(nil).autorelease();
    |                                               ^^^

warning: use of deprecated constant `cocoa::base::nil`: use the objc2 crate instead
   --> src/platform.rs:462:48
    |
462 |                     let item = NSMenuItem::new(nil).autorelease();
    |                                                ^^^

warning: use of deprecated constant `cocoa::base::nil`: use the objc2 crate instead
   --> src/platform.rs:463:47
    |
463 |                     let submenu = NSMenu::new(nil).autorelease();
    |                                               ^^^

warning: use of deprecated type alias `cocoa::base::id`: use the objc2 crate instead
   --> src/platform.rs:470:38
    |
470 | ...                   let app: id = msg_send![APP_CLASS, sharedApplication];
    |                                ^^

warning: use of deprecated associated function `cocoa::foundation::NSProcessInfo::processInfo`: use the objc2-foundation crate instead
   --> src/platform.rs:483:47
    |
483 |             let process_info = NSProcessInfo::processInfo(nil);
    |                                               ^^^^^^^^^^^

warning: use of deprecated constant `cocoa::base::nil`: use the objc2 crate instead
   --> src/platform.rs:483:59
    |
483 |             let process_info = NSProcessInfo::processInfo(nil);
    |                                                           ^^^

warning: use of deprecated type alias `cocoa::base::id`: use the objc2 crate instead
   --> src/platform.rs:506:22
    |
506 |             let app: id = msg_send![APP_CLASS, sharedApplication];
    |                      ^^

warning: use of deprecated type alias `cocoa::base::id`: use the objc2 crate instead
   --> src/platform.rs:541:22
    |
541 |             let app: id = msg_send![APP_CLASS, sharedApplication];
    |                      ^^

warning: use of deprecated type alias `cocoa::base::id`: use the objc2 crate instead
   --> src/platform.rs:542:31
    |
542 |             let app_delegate: id = msg_send![APP_DELEGATE_CLASS, new];
    |                               ^^

warning: use of deprecated associated function `cocoa::foundation::NSAutoreleasePool::new`: use the objc2-foundation crate instead
   --> src/platform.rs:549:43
    |
549 |             let pool = NSAutoreleasePool::new(nil);
    |                                           ^^^

warning: use of deprecated constant `cocoa::base::nil`: use the objc2 crate instead
   --> src/platform.rs:549:47
    |
549 |             let pool = NSAutoreleasePool::new(nil);
    |                                               ^^^

warning: use of deprecated constant `cocoa::base::nil`: use the objc2 crate instead
   --> src/platform.rs:628:56
    |
628 |             let app = NSApplication::sharedApplication(nil);
    |                                                        ^^^

warning: use of deprecated constant `cocoa::base::nil`: use the objc2 crate instead
   --> src/platform.rs:635:56
    |
635 |             let app = NSApplication::sharedApplication(nil);
    |                                                        ^^^

warning: use of deprecated constant `cocoa::base::nil`: use the objc2 crate instead
   --> src/platform.rs:636:46
    |
636 |             let _: () = msg_send![app, hide: nil];
    |                                              ^^^

warning: use of deprecated constant `cocoa::base::nil`: use the objc2 crate instead
   --> src/platform.rs:642:56
    |
642 |             let app = NSApplication::sharedApplication(nil);
    |                                                        ^^^

warning: use of deprecated constant `cocoa::base::nil`: use the objc2 crate instead
   --> src/platform.rs:643:63
    |
643 |             let _: () = msg_send![app, hideOtherApplications: nil];
    |                                                               ^^^

warning: use of deprecated constant `cocoa::base::nil`: use the objc2 crate instead
   --> src/platform.rs:649:56
    |
649 |             let app = NSApplication::sharedApplication(nil);
    |                                                        ^^^

warning: use of deprecated constant `cocoa::base::nil`: use the objc2 crate instead
   --> src/platform.rs:650:63
    |
650 |             let _: () = msg_send![app, unhideAllApplications: nil];
    |                                                               ^^^

warning: use of deprecated constant `cocoa::base::nil`: use the objc2 crate instead
   --> src/platform.rs:715:56
    |
715 |             let app = NSApplication::sharedApplication(nil);
    |                                                        ^^^

warning: use of deprecated type alias `cocoa::base::id`: use the objc2 crate instead
   --> src/platform.rs:716:29
    |
716 |             let appearance: id = msg_send![app, effectiveAppearance];
    |                             ^^

warning: use of deprecated type alias `cocoa::base::id`: use the objc2 crate instead
   --> src/platform.rs:723:22
    |
723 |             let app: id = msg_send![APP_CLASS, sharedApplication];
    |                      ^^

warning: use of deprecated constant `cocoa::base::nil`: use the objc2 crate instead
   --> src/platform.rs:727:25
    |
727 |                 None => nil,
    |                         ^^^

warning: use of deprecated type alias `cocoa::base::id`: use the objc2 crate instead
   --> src/platform.rs:729:31
    |
729 |                     let name: id = match appearance {
    |                               ^^

warning: use of deprecated type alias `cocoa::base::id`: use the objc2 crate instead
   --> src/platform.rs:726:32
    |
726 |             let ns_appearance: id = match appearance {
    |                                ^^

warning: use of deprecated associated function `cocoa::foundation::NSURL::alloc`: use the objc2-foundation crate instead
   --> src/platform.rs:746:33
    |
746 |             let ns_url = NSURL::alloc(nil).initWithString_(ns_string(url));
    |                                 ^^^^^

warning: use of deprecated constant `cocoa::base::nil`: use the objc2 crate instead
   --> src/platform.rs:746:39
    |
746 |             let ns_url = NSURL::alloc(nil).initWithString_(ns_string(url));
    |                                       ^^^

warning: use of deprecated type alias `cocoa::base::id`: use the objc2 crate instead
   --> src/platform.rs:752:28
    |
752 |             let workspace: id = msg_send![class!(NSWorkspace), sharedWorkspace];
    |                            ^^

warning: use of deprecated type alias `cocoa::base::id`: use the objc2 crate instead
   --> src/platform.rs:945:36
    |
945 |                     let workspace: id = msg_send![class!(NSWorkspace), sharedWorkspace];
    |                                    ^^

warning: use of deprecated type alias `cocoa::base::id`: use the objc2 crate instead
    --> src/platform.rs:1016:31
     |
1016 |             let process_info: id = msg_send![class!(NSProcessInfo), processInfo];
     |                               ^^

warning: use of deprecated type alias `cocoa::foundation::NSInteger`: use the objc2-foundation crate instead
    --> src/platform.rs:1017:24
     |
1017 |             let state: NSInteger = msg_send![process_info, thermalState];
     |                        ^^^^^^^^^

warning: use of deprecated associated function `cocoa::foundation::NSBundle::mainBundle`: use the objc2-foundation crate instead
    --> src/platform.rs:1066:40
     |
1066 |             let bundle: id = NSBundle::mainBundle();
     |                                        ^^^^^^^^^^

warning: use of deprecated type alias `cocoa::base::id`: use the objc2 crate instead
    --> src/platform.rs:1066:25
     |
1066 |             let bundle: id = NSBundle::mainBundle();
     |                         ^^

warning: use of deprecated type alias `cocoa::base::id`: use the objc2 crate instead
    --> src/platform.rs:1074:22
     |
1074 |             let app: id = msg_send![APP_CLASS, sharedApplication];
     |                      ^^

warning: use of deprecated type alias `cocoa::base::id`: use the objc2 crate instead
    --> src/platform.rs:1090:22
     |
1090 |             let app: id = msg_send![APP_CLASS, sharedApplication];
     |                      ^^

warning: use of deprecated type alias `cocoa::base::id`: use the objc2 crate instead
    --> src/platform.rs:1103:42
     |
1103 |                 let document_controller: id =
     |                                          ^^

warning: use of deprecated associated function `cocoa::foundation::NSURL::fileURLWithPath_`: use the objc2-foundation crate instead
    --> src/platform.rs:1105:38
     |
1105 |                 let url: id = NSURL::fileURLWithPath_(nil, ns_string(path_str));
     |                                      ^^^^^^^^^^^^^^^^

warning: use of deprecated constant `cocoa::base::nil`: use the objc2 crate instead
    --> src/platform.rs:1105:55
     |
1105 |                 let url: id = NSURL::fileURLWithPath_(nil, ns_string(path_str));
     |                                                       ^^^

warning: use of deprecated type alias `cocoa::base::id`: use the objc2 crate instead
    --> src/platform.rs:1105:26
     |
1105 |                 let url: id = NSURL::fileURLWithPath_(nil, ns_string(path_str));
     |                          ^^

warning: use of deprecated associated function `cocoa::foundation::NSBundle::mainBundle`: use the objc2-foundation crate instead
    --> src/platform.rs:1113:40
     |
1113 |             let bundle: id = NSBundle::mainBundle();
     |                                        ^^^^^^^^^^

warning: use of deprecated type alias `cocoa::base::id`: use the objc2 crate instead
    --> src/platform.rs:1113:25
     |
1113 |             let bundle: id = NSBundle::mainBundle();
     |                         ^^

warning: use of deprecated type alias `cocoa::base::id`: use the objc2 crate instead
    --> src/platform.rs:1116:22
     |
1116 |             let url: id = msg_send![bundle, URLForAuxiliaryExecutable: name];
     |                      ^^

warning: use of deprecated type alias `cocoa::foundation::NSInteger`: use the objc2-foundation crate instead
    --> src/platform.rs:1149:24
     |
1149 |             let style: NSInteger = msg_send![class!(NSScroller), preferredScrollerStyle];
     |                        ^^^^^^^^^

warning: use of deprecated type alias `cocoa::base::id`: use the objc2 crate instead
  --> src/window.rs:19:12
   |
19 |     base::{id, nil},
   |            ^^

warning: use of deprecated constant `cocoa::base::nil`: use the objc2 crate instead
  --> src/window.rs:19:16
   |
19 |     base::{id, nil},
   |                ^^^

warning: use of deprecated trait `cocoa::foundation::NSArray`: use the objc2-foundation crate instead
  --> src/window.rs:21:9
   |
21 |         NSArray, NSAutoreleasePool, NSData, NSDictionary, NSFastEnumeration, NSInteger, NSNotFound,
   |         ^^^^^^^

warning: use of deprecated trait `cocoa::foundation::NSAutoreleasePool`: use the objc2-foundation crate instead
  --> src/window.rs:21:18
   |
21 |         NSArray, NSAutoreleasePool, NSData, NSDictionary, NSFastEnumeration, NSInteger, NSNotFound,
   |                  ^^^^^^^^^^^^^^^^^

warning: use of deprecated trait `cocoa::foundation::NSData`: use the objc2-foundation crate instead
  --> src/window.rs:21:37
   |
21 |         NSArray, NSAutoreleasePool, NSData, NSDictionary, NSFastEnumeration, NSInteger, NSNotFound,
   |                                     ^^^^^^

warning: use of deprecated trait `cocoa::foundation::NSDictionary`: use the objc2-foundation crate instead
  --> src/window.rs:21:45
   |
21 |         NSArray, NSAutoreleasePool, NSData, NSDictionary, NSFastEnumeration, NSInteger, NSNotFound,
   |                                             ^^^^^^^^^^^^

warning: use of deprecated trait `cocoa::foundation::NSFastEnumeration`: use the objc2-foundation crate instead
  --> src/window.rs:21:59
   |
21 |         NSArray, NSAutoreleasePool, NSData, NSDictionary, NSFastEnumeration, NSInteger, NSNotFound,
   |                                                           ^^^^^^^^^^^^^^^^^

warning: use of deprecated type alias `cocoa::foundation::NSInteger`: use the objc2-foundation crate instead
  --> src/window.rs:21:78
   |
21 |         NSArray, NSAutoreleasePool, NSData, NSDictionary, NSFastEnumeration, NSInteger, NSNotFound,
   |                                                                              ^^^^^^^^^

warning: use of deprecated constant `cocoa::foundation::NSNotFound`: use the objc2-foundation crate instead
  --> src/window.rs:21:89
   |
21 |         NSArray, NSAutoreleasePool, NSData, NSDictionary, NSFastEnumeration, NSInteger, NSNotFound,
   |                                                                                         ^^^^^^^^^^

warning: use of deprecated struct `cocoa::foundation::NSOperatingSystemVersion`: use the objc2-foundation crate instead
  --> src/window.rs:22:9
   |
22 |         NSOperatingSystemVersion, NSPoint, NSProcessInfo, NSRect, NSSize, NSString, NSUInteger,
   |         ^^^^^^^^^^^^^^^^^^^^^^^^

warning: use of deprecated struct `cocoa::foundation::NSPoint`: use the objc2-foundation crate instead
  --> src/window.rs:22:35
   |
22 |         NSOperatingSystemVersion, NSPoint, NSProcessInfo, NSRect, NSSize, NSString, NSUInteger,
   |                                   ^^^^^^^

warning: use of deprecated trait `cocoa::foundation::NSProcessInfo`: use the objc2-foundation crate instead
  --> src/window.rs:22:44
   |
22 |         NSOperatingSystemVersion, NSPoint, NSProcessInfo, NSRect, NSSize, NSString, NSUInteger,
   |                                            ^^^^^^^^^^^^^

warning: use of deprecated struct `cocoa::foundation::NSRect`: use the objc2-foundation crate instead
  --> src/window.rs:22:59
   |
22 |         NSOperatingSystemVersion, NSPoint, NSProcessInfo, NSRect, NSSize, NSString, NSUInteger,
   |                                                           ^^^^^^

warning: use of deprecated struct `cocoa::foundation::NSSize`: use the objc2-foundation crate instead
  --> src/window.rs:22:67
   |
22 |         NSOperatingSystemVersion, NSPoint, NSProcessInfo, NSRect, NSSize, NSString, NSUInteger,
   |                                                                   ^^^^^^

warning: use of deprecated trait `cocoa::foundation::NSString`: use the objc2-foundation crate instead
  --> src/window.rs:22:75
   |
22 |         NSOperatingSystemVersion, NSPoint, NSProcessInfo, NSRect, NSSize, NSString, NSUInteger,
   |                                                                           ^^^^^^^^

warning: use of deprecated type alias `cocoa::foundation::NSUInteger`: use the objc2-foundation crate instead
  --> src/window.rs:22:85
   |
22 |         NSOperatingSystemVersion, NSPoint, NSProcessInfo, NSRect, NSSize, NSString, NSUInteger,
   |                                                                                     ^^^^^^^^^^

warning: use of deprecated trait `cocoa::foundation::NSUserDefaults`: use the objc2-foundation crate instead
  --> src/window.rs:23:9
   |
23 |         NSUserDefaults,
   |         ^^^^^^^^^^^^^^

warning: use of deprecated type alias `cocoa::foundation::NSInteger`: use the objc2-foundation crate instead
   --> src/window.rs:105:28
    |
105 | const NSNormalWindowLevel: NSInteger = 0;
    |                            ^^^^^^^^^

warning: use of deprecated type alias `cocoa::foundation::NSInteger`: use the objc2-foundation crate instead
   --> src/window.rs:107:30
    |
107 | const NSFloatingWindowLevel: NSInteger = 3;
    |                              ^^^^^^^^^

warning: use of deprecated type alias `cocoa::foundation::NSInteger`: use the objc2-foundation crate instead
   --> src/window.rs:109:27
    |
109 | const NSPopUpWindowLevel: NSInteger = 101;
    |                           ^^^^^^^^^

warning: use of deprecated type alias `cocoa::foundation::NSInteger`: use the objc2-foundation crate instead
   --> src/window.rs:111:47
    |
111 | const NSWindowAnimationBehaviorUtilityWindow: NSInteger = 4;
    |                                               ^^^^^^^^^

warning: use of deprecated type alias `cocoa::foundation::NSInteger`: use the objc2-foundation crate instead
   --> src/window.rs:113:50
    |
113 | const NSViewLayerContentsRedrawDuringViewResize: NSInteger = 2;
    |                                                  ^^^^^^^^^

warning: use of deprecated type alias `cocoa::foundation::NSUInteger`: use the objc2-foundation crate instead
   --> src/window.rs:115:24
    |
115 | type NSDragOperation = NSUInteger;
    |                        ^^^^^^^^^^

warning: use of deprecated type alias `cocoa::foundation::NSInteger`: use the objc2-foundation crate instead
   --> src/window.rs:122:47
    |
122 | const NSDRAGGING_CONTEXT_OUTSIDE_APPLICATION: NSInteger = 0;
    |                                               ^^^^^^^^^

warning: use of deprecated type alias `cocoa::foundation::NSInteger`: use the objc2-foundation crate instead
   --> src/window.rs:123:46
    |
123 | const NSDRAGGING_CONTEXT_WITHIN_APPLICATION: NSInteger = 1;
    |                                              ^^^^^^^^^

warning: use of deprecated type alias `cocoa::base::id`: use the objc2 crate instead
   --> src/window.rs:143:70
    |
143 |                 handle_key_equivalent as extern "C" fn(&Object, Sel, id) -> BOOL,
    |                                                                      ^^

warning: use of deprecated type alias `cocoa::base::id`: use the objc2 crate instead
   --> src/window.rs:147:64
    |
147 |                 handle_key_down as extern "C" fn(&Object, Sel, id),
    |                                                                ^^

warning: use of deprecated type alias `cocoa::base::id`: use the objc2 crate instead
   --> src/window.rs:151:62
    |
151 |                 handle_key_up as extern "C" fn(&Object, Sel, id),
    |                                                              ^^

warning: use of deprecated type alias `cocoa::base::id`: use the objc2 crate instead
   --> src/window.rs:155:66
    |
155 |                 handle_view_event as extern "C" fn(&Object, Sel, id),
    |                                                                  ^^

warning: use of deprecated type alias `cocoa::base::id`: use the objc2 crate instead
   --> src/window.rs:159:66
    |
159 |                 handle_view_event as extern "C" fn(&Object, Sel, id),
    |                                                                  ^^

warning: use of deprecated type alias `cocoa::base::id`: use the objc2 crate instead
   --> src/window.rs:163:66
    |
163 |                 handle_view_event as extern "C" fn(&Object, Sel, id),
    |                                                                  ^^

warning: use of deprecated type alias `cocoa::base::id`: use the objc2 crate instead
   --> src/window.rs:167:66
    |
167 |                 handle_view_event as extern "C" fn(&Object, Sel, id),
    |                                                                  ^^

warning: use of deprecated type alias `cocoa::base::id`: use the objc2 crate instead
   --> src/window.rs:171:66
    |
171 |                 handle_view_event as extern "C" fn(&Object, Sel, id),
    |                                                                  ^^

warning: use of deprecated type alias `cocoa::base::id`: use the objc2 crate instead
   --> src/window.rs:175:66
    |
175 |                 handle_view_event as extern "C" fn(&Object, Sel, id),
    |                                                                  ^^

warning: use of deprecated type alias `cocoa::base::id`: use the objc2 crate instead
   --> src/window.rs:179:66
    |
179 |                 handle_view_event as extern "C" fn(&Object, Sel, id),
    |                                                                  ^^

warning: use of deprecated type alias `cocoa::base::id`: use the objc2 crate instead
   --> src/window.rs:187:66
    |
187 |                 handle_view_event as extern "C" fn(&Object, Sel, id),
    |                                                                  ^^

warning: use of deprecated type alias `cocoa::base::id`: use the objc2 crate instead
   --> src/window.rs:191:66
    |
191 |                 handle_view_event as extern "C" fn(&Object, Sel, id),
    |                                                                  ^^

warning: use of deprecated type alias `cocoa::base::id`: use the objc2 crate instead
   --> src/window.rs:195:66
    |
195 |                 handle_view_event as extern "C" fn(&Object, Sel, id),
    |                                                                  ^^

warning: use of deprecated type alias `cocoa::base::id`: use the objc2 crate instead
   --> src/window.rs:199:66
    |
199 |                 handle_view_event as extern "C" fn(&Object, Sel, id),
    |                                                                  ^^

warning: use of deprecated type alias `cocoa::base::id`: use the objc2 crate instead
   --> src/window.rs:203:66
    |
203 |                 handle_view_event as extern "C" fn(&Object, Sel, id),
    |                                                                  ^^

warning: use of deprecated type alias `cocoa::base::id`: use the objc2 crate instead
   --> src/window.rs:207:66
    |
207 |                 handle_view_event as extern "C" fn(&Object, Sel, id),
    |                                                                  ^^

warning: use of deprecated type alias `cocoa::base::id`: use the objc2 crate instead
   --> src/window.rs:211:66
    |
211 |                 handle_view_event as extern "C" fn(&Object, Sel, id),
    |                                                                  ^^

warning: use of deprecated type alias `cocoa::base::id`: use the objc2 crate instead
   --> src/window.rs:215:66
    |
215 |                 handle_view_event as extern "C" fn(&Object, Sel, id),
    |                                                                  ^^

warning: use of deprecated type alias `cocoa::base::id`: use the objc2 crate instead
   --> src/window.rs:219:66
    |
219 |                 handle_view_event as extern "C" fn(&Object, Sel, id),
    |                                                                  ^^

warning: use of deprecated type alias `cocoa::base::id`: use the objc2 crate instead
   --> src/window.rs:224:70
    |
224 |                 make_backing_layer as extern "C" fn(&Object, Sel) -> id,
    |                                                                      ^^

warning: use of deprecated struct `cocoa::foundation::NSSize`: use the objc2-foundation crate instead
   --> src/window.rs:234:63
    |
234 |                 set_frame_size as extern "C" fn(&Object, Sel, NSSize),
    |                                                               ^^^^^^

warning: use of deprecated type alias `cocoa::base::id`: use the objc2 crate instead
   --> src/window.rs:238:62
    |
238 |                 display_layer as extern "C" fn(&Object, Sel, id),
    |                                                              ^^

warning: use of deprecated type alias `cocoa::base::id`: use the objc2 crate instead
   --> src/window.rs:244:84
    |
244 |                 valid_attributes_for_marked_text as extern "C" fn(&Object, Sel) -> id,
    |                                                                                    ^^

warning: use of deprecated type alias `cocoa::base::id`: use the objc2 crate instead
   --> src/window.rs:261:61
    |
261 |                     as extern "C" fn(&Object, Sel, NSRange, id) -> NSRect,
    |                                                             ^^

warning: use of deprecated struct `cocoa::foundation::NSRect`: use the objc2-foundation crate instead
   --> src/window.rs:261:68
    |
261 |                     as extern "C" fn(&Object, Sel, NSRange, id) -> NSRect,
    |                                                                    ^^^^^^

warning: use of deprecated type alias `cocoa::base::id`: use the objc2 crate instead
   --> src/window.rs:265:60
    |
265 |                 insert_text as extern "C" fn(&Object, Sel, id, NSRange),
    |                                                            ^^

warning: use of deprecated type alias `cocoa::base::id`: use the objc2 crate instead
   --> src/window.rs:269:64
    |
269 |                 set_marked_text as extern "C" fn(&Object, Sel, id, NSRange, NSRange),
    |                                                                ^^

warning: use of deprecated type alias `cocoa::base::id`: use the objc2 crate instead
   --> src/window.rs:275:77
    |
275 |                     as extern "C" fn(&Object, Sel, NSRange, *mut c_void) -> id,
    |                                                                             ^^

warning: use of deprecated type alias `cocoa::base::id`: use the objc2 crate instead
   --> src/window.rs:290:68
    |
290 |                 accepts_first_mouse as extern "C" fn(&Object, Sel, id) -> BOOL,
    |                                                                    ^^

warning: use of deprecated struct `cocoa::foundation::NSRect`: use the objc2-foundation crate instead
   --> src/window.rs:296:55
    |
296 |                     as extern "C" fn(&Object, Sel) -> NSRect,
    |                                                       ^^^^^^

warning: use of deprecated struct `cocoa::foundation::NSPoint`: use the objc2-foundation crate instead
   --> src/window.rs:301:74
    |
301 |                 character_index_for_point as extern "C" fn(&Object, Sel, NSPoint) -> u64,
    |                                                                          ^^^^^^^

warning: use of deprecated struct `cocoa::foundation::NSRect`: use the objc2-foundation crate instead
   --> src/window.rs:309:77
    |
309 |                 blurred_view_init_with_frame as extern "C" fn(&Object, Sel, NSRect) -> id,
    |                                                                             ^^^^^^

warning: use of deprecated type alias `cocoa::base::id`: use the objc2 crate instead
   --> src/window.rs:309:88
    |
309 |                 blurred_view_init_with_frame as extern "C" fn(&Object, Sel, NSRect) -> id,
    |                                                                                        ^^

warning: use of deprecated type alias `cocoa::base::id`: use the objc2 crate instead
   --> src/window.rs:323:52
    |
323 |                     as extern "C" fn(&Object, Sel, id, id) -> id,
    |                                                    ^^

warning: use of deprecated type alias `cocoa::base::id`: use the objc2 crate instead
   --> src/window.rs:323:56
    |
323 |                     as extern "C" fn(&Object, Sel, id, id) -> id,
    |                                                        ^^

warning: use of deprecated type alias `cocoa::base::id`: use the objc2 crate instead
   --> src/window.rs:323:63
    |
323 |                     as extern "C" fn(&Object, Sel, id, id) -> id,
    |                                                               ^^

warning: use of deprecated type alias `cocoa::base::id`: use the objc2 crate instead
   --> src/window.rs:333:95
    |
333 |                 window_state_unarchiver_restoration_options as extern "C" fn(&Object, Sel) -> id,
    |                                                                                               ^^

warning: use of deprecated type alias `cocoa::base::id`: use the objc2 crate instead
   --> src/window.rs:347:16
    |
347 |     _archiver: id,
    |                ^^

warning: use of deprecated type alias `cocoa::base::id`: use the objc2 crate instead
   --> src/window.rs:348:13
    |
348 |     object: id,
    |             ^^

warning: use of deprecated type alias `cocoa::base::id`: use the objc2 crate instead
   --> src/window.rs:349:6
    |
349 | ) -> id {
    |      ^^

warning: use of deprecated constant `cocoa::base::nil`: use the objc2 crate instead
   --> src/window.rs:359:13
    |
359 |             nil
    |             ^^^

warning: use of deprecated type alias `cocoa::base::id`: use the objc2 crate instead
   --> src/window.rs:370:89
    |
370 | extern "C" fn window_state_unarchiver_restoration_options(_this: &Object, _sel: Sel) -> id {
    |                                                                                         ^^

warning: use of deprecated struct `cocoa::foundation::NSOperatingSystemVersion`: use the objc2-foundation crate instead
   --> src/window.rs:371:35
    |
371 |     if !is_macos_version_at_least(NSOperatingSystemVersion::new(15, 0, 0)) {
    |                                   ^^^^^^^^^^^^^^^^^^^^^^^^

warning: use of deprecated constant `cocoa::base::nil`: use the objc2 crate instead
   --> src/window.rs:372:16
    |
372 |         return nil;
    |                ^^^

warning: use of deprecated type alias `cocoa::base::id`: use the objc2 crate instead
   --> src/window.rs:379:30
    |
379 |                 let options: id = msg_send![class, alloc];
    |                              ^^

warning: use of deprecated type alias `cocoa::base::id`: use the objc2 crate instead
   --> src/window.rs:380:30
    |
380 |                 let options: id = msg_send![options, init];
    |                              ^^

warning: use of deprecated constant `cocoa::base::nil`: use the objc2 crate instead
   --> src/window.rs:383:21
    |
383 |             None => nil,
    |                     ^^^

warning: use of deprecated struct `cocoa::foundation::NSPoint`: use the objc2-foundation crate instead
   --> src/window.rs:388:48
    |
388 | pub(crate) fn convert_mouse_position(position: NSPoint, window_height: Pixels) -> Point<Pixels> {
    |                                                ^^^^^^^

warning: use of deprecated constant `cocoa::base::nil`: use the objc2 crate instead
   --> src/window.rs:407:52
    |
407 |         let app = NSApplication::sharedApplication(nil);
    |                                                    ^^^

warning: use of deprecated type alias `cocoa::base::id`: use the objc2 crate instead
   --> src/window.rs:408:25
    |
408 |         let key_window: id = msg_send![app, keyWindow];
    |                         ^^

warning: use of deprecated type alias `cocoa::base::id`: use the objc2 crate instead
   --> src/window.rs:409:26
    |
409 |         let main_window: id = msg_send![app, mainWindow];
    |                          ^^

warning: use of deprecated type alias `cocoa::base::id`: use the objc2 crate instead
   --> src/window.rs:452:62
    |
452 |             window_did_resize as extern "C" fn(&Object, Sel, id),
    |                                                              ^^

warning: use of deprecated type alias `cocoa::base::id`: use the objc2 crate instead
   --> src/window.rs:456:78
    |
456 |             window_did_change_occlusion_state as extern "C" fn(&Object, Sel, id),
    |                                                                              ^^

warning: use of deprecated type alias `cocoa::base::id`: use the objc2 crate instead
   --> src/window.rs:460:73
    |
460 |             window_will_enter_fullscreen as extern "C" fn(&Object, Sel, id),
    |                                                                         ^^

warning: use of deprecated type alias `cocoa::base::id`: use the objc2 crate instead
   --> src/window.rs:464:72
    |
464 |             window_will_exit_fullscreen as extern "C" fn(&Object, Sel, id),
    |                                                                        ^^

warning: use of deprecated type alias `cocoa::base::id`: use the objc2 crate instead
   --> src/window.rs:468:79
    |
468 |             window_did_fail_to_exit_fullscreen as extern "C" fn(&Object, Sel, id),
    |                                                                               ^^

warning: use of deprecated type alias `cocoa::base::id`: use the objc2 crate instead
   --> src/window.rs:472:71
    |
472 |             window_did_exit_fullscreen as extern "C" fn(&Object, Sel, id),
    |                                                                       ^^

warning: use of deprecated type alias `cocoa::base::id`: use the objc2 crate instead
   --> src/window.rs:476:60
    |
476 |             window_did_move as extern "C" fn(&Object, Sel, id),
    |                                                            ^^

warning: use of deprecated type alias `cocoa::base::id`: use the objc2 crate instead
   --> src/window.rs:480:69
    |
480 |             window_did_change_screen as extern "C" fn(&Object, Sel, id),
    |                                                                     ^^

warning: use of deprecated type alias `cocoa::base::id`: use the objc2 crate instead
   --> src/window.rs:484:73
    |
484 |             window_did_change_key_status as extern "C" fn(&Object, Sel, id),
    |                                                                         ^^

warning: use of deprecated type alias `cocoa::base::id`: use the objc2 crate instead
   --> src/window.rs:488:73
    |
488 |             window_did_change_key_status as extern "C" fn(&Object, Sel, id),
    |                                                                         ^^

warning: use of deprecated type alias `cocoa::base::id`: use the objc2 crate instead
   --> src/window.rs:492:64
    |
492 |             window_should_close as extern "C" fn(&Object, Sel, id) -> BOOL,
    |                                                                ^^

warning: use of deprecated type alias `cocoa::base::id`: use the objc2 crate instead
   --> src/window.rs:499:61
    |
499 |             dragging_entered as extern "C" fn(&Object, Sel, id) -> NSDragOperation,
    |                                                             ^^

warning: use of deprecated type alias `cocoa::base::id`: use the objc2 crate instead
   --> src/window.rs:503:61
    |
503 |             dragging_updated as extern "C" fn(&Object, Sel, id) -> NSDragOperation,
    |                                                             ^^

warning: use of deprecated type alias `cocoa::base::id`: use the objc2 crate instead
   --> src/window.rs:507:60
    |
507 |             dragging_exited as extern "C" fn(&Object, Sel, id),
    |                                                            ^^

warning: use of deprecated type alias `cocoa::base::id`: use the objc2 crate instead
   --> src/window.rs:511:67
    |
511 |             perform_drag_operation as extern "C" fn(&Object, Sel, id) -> BOOL,
    |                                                                   ^^

warning: use of deprecated type alias `cocoa::base::id`: use the objc2 crate instead
   --> src/window.rs:515:68
    |
515 |             conclude_drag_operation as extern "C" fn(&Object, Sel, id),
    |                                                                    ^^

warning: use of deprecated type alias `cocoa::base::id`: use the objc2 crate instead
   --> src/window.rs:522:48
    |
522 |                 as extern "C" fn(&Object, Sel, id, NSInteger) -> NSDragOperation,
    |                                                ^^

warning: use of deprecated type alias `cocoa::foundation::NSInteger`: use the objc2-foundation crate instead
   --> src/window.rs:522:52
    |
522 |                 as extern "C" fn(&Object, Sel, id, NSInteger) -> NSDragOperation,
    |                                                    ^^^^^^^^^

warning: use of deprecated type alias `cocoa::base::id`: use the objc2 crate instead
   --> src/window.rs:526:67
    |
526 |             dragging_session_ended as extern "C" fn(&Object, Sel, id, NSPoint, NSDragOperation),
    |                                                                   ^^

warning: use of deprecated struct `cocoa::foundation::NSPoint`: use the objc2-foundation crate instead
   --> src/window.rs:526:71
    |
526 |             dragging_session_ended as extern "C" fn(&Object, Sel, id, NSPoint, NSDragOperation),
    |                                                                       ^^^^^^^

warning: use of deprecated type alias `cocoa::base::id`: use the objc2 crate instead
   --> src/window.rs:531:83
    |
531 |             add_titlebar_accessory_view_controller as extern "C" fn(&Object, Sel, id),
    |                                                                                   ^^

warning: use of deprecated type alias `cocoa::base::id`: use the objc2 crate instead
   --> src/window.rs:536:67
    |
536 |             move_tab_to_new_window as extern "C" fn(&Object, Sel, id),
    |                                                                   ^^

warning: use of deprecated type alias `cocoa::base::id`: use the objc2 crate instead
   --> src/window.rs:541:62
    |
541 |             merge_all_windows as extern "C" fn(&Object, Sel, id),
    |                                                              ^^

warning: use of deprecated type alias `cocoa::base::id`: use the objc2 crate instead
   --> src/window.rs:546:60
    |
546 |             select_next_tab as extern "C" fn(&Object, Sel, id),
    |                                                            ^^

warning: use of deprecated type alias `cocoa::base::id`: use the objc2 crate instead
   --> src/window.rs:551:64
    |
551 |             select_previous_tab as extern "C" fn(&Object, Sel, id),
    |                                                                ^^

warning: use of deprecated type alias `cocoa::base::id`: use the objc2 crate instead
   --> src/window.rs:556:59
    |
556 |             toggle_tab_bar as extern "C" fn(&Object, Sel, id),
    |                                                           ^^

warning: use of deprecated type alias `cocoa::foundation::NSUInteger`: use the objc2-foundation crate instead
   --> src/window.rs:578:51
    |
578 | const NS_APPLICATION_PRESENTATION_AUTO_HIDE_DOCK: NSUInteger = 1 << 0;
    |                                                   ^^^^^^^^^^

warning: use of deprecated type alias `cocoa::foundation::NSUInteger`: use the objc2-foundation crate instead
   --> src/window.rs:579:55
    |
579 | const NS_APPLICATION_PRESENTATION_AUTO_HIDE_MENU_BAR: NSUInteger = 1 << 2;
    |                                                       ^^^^^^^^^^

warning: use of deprecated struct `cocoa::foundation::NSRect`: use the objc2-foundation crate instead
   --> src/window.rs:584:12
    |
584 |     frame: NSRect,
    |            ^^^^^^

warning: use of deprecated struct `cocoa::foundation::NSRect`: use the objc2-foundation crate instead
   --> src/window.rs:590:27
    |
590 |     Enter { screen_frame: NSRect },
    |                           ^^^^^^

warning: use of deprecated type alias `cocoa::foundation::NSUInteger`: use the objc2-foundation crate instead
   --> src/window.rs:596:33
    |
596 |     saved_presentation_options: NSUInteger,
    |                                 ^^^^^^^^^^

warning: use of deprecated constant `cocoa::base::nil`: use the objc2 crate instead
   --> src/window.rs:606:56
    |
606 |             let app = NSApplication::sharedApplication(nil);
    |                                                        ^^^

warning: use of deprecated type alias `cocoa::foundation::NSUInteger`: use the objc2-foundation crate instead
   --> src/window.rs:607:45
    |
607 |             let saved_presentation_options: NSUInteger = msg_send![app, presentationOptions];
    |                                             ^^^^^^^^^^

warning: use of deprecated constant `cocoa::base::nil`: use the objc2 crate instead
   --> src/window.rs:627:60
    |
627 |                 let app = NSApplication::sharedApplication(nil);
    |                                                            ^^^

warning: use of deprecated type alias `cocoa::base::id`: use the objc2 crate instead
   --> src/window.rs:639:20
    |
639 |     native_window: id,
    |                    ^^

warning: use of deprecated type alias `cocoa::base::id`: use the objc2 crate instead
   --> src/window.rs:640:18
    |
640 |     native_view: id,
    |                  ^^

warning: use of deprecated constant `cocoa::base::nil`: use the objc2 crate instead
   --> src/window.rs:660:45
    |
660 |         native_window.makeKeyAndOrderFront_(nil);
    |                                             ^^^

warning: use of deprecated type alias `cocoa::base::id`: use the objc2 crate instead
   --> src/window.rs:669:20
    |
669 |     native_window: id,
    |                    ^^

warning: use of deprecated type alias `cocoa::base::id`: use the objc2 crate instead
   --> src/window.rs:671:26
    |
671 |     blurred_view: Option<id>,
    |                          ^^

warning: use of deprecated type alias `cocoa::base::id`: use the objc2 crate instead
   --> src/window.rs:720:26
    |
720 |     sheet_parent: Option<id>,
    |                          ^^

warning: use of deprecated struct `cocoa::foundation::NSRect`: use the objc2-foundation crate instead
   --> src/window.rs:872:31
    |
872 |         fn rect_to_size(rect: NSRect) -> Size<Pixels> {
    |                               ^^^^^^

warning: use of deprecated struct `cocoa::foundation::NSSize`: use the objc2-foundation crate instead
   --> src/window.rs:873:17
    |
873 |             let NSSize { width, height } = rect.size;
    |                 ^^^^^^

warning: use of deprecated type alias `cocoa::base::id`: use the objc2 crate instead
    --> src/window.rs:1517:48
     |
1517 |                 let native_window = context as id;
     |                                                ^^

warning: use of deprecated constant `cocoa::base::nil`: use the objc2 crate instead
    --> src/window.rs:1518:70
     |
1518 |                 let _: () = msg_send![native_window, mergeAllWindows:nil];
     |                                                                      ^^^

warning: use of deprecated type alias `cocoa::base::id`: use the objc2 crate instead
    --> src/window.rs:1532:48
     |
1532 |                 let native_window = context as id;
     |                                                ^^

warning: use of deprecated constant `cocoa::base::nil`: use the objc2 crate instead
    --> src/window.rs:1533:73
     |
1533 |                 let _: () = msg_send![native_window, moveTabToNewWindow:nil];
     |                                                                         ^^^

warning: use of deprecated constant `cocoa::base::nil`: use the objc2 crate instead
    --> src/window.rs:1534:76
     |
1534 |                 let _: () = msg_send![native_window, makeKeyAndOrderFront: nil];
     |                                                                            ^^^

warning: use of deprecated type alias `cocoa::base::id`: use the objc2 crate instead
    --> src/window.rs:2502:36
     |
2502 | fn get_scale_factor(native_window: id) -> f32 {
     |                                    ^^

warning: use of deprecated type alias `cocoa::base::id`: use the objc2 crate instead
    --> src/window.rs:2504:21
     |
2504 |         let screen: id = msg_send![native_window, screen];
     |                     ^^

warning: use of deprecated type alias `cocoa::base::id`: use the objc2 crate instead
    --> src/window.rs:2521:34
     |
2521 | unsafe fn is_gpui_window(window: id) -> bool {
     |                                  ^^

warning: use of deprecated type alias `cocoa::base::id`: use the objc2 crate instead
    --> src/window.rs:2606:21
     |
2606 |         let cursor: id = match cursor_style {
     |                     ^^

warning: use of deprecated type alias `cocoa::base::id`: use the objc2 crate instead
    --> src/window.rs:2642:62
     |
2642 |         let bounds = NSView::bounds(this as *const Object as id);
     |                                                              ^^

warning: use of deprecated type alias `cocoa::base::id`: use the objc2 crate instead
    --> src/window.rs:2647:74
     |
2647 | extern "C" fn handle_key_equivalent(this: &Object, _: Sel, native_event: id) -> BOOL {
     |                                                                          ^^

warning: use of deprecated type alias `cocoa::base::id`: use the objc2 crate instead
    --> src/window.rs:2651:68
     |
2651 | extern "C" fn handle_key_down(this: &Object, _: Sel, native_event: id) {
     |                                                                    ^^

warning: use of deprecated type alias `cocoa::base::id`: use the objc2 crate instead
    --> src/window.rs:2655:66
     |
2655 | extern "C" fn handle_key_up(this: &Object, _: Sel, native_event: id) {
     |                                                                  ^^

warning: use of deprecated type alias `cocoa::base::id`: use the objc2 crate instead
    --> src/window.rs:2723:61
     |
2723 | extern "C" fn handle_key_event(this: &Object, native_event: id, key_equivalent: bool) -> BOOL {
     |                                                             ^^

warning: use of deprecated type alias `cocoa::base::id`: use the objc2 crate instead
    --> src/window.rs:2815:40
     |
2815 |                     let input_context: id = msg_send![this, inputContext];
     |                                        ^^

warning: use of deprecated type alias `cocoa::base::id`: use the objc2 crate instead
    --> src/window.rs:2856:36
     |
2856 |                 let input_context: id = msg_send![this, inputContext];
     |                                    ^^

warning: use of deprecated type alias `cocoa::base::id`: use the objc2 crate instead
    --> src/window.rs:2870:70
     |
2870 | extern "C" fn handle_view_event(this: &Object, _: Sel, native_event: id) {
     |                                                                      ^^

warning: use of deprecated type alias `cocoa::base::id`: use the objc2 crate instead
    --> src/window.rs:2967:40
     |
2967 |                     let input_context: id = msg_send![this, inputContext];
     |                                        ^^

warning: use of deprecated type alias `cocoa::base::id`: use the objc2 crate instead
    --> src/window.rs:3074:75
     |
3074 | extern "C" fn window_did_change_occlusion_state(this: &Object, _: Sel, _: id) {
     |                                                                           ^^

warning: use of deprecated type alias `cocoa::base::id`: use the objc2 crate instead
    --> src/window.rs:3095:59
     |
3095 | extern "C" fn window_did_resize(this: &Object, _: Sel, _: id) {
     |                                                           ^^

warning: use of deprecated type alias `cocoa::base::id`: use the objc2 crate instead
    --> src/window.rs:3100:70
     |
3100 | extern "C" fn window_will_enter_fullscreen(this: &Object, _: Sel, _: id) {
     |                                                                      ^^

warning: use of deprecated struct `cocoa::foundation::NSOperatingSystemVersion`: use the objc2-foundation crate instead
    --> src/window.rs:3108:23
     |
3108 |     let min_version = NSOperatingSystemVersion::new(15, 3, 0);
     |                       ^^^^^^^^^^^^^^^^^^^^^^^^

warning: use of deprecated type alias `cocoa::base::id`: use the objc2 crate instead
    --> src/window.rs:3117:69
     |
3117 | extern "C" fn window_will_exit_fullscreen(this: &Object, _: Sel, _: id) {
     |                                                                     ^^

warning: use of deprecated struct `cocoa::foundation::NSOperatingSystemVersion`: use the objc2-foundation crate instead
    --> src/window.rs:3122:23
     |
3122 |     let min_version = NSOperatingSystemVersion::new(15, 3, 0);
     |                       ^^^^^^^^^^^^^^^^^^^^^^^^

warning: use of deprecated type alias `cocoa::base::id`: use the objc2 crate instead
    --> src/window.rs:3133:76
     |
3133 | extern "C" fn window_did_fail_to_exit_fullscreen(this: &Object, _: Sel, _: id) {
     |                                                                            ^^

warning: use of deprecated type alias `cocoa::base::id`: use the objc2 crate instead
    --> src/window.rs:3140:68
     |
3140 | extern "C" fn window_did_exit_fullscreen(this: &Object, _: Sel, _: id) {
     |                                                                    ^^

warning: use of deprecated struct `cocoa::foundation::NSOperatingSystemVersion`: use the objc2-foundation crate instead
    --> src/window.rs:3152:50
     |
3152 | pub(crate) fn is_macos_version_at_least(version: NSOperatingSystemVersion) -> bool {
     |                                                  ^^^^^^^^^^^^^^^^^^^^^^^^

warning: use of deprecated associated function `cocoa::foundation::NSProcessInfo::processInfo`: use the objc2-foundation crate instead
    --> src/window.rs:3153:29
     |
3153 |     unsafe { NSProcessInfo::processInfo(nil).isOperatingSystemAtLeastVersion(version) }
     |                             ^^^^^^^^^^^

warning: use of deprecated constant `cocoa::base::nil`: use the objc2 crate instead
    --> src/window.rs:3153:41
     |
3153 |     unsafe { NSProcessInfo::processInfo(nil).isOperatingSystemAtLeastVersion(version) }
     |                                         ^^^

warning: use of deprecated type alias `cocoa::base::id`: use the objc2 crate instead
    --> src/window.rs:3156:32
     |
3156 | fn ns_error_description(error: id) -> String {
     |                                ^^

warning: use of deprecated type alias `cocoa::base::id`: use the objc2 crate instead
    --> src/window.rs:3161:26
     |
3161 |         let description: id = msg_send![error, localizedDescription];
     |                          ^^

warning: use of deprecated type alias `cocoa::base::id`: use the objc2 crate instead
    --> src/window.rs:3166:57
     |
3166 | extern "C" fn window_did_move(this: &Object, _: Sel, _: id) {
     |                                                         ^^

warning: use of deprecated type alias `cocoa::base::id`: use the objc2 crate instead
    --> src/window.rs:3202:66
     |
3202 | extern "C" fn window_did_change_screen(this: &Object, _: Sel, _: id) {
     |                                                                  ^^

warning: use of deprecated type alias `cocoa::base::id`: use the objc2 crate instead
    --> src/window.rs:3210:77
     |
3210 | extern "C" fn window_did_change_key_status(this: &Object, selector: Sel, _: id) {
     |                                                                             ^^

warning: use of deprecated type alias `cocoa::base::id`: use the objc2 crate instead
    --> src/window.rs:3292:61
     |
3292 | extern "C" fn window_should_close(this: &Object, _: Sel, _: id) -> BOOL {
     |                                                             ^^

warning: use of deprecated constant `cocoa::base::nil`: use the objc2 crate instead
    --> src/window.rs:3352:83
     |
3352 |                     let active: BOOL = msg_send![NSApplication::sharedApplication(nil), isActive];
     |                                                                                   ^^^

warning: use of deprecated type alias `cocoa::base::id`: use the objc2 crate instead
    --> src/window.rs:3362:60
     |
3362 | extern "C" fn make_backing_layer(this: &Object, _: Sel) -> id {
     |                                                            ^^

warning: use of deprecated type alias `cocoa::base::id`: use the objc2 crate instead
    --> src/window.rs:3365:42
     |
3365 |     window_state.renderer.layer_ptr() as id
     |                                          ^^

warning: use of deprecated struct `cocoa::foundation::NSSize`: use the objc2-foundation crate instead
    --> src/window.rs:3373:59
     |
3373 | extern "C" fn set_frame_size(this: &Object, _: Sel, size: NSSize) {
     |                                                           ^^^^^^

warning: use of deprecated struct `cocoa::foundation::NSRect`: use the objc2-foundation crate instead
    --> src/window.rs:3386:24
     |
3386 |         let old_frame: NSRect = msg_send![this, frame];
     |                        ^^^^^^

warning: use of deprecated struct `cocoa::foundation::NSSize`: use the objc2-foundation crate instead
    --> src/window.rs:3374:23
     |
3374 |     fn convert(value: NSSize) -> Size<Pixels> {
     |                       ^^^^^^

warning: use of deprecated type alias `cocoa::base::id`: use the objc2 crate instead
    --> src/window.rs:3411:55
     |
3411 | extern "C" fn display_layer(this: &Object, _: Sel, _: id) {
     |                                                       ^^

warning: use of deprecated type alias `cocoa::base::id`: use the objc2 crate instead
    --> src/window.rs:3428:24
     |
3428 |     let view = view as id;
     |                        ^^

warning: use of deprecated type alias `cocoa::base::id`: use the objc2 crate instead
    --> src/window.rs:3439:71
     |
3439 | extern "C" fn valid_attributes_for_marked_text(_: &Object, _: Sel) -> id {
     |                                                                       ^^

warning: use of deprecated type alias `cocoa::base::id`: use the objc2 crate instead
    --> src/window.rs:3470:8
     |
3470 |     _: id,
     |        ^^

warning: use of deprecated struct `cocoa::foundation::NSRect`: use the objc2-foundation crate instead
    --> src/window.rs:3471:6
     |
3471 | ) -> NSRect {
     |      ^^^^^^

warning: use of deprecated struct `cocoa::foundation::NSRect`: use the objc2-foundation crate instead
    --> src/window.rs:3478:9
     |
3478 |         NSRect::new(NSPoint::new(0., 0.), NSSize::new(0., 0.)),
     |         ^^^^^^

warning: use of deprecated struct `cocoa::foundation::NSPoint`: use the objc2-foundation crate instead
    --> src/window.rs:3478:21
     |
3478 |         NSRect::new(NSPoint::new(0., 0.), NSSize::new(0., 0.)),
     |                     ^^^^^^^

warning: use of deprecated struct `cocoa::foundation::NSSize`: use the objc2-foundation crate instead
    --> src/window.rs:3478:43
     |
3478 |         NSRect::new(NSPoint::new(0., 0.), NSSize::new(0., 0.)),
     |                                           ^^^^^^

warning: use of deprecated struct `cocoa::foundation::NSRect`: use the objc2-foundation crate instead
    --> src/window.rs:3480:13
     |
3480 |             NSRect::new(
     |             ^^^^^^

warning: use of deprecated struct `cocoa::foundation::NSPoint`: use the objc2-foundation crate instead
    --> src/window.rs:3481:17
     |
3481 |                 NSPoint::new(
     |                 ^^^^^^^

warning: use of deprecated struct `cocoa::foundation::NSSize`: use the objc2-foundation crate instead
    --> src/window.rs:3487:17
     |
3487 |                 NSSize::new(
     |                 ^^^^^^

warning: use of deprecated struct `cocoa::foundation::NSRect`: use the objc2-foundation crate instead
    --> src/window.rs:3496:32
     |
3496 | fn get_frame(this: &Object) -> NSRect {
     |                                ^^^^^^

warning: use of deprecated type alias `cocoa::base::id`: use the objc2 crate instead
    --> src/window.rs:3510:56
     |
3510 | extern "C" fn insert_text(this: &Object, _: Sel, text: id, replacement_range: NSRange) {
     |                                                        ^^

warning: use of deprecated type alias `cocoa::base::id`: use the objc2 crate instead
    --> src/window.rs:3514:19
     |
3514 |         let text: id = if is_attributed_string == YES {
     |                   ^^

warning: use of deprecated type alias `cocoa::base::id`: use the objc2 crate instead
    --> src/window.rs:3531:11
     |
3531 |     text: id,
     |           ^^

warning: use of deprecated type alias `cocoa::base::id`: use the objc2 crate instead
    --> src/window.rs:3538:19
     |
3538 |         let text: id = if is_attributed_string == YES {
     |                   ^^

warning: use of deprecated type alias `cocoa::base::id`: use the objc2 crate instead
    --> src/window.rs:3560:6
     |
3560 | ) -> id {
     |      ^^

warning: use of deprecated type alias `cocoa::base::id`: use the objc2 crate instead
    --> src/window.rs:3575:25
     |
3575 |             let string: id = msg_send![class!(NSAttributedString), alloc];
     |                         ^^

warning: use of deprecated type alias `cocoa::base::id`: use the objc2 crate instead
    --> src/window.rs:3576:25
     |
3576 |             let string: id = msg_send![string, initWithString: ns_string(&selected_text)];
     |                         ^^

warning: use of deprecated constant `cocoa::base::nil`: use the objc2 crate instead
    --> src/window.rs:3581:16
     |
3581 |     .unwrap_or(nil)
     |                ^^^

warning: use of deprecated type alias `cocoa::base::id`: use the objc2 crate instead
    --> src/window.rs:3629:61
     |
3629 | extern "C" fn accepts_first_mouse(this: &Object, _: Sel, _: id) -> BOOL {
     |                                                             ^^

warning: use of deprecated struct `cocoa::foundation::NSRect`: use the objc2-foundation crate instead
    --> src/window.rs:3644:86
     |
3644 | extern "C" fn opaque_rect_for_window_move_when_in_titlebar(this: &Object, _: Sel) -> NSRect {
     |                                                                                      ^^^^^^

warning: use of deprecated struct `cocoa::foundation::NSRect`: use the objc2-foundation crate instead
    --> src/window.rs:3645:21
     |
3645 |     let zero_rect = NSRect::new(NSPoint::new(0., 0.), NSSize::new(0., 0.));
     |                     ^^^^^^

warning: use of deprecated struct `cocoa::foundation::NSPoint`: use the objc2-foundation crate instead
    --> src/window.rs:3645:33
     |
3645 |     let zero_rect = NSRect::new(NSPoint::new(0., 0.), NSSize::new(0., 0.));
     |                                 ^^^^^^^

warning: use of deprecated struct `cocoa::foundation::NSSize`: use the objc2-foundation crate instead
    --> src/window.rs:3645:55
     |
3645 |     let zero_rect = NSRect::new(NSPoint::new(0., 0.), NSSize::new(0., 0.));
     |                                                       ^^^^^^

warning: use of deprecated struct `cocoa::foundation::NSPoint`: use the objc2-foundation crate instead
    --> src/window.rs:3655:74
     |
3655 | extern "C" fn character_index_for_point(this: &Object, _: Sel, position: NSPoint) -> u64 {
     |                                                                          ^^^^^^^

warning: use of deprecated constant `cocoa::foundation::NSNotFound`: use the objc2-foundation crate instead
    --> src/window.rs:3662:16
     |
3662 |     .unwrap_or(NSNotFound as u64)
     |                ^^^^^^^^^^

warning: use of deprecated struct `cocoa::foundation::NSPoint`: use the objc2-foundation crate instead
    --> src/window.rs:3665:56
     |
3665 | fn screen_point_to_gpui_point(this: &Object, position: NSPoint) -> Point<Pixels> {
     |                                                        ^^^^^^^

warning: use of deprecated type alias `cocoa::base::id`: use the objc2 crate instead
    --> src/window.rs:3673:59
     |
3673 | fn is_drag_from_this_window(this: &Object, dragging_info: id) -> bool {
     |                                                           ^^

warning: use of deprecated type alias `cocoa::base::id`: use the objc2 crate instead
    --> src/window.rs:3674:17
     |
3674 |     let source: id = unsafe { msg_send![dragging_info, draggingSource] };
     |                 ^^

warning: use of deprecated type alias `cocoa::base::id`: use the objc2 crate instead
    --> src/window.rs:3678:70
     |
3678 | extern "C" fn dragging_entered(this: &Object, _: Sel, dragging_info: id) -> NSDragOperation {
     |                                                                      ^^

warning: use of deprecated type alias `cocoa::base::id`: use the objc2 crate instead
    --> src/window.rs:3694:70
     |
3694 | extern "C" fn dragging_updated(this: &Object, _: Sel, dragging_info: id) -> NSDragOperation {
     |                                                                      ^^

warning: use of deprecated type alias `cocoa::base::id`: use the objc2 crate instead
    --> src/window.rs:3709:57
     |
3709 | extern "C" fn dragging_exited(this: &Object, _: Sel, _: id) {
     |                                                         ^^

warning: use of deprecated type alias `cocoa::base::id`: use the objc2 crate instead
    --> src/window.rs:3714:76
     |
3714 | extern "C" fn perform_drag_operation(this: &Object, _: Sel, dragging_info: id) -> BOOL {
     |                                                                            ^^

warning: use of deprecated type alias `cocoa::base::id`: use the objc2 crate instead
    --> src/window.rs:3722:21
     |
3722 |     let pasteboard: id = unsafe { msg_send![dragging_info, draggingPasteboard] };
     |                     ^^

warning: use of deprecated constant `cocoa::base::nil`: use the objc2 crate instead
    --> src/window.rs:3724:21
     |
3724 |     if filenames == nil {
     |                     ^^^

warning: use of deprecated method `cocoa::foundation::NSString::UTF8String`: use the objc2-foundation crate instead
    --> src/window.rs:3729:31
     |
3729 |             let f = NSString::UTF8String(file);
     |                               ^^^^^^^^^^

warning: use of deprecated type alias `cocoa::base::id`: use the objc2 crate instead
    --> src/window.rs:3737:65
     |
3737 | extern "C" fn conclude_drag_operation(this: &Object, _: Sel, _: id) {
     |                                                                 ^^

warning: use of deprecated type alias `cocoa::base::id`: use the objc2 crate instead
    --> src/window.rs:3745:8
     |
3745 |     _: id,
     |        ^^

warning: use of deprecated type alias `cocoa::foundation::NSInteger`: use the objc2-foundation crate instead
    --> src/window.rs:3746:14
     |
3746 |     context: NSInteger,
     |              ^^^^^^^^^

warning: use of deprecated type alias `cocoa::base::id`: use the objc2 crate instead
    --> src/window.rs:3764:8
     |
3764 |     _: id,
     |        ^^

warning: use of deprecated struct `cocoa::foundation::NSPoint`: use the objc2-foundation crate instead
    --> src/window.rs:3765:8
     |
3765 |     _: NSPoint,
     |        ^^^^^^^

warning: use of deprecated type alias `cocoa::foundation::NSUInteger`: use the objc2-foundation crate instead
    --> src/window.rs:3780:75
     |
3780 | fn synthetic_drag_button_is_pressed(button: Option<MouseButton>, pressed: NSUInteger) -> bool {
     |                                                                           ^^^^^^^^^^

warning: use of deprecated type alias `cocoa::foundation::NSUInteger`: use the objc2-foundation crate instead
    --> src/window.rs:3809:22
     |
3809 |         let pressed: NSUInteger = unsafe { msg_send![class!(NSEvent), pressedMouseButtons] };
     |                      ^^^^^^^^^^

warning: use of deprecated type alias `cocoa::base::id`: use the objc2 crate instead
    --> src/window.rs:3849:77
     |
3849 | fn drag_event_position(window_state: &Mutex<MacWindowState>, dragging_info: id) -> Point<Pixels> {
     |                                                                             ^^

warning: use of deprecated struct `cocoa::foundation::NSPoint`: use the objc2-foundation crate instead
    --> src/window.rs:3850:24
     |
3850 |     let drag_location: NSPoint = unsafe { msg_send![dragging_info, draggingLocation] };
     |                        ^^^^^^^

warning: use of deprecated type alias `cocoa::base::id`: use the objc2 crate instead
    --> src/window.rs:3870:34
     |
3870 | fn display_id_for_screen(screen: id) -> Option<CGDirectDisplayID> {
     |                                  ^^

warning: use of deprecated type alias `cocoa::base::id`: use the objc2 crate instead
    --> src/window.rs:3877:32
     |
3877 |         let screen_number_key: id = ns_string("NSScreenNumber");
     |                                ^^

warning: use of deprecated type alias `cocoa::foundation::NSUInteger`: use the objc2-foundation crate instead
    --> src/window.rs:3879:28
     |
3879 |         let screen_number: NSUInteger = msg_send![screen_number, unsignedIntegerValue];
     |                            ^^^^^^^^^^

warning: use of deprecated struct `cocoa::foundation::NSRect`: use the objc2-foundation crate instead
    --> src/window.rs:3884:74
     |
3884 | extern "C" fn blurred_view_init_with_frame(this: &Object, _: Sel, frame: NSRect) -> id {
     |                                                                          ^^^^^^

warning: use of deprecated type alias `cocoa::base::id`: use the objc2 crate instead
    --> src/window.rs:3884:85
     |
3884 | extern "C" fn blurred_view_init_with_frame(this: &Object, _: Sel, frame: NSRect) -> id {
     |                                                                                     ^^

warning: use of deprecated type alias `cocoa::base::id`: use the objc2 crate instead
    --> src/window.rs:3898:20
     |
3898 |         let layer: id = msg_send![this, layer];
     |                    ^^

warning: use of deprecated type alias `cocoa::base::id`: use the objc2 crate instead
    --> src/window.rs:3905:42
     |
3905 | unsafe fn remove_layer_background(layer: id) {
     |                                          ^^

warning: use of deprecated constant `cocoa::base::nil`: use the objc2 crate instead
    --> src/window.rs:3907:57
     |
3907 |         let _: () = msg_send![layer, setBackgroundColor:nil];
     |                                                         ^^^

warning: use of deprecated type alias `cocoa::base::id`: use the objc2 crate instead
    --> src/window.rs:3909:25
     |
3909 |         let class_name: id = msg_send![layer, className];
     |                         ^^

warning: use of deprecated type alias `cocoa::base::id`: use the objc2 crate instead
    --> src/window.rs:3916:22
     |
3916 |         let filters: id = msg_send![layer, filters];
     |                      ^^

warning: use of deprecated type alias `cocoa::base::id`: use the objc2 crate instead
    --> src/window.rs:3923:30
     |
3923 |             let test_string: id = ns_string("Saturat");
     |                              ^^

warning: use of deprecated method `cocoa::foundation::NSArray::count`: use the objc2-foundation crate instead
    --> src/window.rs:3924:34
     |
3924 |             let count = NSArray::count(filters);
     |                                  ^^^^^

warning: use of deprecated type alias `cocoa::base::id`: use the objc2 crate instead
    --> src/window.rs:3926:34
     |
3926 |                 let description: id = msg_send![filters.objectAtIndex(i), description];
     |                                  ^^

warning: use of deprecated type alias `cocoa::base::id`: use the objc2 crate instead
    --> src/window.rs:3936:30
     |
3936 |                 let indices: id = msg_send![class!(NSMutableIndexSet), indexSet];
     |                              ^^

warning: use of deprecated type alias `cocoa::base::id`: use the objc2 crate instead
    --> src/window.rs:3939:31
     |
3939 |                 let filtered: id = msg_send![filters, objectsAtIndexes: indices];
     |                               ^^

warning: use of deprecated type alias `cocoa::base::id`: use the objc2 crate instead
    --> src/window.rs:3945:24
     |
3945 |         let sublayers: id = msg_send![layer, sublayers];
     |                        ^^

warning: use of deprecated method `cocoa::foundation::NSArray::count`: use the objc2-foundation crate instead
    --> src/window.rs:3947:34
     |
3947 |             let count = NSArray::count(sublayers);
     |                                  ^^^^^

warning: use of deprecated type alias `cocoa::base::id`: use the objc2 crate instead
    --> src/window.rs:3956:94
     |
3956 | extern "C" fn add_titlebar_accessory_view_controller(this: &Object, _: Sel, view_controller: id) {
     |                                                                                              ^^

warning: use of deprecated type alias `cocoa::base::id`: use the objc2 crate instead
    --> src/window.rs:3961:29
     |
3961 |         let accessory_view: id = msg_send![view_controller, view];
     |                             ^^

warning: use of deprecated struct `cocoa::foundation::NSRect`: use the objc2-foundation crate instead
    --> src/window.rs:3963:24
     |
3963 |         let mut frame: NSRect = msg_send![accessory_view, frame];
     |                        ^^^^^^

warning: use of deprecated type alias `cocoa::base::id`: use the objc2 crate instead
    --> src/window.rs:3969:64
     |
3969 | extern "C" fn move_tab_to_new_window(this: &Object, _: Sel, _: id) {
     |                                                                ^^

warning: use of deprecated constant `cocoa::base::nil`: use the objc2 crate instead
    --> src/window.rs:3971:81
     |
3971 |         let _: () = msg_send![super(this, class!(NSWindow)), moveTabToNewWindow:nil];
     |                                                                                 ^^^

warning: use of deprecated type alias `cocoa::base::id`: use the objc2 crate instead
    --> src/window.rs:3983:59
     |
3983 | extern "C" fn merge_all_windows(this: &Object, _: Sel, _: id) {
     |                                                           ^^

warning: use of deprecated constant `cocoa::base::nil`: use the objc2 crate instead
    --> src/window.rs:3985:78
     |
3985 |         let _: () = msg_send![super(this, class!(NSWindow)), mergeAllWindows:nil];
     |                                                                              ^^^

warning: use of deprecated type alias `cocoa::base::id`: use the objc2 crate instead
    --> src/window.rs:3997:62
     |
3997 | extern "C" fn select_next_tab(this: &Object, _sel: Sel, _id: id) {
     |                                                              ^^

warning: use of deprecated type alias `cocoa::base::id`: use the objc2 crate instead
    --> src/window.rs:4007:66
     |
4007 | extern "C" fn select_previous_tab(this: &Object, _sel: Sel, _id: id) {
     |                                                                  ^^

warning: use of deprecated type alias `cocoa::base::id`: use the objc2 crate instead
    --> src/window.rs:4017:61
     |
4017 | extern "C" fn toggle_tab_bar(this: &Object, _sel: Sel, _id: id) {
     |                                                             ^^

warning: use of deprecated constant `cocoa::base::nil`: use the objc2 crate instead
    --> src/window.rs:4019:75
     |
4019 |         let _: () = msg_send![super(this, class!(NSWindow)), toggleTabBar:nil];
     |                                                                           ^^^

warning: use of deprecated constant `cocoa::base::nil`: use the objc2 crate instead
   --> src/window.rs:902:26
    |
902 |             if screen == nil {
    |                          ^^^

warning: use of deprecated constant `cocoa::base::nil`: use the objc2 crate instead
   --> src/window.rs:921:22
    |
921 |         if screen == nil {
    |                      ^^^

warning: use of deprecated struct `cocoa::foundation::NSSize`: use the objc2-foundation crate instead
   --> src/window.rs:943:13
    |
943 |         let NSSize { width, height, .. } =
    |             ^^^^^^

warning: use of deprecated associated function `cocoa::foundation::NSAutoreleasePool::new`: use the objc2-foundation crate instead
    --> src/window.rs:1001:43
     |
1001 |             let pool = NSAutoreleasePool::new(nil);
     |                                           ^^^

warning: use of deprecated constant `cocoa::base::nil`: use the objc2 crate instead
    --> src/window.rs:1001:47
     |
1001 |             let pool = NSAutoreleasePool::new(nil);
     |                                               ^^^

warning: use of deprecated type alias `cocoa::base::id`: use the objc2 crate instead
    --> src/window.rs:1034:32
     |
1034 |             let native_window: id = match kind {
     |                                ^^

warning: use of deprecated constant `cocoa::base::nil`: use the objc2 crate instead
    --> src/window.rs:1057:37
     |
1057 |             let mut target_screen = nil;
     |                                     ^^^

warning: use of deprecated constant `cocoa::base::nil`: use the objc2 crate instead
    --> src/window.rs:1060:45
     |
1060 |             let screens = NSScreen::screens(nil);
     |                                             ^^^

warning: use of deprecated method `cocoa::foundation::NSArray::count`: use the objc2-foundation crate instead
    --> src/window.rs:1061:58
     |
1061 |             let count: u64 = cocoa::foundation::NSArray::count(screens);
     |                                                          ^^^^^

warning: use of deprecated method `cocoa::foundation::NSArray::objectAtIndex`: use the objc2-foundation crate instead
    --> src/window.rs:1063:58
     |
1063 |                 let screen = cocoa::foundation::NSArray::objectAtIndex(screens, i);
     |                                                          ^^^^^^^^^^^^^

warning: use of deprecated constant `cocoa::base::nil`: use the objc2 crate instead
    --> src/window.rs:1075:51
     |
1075 |                 let screen = NSScreen::mainScreen(nil);
     |                                                   ^^^

warning: use of deprecated struct `cocoa::foundation::NSRect`: use the objc2-foundation crate instead
    --> src/window.rs:1080:35
     |
1080 |             let mut window_rect = NSRect::new(
     |                                   ^^^^^^

warning: use of deprecated struct `cocoa::foundation::NSPoint`: use the objc2-foundation crate instead
    --> src/window.rs:1081:17
     |
1081 |                 NSPoint::new(
     |                 ^^^^^^^

warning: use of deprecated struct `cocoa::foundation::NSSize`: use the objc2-foundation crate instead
    --> src/window.rs:1086:17
     |
1086 |                 NSSize::new(
     |                 ^^^^^^

warning: use of deprecated struct `cocoa::foundation::NSRect`: use the objc2-foundation crate instead
    --> src/window.rs:1092:31
     |
1092 |                 window_rect = NSRect::new(
     |                               ^^^^^^

warning: use of deprecated struct `cocoa::foundation::NSPoint`: use the objc2-foundation crate instead
    --> src/window.rs:1093:21
     |
1093 |                     NSPoint::new(frame.origin.x, frame.origin.y + frame.size.height),
     |                     ^^^^^^^

warning: use of deprecated struct `cocoa::foundation::NSSize`: use the objc2-foundation crate instead
    --> src/window.rs:1094:21
     |
1094 |                     NSSize::new(frame.size.width, frame.size.height),
     |                     ^^^^^^

warning: use of deprecated associated function `cocoa::foundation::NSArray::arrayWithObject`: use the objc2-foundation crate instead
    --> src/window.rs:1112:30
     |
1112 |                     NSArray::arrayWithObject(nil, NSFilenamesPboardType)
     |                              ^^^^^^^^^^^^^^^

warning: use of deprecated constant `cocoa::base::nil`: use the objc2 crate instead
    --> src/window.rs:1112:46
     |
1112 |                     NSArray::arrayWithObject(nil, NSFilenamesPboardType)
     |                                              ^^^

warning: use of deprecated type alias `cocoa::base::id`: use the objc2 crate instead
    --> src/window.rs:1120:30
     |
1120 |             let native_view: id = msg_send![VIEW_CLASS, alloc];
     |                              ^^

warning: use of deprecated struct `cocoa::foundation::NSSize`: use the objc2-foundation crate instead
    --> src/window.rs:1206:50
     |
1206 |                 native_window.setContentMinSize_(NSSize {
     |                                                  ^^^^^^

warning: use of deprecated constant `cocoa::base::nil`: use the objc2 crate instead
    --> src/window.rs:1234:60
     |
1234 |             let app: id = NSApplication::sharedApplication(nil);
     |                                                            ^^^

warning: use of deprecated type alias `cocoa::base::id`: use the objc2 crate instead
    --> src/window.rs:1234:22
     |
1234 |             let app: id = NSApplication::sharedApplication(nil);
     |                      ^^

warning: use of deprecated type alias `cocoa::base::id`: use the objc2 crate instead
    --> src/window.rs:1235:30
     |
1235 |             let main_window: id = msg_send![app, mainWindow];
     |                              ^^

warning: use of deprecated constant `cocoa::base::nil`: use the objc2 crate instead
    --> src/window.rs:1258:83
     |
1258 |                         let _: () = msg_send![native_window, setTabbingIdentifier:nil];
     |                                                                                   ^^^

warning: use of deprecated type alias `cocoa::base::id`: use the objc2 crate instead
    --> src/window.rs:1280:47
     |
1280 | ...                   let active_sheet: id = msg_send![main_window, attachedSheet];
     |                                         ^^

warning: use of deprecated constant `cocoa::base::nil`: use the objc2 crate instead
    --> src/window.rs:1288:92
     |
1288 | ...                   msg_send![parent, beginSheet: native_window completionHandler: nil];
     |                                                                                      ^^^

warning: use of deprecated constant `cocoa::base::nil`: use the objc2 crate instead
    --> src/window.rs:1318:78
     |
1318 | ...                   let _: () = msg_send![native_window, orderFront: nil];
     |                                                                        ^^^

warning: use of deprecated constant `cocoa::base::nil`: use the objc2 crate instead
    --> src/window.rs:1341:53
     |
1341 |                 native_window.makeKeyAndOrderFront_(nil);
     |                                                     ^^^

warning: use of deprecated constant `cocoa::base::nil`: use the objc2 crate instead
    --> src/window.rs:1343:43
     |
1343 |                 native_window.orderFront_(nil);
     |                                           ^^^

warning: use of deprecated constant `cocoa::base::nil`: use the objc2 crate instead
    --> src/window.rs:1365:56
     |
1365 |             let app = NSApplication::sharedApplication(nil);
     |                                                        ^^^

warning: use of deprecated type alias `cocoa::base::id`: use the objc2 crate instead
    --> src/window.rs:1366:30
     |
1366 |             let main_window: id = msg_send![app, mainWindow];
     |                              ^^

warning: use of deprecated constant `cocoa::base::nil`: use the objc2 crate instead
    --> src/window.rs:1382:56
     |
1382 |             let app = NSApplication::sharedApplication(nil);
     |                                                        ^^^

warning: use of deprecated type alias `cocoa::base::id`: use the objc2 crate instead
    --> src/window.rs:1383:26
     |
1383 |             let windows: id = msg_send![app, orderedWindows];
     |                          ^^

warning: use of deprecated type alias `cocoa::foundation::NSUInteger`: use the objc2-foundation crate instead
    --> src/window.rs:1384:24
     |
1384 |             let count: NSUInteger = msg_send![windows, count];
     |                        ^^^^^^^^^^

warning: use of deprecated type alias `cocoa::base::id`: use the objc2 crate instead
    --> src/window.rs:1388:29
     |
1388 |                 let window: id = msg_send![windows, objectAtIndex:i];
     |                             ^^

warning: use of deprecated associated function `cocoa::foundation::NSUserDefaults::standardUserDefaults`: use the objc2-foundation crate instead
    --> src/window.rs:1401:48
     |
1401 |             let defaults: id = NSUserDefaults::standardUserDefaults();
     |                                                ^^^^^^^^^^^^^^^^^^^^

warning: use of deprecated type alias `cocoa::base::id`: use the objc2 crate instead
    --> src/window.rs:1401:27
     |
1401 |             let defaults: id = NSUserDefaults::standardUserDefaults();
     |                           ^^

warning: use of deprecated type alias `cocoa::base::id`: use the objc2 crate instead
    --> src/window.rs:1405:23
     |
1405 |             let dict: id = msg_send![defaults, persistentDomainForName: domain];
     |                       ^^

warning: use of deprecated constant `cocoa::base::nil`: use the objc2 crate instead
    --> src/window.rs:1409:17
     |
1409 |                 nil
     |                 ^^^

warning: use of deprecated type alias `cocoa::base::id`: use the objc2 crate instead
    --> src/window.rs:1406:24
     |
1406 |             let value: id = if !dict.is_null() {
     |                        ^^

warning: use of deprecated method `cocoa::foundation::NSString::UTF8String`: use the objc2-foundation crate instead
    --> src/window.rs:1413:42
     |
1413 |                 CStr::from_ptr(NSString::UTF8String(value)).to_string_lossy()
     |                                          ^^^^^^^^^^

warning: use of deprecated constant `cocoa::base::nil`: use the objc2 crate instead
    --> src/window.rs:1444:45
     |
1444 |             this.native_window.setDelegate_(nil);
     |                                             ^^^

warning: use of deprecated struct `cocoa::foundation::NSSize`: use the objc2-foundation crate instead
    --> src/window.rs:1504:44
     |
1504 |                     window.setContentSize_(NSSize {
     |                                            ^^^^^^

warning: use of deprecated constant `cocoa::base::nil`: use the objc2 crate instead
    --> src/window.rs:1547:68
     |
1547 |             let _: () = msg_send![native_window, toggleTabOverview:nil];
     |                                                                    ^^^

warning: use of deprecated constant `cocoa::base::nil`: use the objc2 crate instead
    --> src/window.rs:1565:75
     |
1565 |                 let _: () = msg_send![native_window, setTabbingIdentifier:nil];
     |                                                                           ^^^

warning: use of deprecated type alias `cocoa::base::id`: use the objc2 crate instead
    --> src/window.rs:1583:27
     |
1583 |             let archiver: id = msg_send![class!(NSKeyedArchiver), alloc];
     |                           ^^

warning: use of deprecated type alias `cocoa::base::id`: use the objc2 crate instead
    --> src/window.rs:1584:27
     |
1584 |             let archiver: id = msg_send![archiver, initRequiringSecureCoding: YES];
     |                           ^^

warning: use of deprecated type alias `cocoa::base::id`: use the objc2 crate instead
    --> src/window.rs:1589:27
     |
1589 |             let delegate: id = msg_send![WINDOW_STATE_ARCHIVER_DELEGATE_CLASS, new];
     |                           ^^

warning: use of deprecated constant `cocoa::base::nil`: use the objc2 crate instead
    --> src/window.rs:1595:58
     |
1595 |             let _: () = msg_send![archiver, setDelegate: nil];
     |                                                          ^^^

warning: use of deprecated type alias `cocoa::base::id`: use the objc2 crate instead
    --> src/window.rs:1597:23
     |
1597 |             let data: id = msg_send![archiver, encodedData];
     |                       ^^

warning: use of deprecated associated function `cocoa::foundation::NSData::dataWithBytes_length_`: use the objc2-foundation crate instead
    --> src/window.rs:1626:32
     |
1626 |             let data = NSData::dataWithBytes_length_(
     |                                ^^^^^^^^^^^^^^^^^^^^^

warning: use of deprecated constant `cocoa::base::nil`: use the objc2 crate instead
    --> src/window.rs:1627:17
     |
1627 |                 nil,
     |                 ^^^

warning: use of deprecated struct `cocoa::foundation::NSOperatingSystemVersion`: use the objc2-foundation crate instead
    --> src/window.rs:1643:43
     |
1643 |             if !is_macos_version_at_least(NSOperatingSystemVersion::new(15, 0, 0)) {
     |                                           ^^^^^^^^^^^^^^^^^^^^^^^^

warning: use of deprecated associated function `cocoa::foundation::NSUserDefaults::standardUserDefaults`: use the objc2-foundation crate instead
    --> src/window.rs:1645:56
     |
1645 |                     let defaults: id = NSUserDefaults::standardUserDefaults();
     |                                                        ^^^^^^^^^^^^^^^^^^^^

warning: use of deprecated type alias `cocoa::base::id`: use the objc2 crate instead
    --> src/window.rs:1645:35
     |
1645 |                     let defaults: id = NSUserDefaults::standardUserDefaults();
     |                                   ^^

warning: use of deprecated type alias `cocoa::base::id`: use the objc2 crate instead
    --> src/window.rs:1647:36
     |
1647 |                     let yes_value: id = msg_send![class!(NSNumber), numberWithBool: YES];
     |                                    ^^

warning: use of deprecated type alias `cocoa::base::id`: use the objc2 crate instead
    --> src/window.rs:1648:31
     |
1648 |                     let dict: id = msg_send![
     |                               ^^

warning: use of deprecated type alias `cocoa::base::id`: use the objc2 crate instead
    --> src/window.rs:1657:29
     |
1657 |             let unarchiver: id = msg_send![WINDOW_STATE_UNARCHIVER_CLASS, alloc];
     |                             ^^

warning: use of deprecated constant `cocoa::base::nil`: use the objc2 crate instead
    --> src/window.rs:1658:33
     |
1658 |             let mut error: id = nil;
     |                                 ^^^

warning: use of deprecated type alias `cocoa::base::id`: use the objc2 crate instead
    --> src/window.rs:1658:28
     |
1658 |             let mut error: id = nil;
     |                            ^^

warning: use of deprecated type alias `cocoa::base::id`: use the objc2 crate instead
    --> src/window.rs:1659:29
     |
1659 |             let unarchiver: id =
     |                             ^^

warning: use of deprecated type alias `cocoa::base::id`: use the objc2 crate instead
    --> src/window.rs:1669:24
     |
1669 |             let error: id = msg_send![unarchiver, error];
     |                        ^^

warning: use of deprecated type alias `cocoa::base::id`: use the objc2 crate instead
    --> src/window.rs:1692:29
     |
1692 |             let appearance: id = msg_send![self.0.lock().native_window, effectiveAppearance];
     |                             ^^

warning: use of deprecated type alias `cocoa::base::id`: use the objc2 crate instead
    --> src/window.rs:1703:37
     |
1703 |             let device_description: id = msg_send![screen, deviceDescription];
     |                                     ^^

warning: use of deprecated method `cocoa::foundation::NSDictionary::valueForKey_`: use the objc2-foundation crate instead
    --> src/window.rs:1705:31
     |
1705 |                 NSDictionary::valueForKey_(device_description, ns_string("NSScreenNumber"));
     |                               ^^^^^^^^^^^^

warning: use of deprecated type alias `cocoa::base::id`: use the objc2 crate instead
    --> src/window.rs:1704:32
     |
1704 |             let screen_number: id =
     |                                ^^

warning: use of deprecated constant `cocoa::base::nil`: use the objc2 crate instead
    --> src/window.rs:1872:77
     |
1872 |                         let _: () = msg_send![window, makeKeyAndOrderFront: nil];
     |                                                                             ^^^

warning: use of deprecated constant `cocoa::base::nil`: use the objc2 crate instead
    --> src/window.rs:1888:64
     |
1888 |                     let app = NSApplication::sharedApplication(nil);
     |                                                                ^^^

warning: use of deprecated constant `cocoa::base::nil`: use the objc2 crate instead
    --> src/window.rs:1910:56
     |
1910 |             let app = NSApplication::sharedApplication(nil);
     |                                                        ^^^

warning: use of deprecated type alias `cocoa::base::id`: use the objc2 crate instead
    --> src/window.rs:1921:24
     |
1921 |             let title: id = msg_send![self.0.lock().native_window, title];
     |                        ^^

warning: use of deprecated constant `cocoa::base::nil`: use the objc2 crate instead
    --> src/window.rs:1942:61
     |
1942 |                 NSColor::colorWithSRGBRed_green_blue_alpha_(nil, 0f64, 0f64, 0f64, 1f64)
     |                                                             ^^^

warning: use of deprecated constant `cocoa::base::nil`: use the objc2 crate instead
    --> src/window.rs:1945:61
     |
1945 |                 NSColor::colorWithSRGBRed_green_blue_alpha_(nil, 0f64, 0f64, 0f64, 0.0001)
     |                                                             ^^^

warning: use of deprecated type alias `cocoa::base::id`: use the objc2 crate instead
    --> src/window.rs:1957:36
     |
1957 |                 let mut blur_view: id = msg_send![BLURRED_VIEW_CLASS, alloc];
     |                                    ^^

warning: use of deprecated constant `cocoa::base::nil`: use the objc2 crate instead
    --> src/window.rs:1965:33
     |
1965 |                     relativeTo: nil
     |                                 ^^^

warning: use of deprecated constant `cocoa::base::nil`: use the objc2 crate instead
    --> src/window.rs:2009:64
     |
2009 |                     let app = NSApplication::sharedApplication(nil);
     |                                                                ^^^

warning: use of deprecated constant `cocoa::base::nil`: use the objc2 crate instead
    --> src/window.rs:2019:33
     |
2019 |             window.miniaturize_(nil);
     |                                 ^^^

warning: use of deprecated constant `cocoa::base::nil`: use the objc2 crate instead
    --> src/window.rs:2030:34
     |
2030 |                     window.zoom_(nil);
     |                                  ^^^

warning: use of deprecated constant `cocoa::base::nil`: use the objc2 crate instead
    --> src/window.rs:2043:46
     |
2043 |                     window.toggleFullScreen_(nil);
     |                                              ^^^

warning: use of deprecated type alias `cocoa::base::id`: use the objc2 crate instead
    --> src/window.rs:2062:58
     |
2062 | ...                   lock.native_view.as_ptr() as id,
     |                                                    ^^

warning: use of deprecated type alias `cocoa::base::id`: use the objc2 crate instead
    --> src/window.rs:2134:26
     |
2134 |             let windows: id = msg_send![self.0.lock().native_window, tabbedWindows];
     |                          ^^

warning: use of deprecated type alias `cocoa::foundation::NSUInteger`: use the objc2-foundation crate instead
    --> src/window.rs:2139:24
     |
2139 |             let count: NSUInteger = msg_send![windows, count];
     |                        ^^^^^^^^^^

warning: use of deprecated type alias `cocoa::base::id`: use the objc2 crate instead
    --> src/window.rs:2142:29
     |
2142 |                 let window: id = msg_send![windows, objectAtIndex:i];
     |                             ^^

warning: use of deprecated type alias `cocoa::base::id`: use the objc2 crate instead
    --> src/window.rs:2145:32
     |
2145 |                     let title: id = msg_send![window, title];
     |                                ^^

warning: use of deprecated type alias `cocoa::base::id`: use the objc2 crate instead
    --> src/window.rs:2158:28
     |
2158 |             let tab_group: id = msg_send![self.0.lock().native_window, tabGroup];
     |                            ^^

warning: use of deprecated type alias `cocoa::base::id`: use the objc2 crate instead
    --> src/window.rs:2206:40
     |
2206 |                     let input_context: id =
     |                                        ^^

warning: use of deprecated associated function `cocoa::foundation::NSUserDefaults::standardUserDefaults`: use the objc2-foundation crate instead
    --> src/window.rs:2228:60
     |
2228 |                         let defaults: id = NSUserDefaults::standardUserDefaults();
     |                                                            ^^^^^^^^^^^^^^^^^^^^

warning: use of deprecated type alias `cocoa::base::id`: use the objc2 crate instead
    --> src/window.rs:2228:39
     |
2228 |                         let defaults: id = NSUserDefaults::standardUserDefaults();
     |                                       ^^

warning: use of deprecated type alias `cocoa::base::id`: use the objc2 crate instead
    --> src/window.rs:2232:35
     |
2232 |                         let dict: id = msg_send![defaults, persistentDomainForName: domain];
     |                                   ^^

warning: use of deprecated constant `cocoa::base::nil`: use the objc2 crate instead
    --> src/window.rs:2236:29
     |
2236 | ...                   nil
     |                       ^^^

warning: use of deprecated type alias `cocoa::base::id`: use the objc2 crate instead
    --> src/window.rs:2233:37
     |
2233 |                         let action: id = if !dict.is_null() {
     |                                     ^^

warning: use of deprecated method `cocoa::foundation::NSString::UTF8String`: use the objc2-foundation crate instead
    --> src/window.rs:2240:54
     |
2240 | ...                   CStr::from_ptr(NSString::UTF8String(action)).to_string_lossy()
     |                                                ^^^^^^^^^^

warning: use of deprecated constant `cocoa::base::nil`: use the objc2 crate instead
    --> src/window.rs:2251:57
     |
2251 | ...                   window.miniaturize_(nil);
     |                                           ^^^

warning: use of deprecated constant `cocoa::base::nil`: use the objc2 crate instead
    --> src/window.rs:2256:50
     |
2256 | ...                   window.zoom_(nil);
     |                                    ^^^

warning: use of deprecated constant `cocoa::base::nil`: use the objc2 crate instead
    --> src/window.rs:2266:82
     |
2266 | ...                   let _: () = msg_send![window, _zoomFill: nil];
     |                                                                ^^^

warning: use of deprecated constant `cocoa::base::nil`: use the objc2 crate instead
    --> src/window.rs:2268:54
     |
2268 | ...                   window.zoom_(nil);
     |                                    ^^^

warning: use of deprecated constant `cocoa::base::nil`: use the objc2 crate instead
    --> src/window.rs:2274:50
     |
2274 | ...                   window.zoom_(nil);
     |                                    ^^^

warning: use of deprecated constant `cocoa::base::nil`: use the objc2 crate instead
    --> src/window.rs:2292:56
     |
2292 |             let app = NSApplication::sharedApplication(nil);
     |                                                        ^^^

warning: use of deprecated type alias `cocoa::base::id`: use the objc2 crate instead
    --> src/window.rs:2293:24
     |
2293 |             let event: id = msg_send![app, currentEvent];
     |                        ^^

warning: use of deprecated type alias `cocoa::base::id`: use the objc2 crate instead
    --> src/window.rs:2329:24
     |
2329 |             let event: id = Retained::as_ptr(&last_left_mouse_down_event)
     |                        ^^

warning: use of deprecated type alias `cocoa::base::id`: use the objc2 crate instead
    --> src/window.rs:2332:33
     |
2332 |             let dragging_items: id = msg_send![class!(NSMutableArray), array];
     |                                 ^^

warning: use of deprecated struct `cocoa::foundation::NSPoint`: use the objc2-foundation crate instead
    --> src/window.rs:2335:46
     |
2335 |             let location: cocoa::foundation::NSPoint = msg_send![event, locationInWindow];
     |                                              ^^^^^^^

warning: use of deprecated type alias `cocoa::foundation::NSUInteger`: use the objc2-foundation crate instead
    --> src/window.rs:2395:24
     |
2395 |             let count: NSUInteger = msg_send![dragging_items, count];
     |                        ^^^^^^^^^^

warning: use of deprecated type alias `cocoa::base::id`: use the objc2 crate instead
    --> src/window.rs:2401:26
     |
2401 |             let session: id = msg_send![
     |                          ^^

warning: use of deprecated type alias `cocoa::base::id`: use the objc2 crate instead
 --> src/window_appearance.rs:3:11
  |
3 |     base::id,
  |           ^^

warning: use of deprecated trait `cocoa::foundation::NSString`: use the objc2-foundation crate instead
 --> src/window_appearance.rs:4:17
  |
4 |     foundation::NSString,
  |                 ^^^^^^^^

warning: use of deprecated type alias `cocoa::base::id`: use the objc2 crate instead
  --> src/window_appearance.rs:10:64
   |
10 | pub(crate) unsafe fn window_appearance_from_native(appearance: id) -> WindowAppearance {
   |                                                                ^^

warning: use of deprecated type alias `cocoa::base::id`: use the objc2 crate instead
  --> src/window_appearance.rs:11:15
   |
11 |     let name: id = msg_send![appearance, name];
   |               ^^

warning: use of deprecated type alias `cocoa::base::id`: use the objc2 crate instead
  --> src/window_appearance.rs:33:38
   |
33 |     pub static NSAppearanceNameAqua: id;
   |                                      ^^

warning: use of deprecated type alias `cocoa::base::id`: use the objc2 crate instead
  --> src/window_appearance.rs:34:42
   |
34 |     pub static NSAppearanceNameDarkAqua: id;
   |                                          ^^

warning: use of deprecated method `cocoa::foundation::NSDictionary::objectForKey_`: use the objc2-foundation crate instead
  --> src/display.rs:41:52
   |
41 |             let screen_number = device_description.objectForKey_(screen_number_key);
   |                                                    ^^^^^^^^^^^^^

warning: use of deprecated field `cocoa::foundation::NSRect::size`: use the objc2-foundation crate instead
   --> src/display.rs:134:17
    |
134 |                 screen_frame.size.height - visible_frame.origin.y - visible_frame.size.height
    |                 ^^^^^^^^^^^^^^^^^

warning: use of deprecated field `cocoa::foundation::NSSize::height`: use the objc2-foundation crate instead
   --> src/display.rs:134:17
    |
134 |                 screen_frame.size.height - visible_frame.origin.y - visible_frame.size.height
    |                 ^^^^^^^^^^^^^^^^^^^^^^^^

warning: use of deprecated field `cocoa::foundation::NSRect::origin`: use the objc2-foundation crate instead
   --> src/display.rs:134:44
    |
134 |                 screen_frame.size.height - visible_frame.origin.y - visible_frame.size.height
    |                                            ^^^^^^^^^^^^^^^^^^^^

warning: use of deprecated field `cocoa::foundation::NSPoint::y`: use the objc2-foundation crate instead
   --> src/display.rs:134:44
    |
134 |                 screen_frame.size.height - visible_frame.origin.y - visible_frame.size.height
    |                                            ^^^^^^^^^^^^^^^^^^^^^^

warning: use of deprecated field `cocoa::foundation::NSRect::size`: use the objc2-foundation crate instead
   --> src/display.rs:134:69
    |
134 |                 screen_frame.size.height - visible_frame.origin.y - visible_frame.size.height
    |                                                                     ^^^^^^^^^^^^^^^^^^

warning: use of deprecated field `cocoa::foundation::NSSize::height`: use the objc2-foundation crate instead
   --> src/display.rs:134:69
    |
134 |                 screen_frame.size.height - visible_frame.origin.y - visible_frame.size.height
    |                                                                     ^^^^^^^^^^^^^^^^^^^^^^^^^

warning: use of deprecated field `cocoa::foundation::NSRect::origin`: use the objc2-foundation crate instead
   --> src/display.rs:135:23
    |
135 |                     + screen_frame.origin.y;
    |                       ^^^^^^^^^^^^^^^^^^^

warning: use of deprecated field `cocoa::foundation::NSPoint::y`: use the objc2-foundation crate instead
   --> src/display.rs:135:23
    |
135 |                     + screen_frame.origin.y;
    |                       ^^^^^^^^^^^^^^^^^^^^^

warning: use of deprecated field `cocoa::foundation::NSRect::origin`: use the objc2-foundation crate instead
   --> src/display.rs:139:24
    |
139 |                     px(visible_frame.origin.x as f32 - screen_frame.origin.x as f32),
    |                        ^^^^^^^^^^^^^^^^^^^^

warning: use of deprecated field `cocoa::foundation::NSPoint::x`: use the objc2-foundation crate instead
   --> src/display.rs:139:24
    |
139 |                     px(visible_frame.origin.x as f32 - screen_frame.origin.x as f32),
    |                        ^^^^^^^^^^^^^^^^^^^^^^

warning: use of deprecated field `cocoa::foundation::NSRect::origin`: use the objc2-foundation crate instead
   --> src/display.rs:139:56
    |
139 |                     px(visible_frame.origin.x as f32 - screen_frame.origin.x as f32),
    |                                                        ^^^^^^^^^^^^^^^^^^^

warning: use of deprecated field `cocoa::foundation::NSPoint::x`: use the objc2-foundation crate instead
   --> src/display.rs:139:56
    |
139 |                     px(visible_frame.origin.x as f32 - screen_frame.origin.x as f32),
    |                                                        ^^^^^^^^^^^^^^^^^^^^^

warning: use of deprecated field `cocoa::foundation::NSRect::size`: use the objc2-foundation crate instead
   --> src/display.rs:143:24
    |
143 |                     px(visible_frame.size.width as f32),
    |                        ^^^^^^^^^^^^^^^^^^

warning: use of deprecated field `cocoa::foundation::NSSize::width`: use the objc2-foundation crate instead
   --> src/display.rs:143:24
    |
143 |                     px(visible_frame.size.width as f32),
    |                        ^^^^^^^^^^^^^^^^^^^^^^^^

warning: use of deprecated field `cocoa::foundation::NSRect::size`: use the objc2-foundation crate instead
   --> src/display.rs:144:24
    |
144 |                     px(visible_frame.size.height as f32),
    |                        ^^^^^^^^^^^^^^^^^^

warning: use of deprecated field `cocoa::foundation::NSSize::height`: use the objc2-foundation crate instead
   --> src/display.rs:144:24
    |
144 |                     px(visible_frame.size.height as f32),
    |                        ^^^^^^^^^^^^^^^^^^^^^^^^^

warning: use of deprecated method `cocoa::foundation::NSDictionary::objectForKey_`: use the objc2-foundation crate instead
   --> src/display.rs:161:61
    |
161 |             let screen_number = unsafe { device_description.objectForKey_(screen_number_key) };
    |                                                             ^^^^^^^^^^^^^

warning: use of deprecated field `cocoa::foundation::NSPoint::x`: use the objc2-foundation crate instead
   --> src/events.rs:155:32
    |
155 | ...                   px(native_event.locationInWindow().x as f32),
    |                          ^^^^^^^^^^^^^^^^^^^^^^^^^^^^^^^^^

warning: use of deprecated field `cocoa::foundation::NSPoint::y`: use the objc2-foundation crate instead
   --> src/events.rs:157:48
    |
157 | ...                   window_height - px(native_event.locationInWindow().y as f32),
    |                                          ^^^^^^^^^^^^^^^^^^^^^^^^^^^^^^^^^

warning: use of deprecated field `cocoa::foundation::NSPoint::x`: use the objc2-foundation crate instead
   --> src/events.rs:182:32
    |
182 | ...                   px(native_event.locationInWindow().x as f32),
    |                          ^^^^^^^^^^^^^^^^^^^^^^^^^^^^^^^^^

warning: use of deprecated field `cocoa::foundation::NSPoint::y`: use the objc2-foundation crate instead
   --> src/events.rs:183:48
    |
183 | ...                   window_height - px(native_event.locationInWindow().y as f32),
    |                                          ^^^^^^^^^^^^^^^^^^^^^^^^^^^^^^^^^

warning: use of deprecated field `cocoa::foundation::NSPoint::x`: use the objc2-foundation crate instead
   --> src/events.rs:204:32
    |
204 | ...                   px(native_event.locationInWindow().x as f32),
    |                          ^^^^^^^^^^^^^^^^^^^^^^^^^^^^^^^^^

warning: use of deprecated field `cocoa::foundation::NSPoint::y`: use the objc2-foundation crate instead
   --> src/events.rs:205:48
    |
205 | ...                   window_height - px(native_event.locationInWindow().y as f32),
    |                                          ^^^^^^^^^^^^^^^^^^^^^^^^^^^^^^^^^

warning: use of deprecated field `cocoa::foundation::NSPoint::x`: use the objc2-foundation crate instead
   --> src/events.rs:226:36
    |
226 | ...                   px(native_event.locationInWindow().x as f32),
    |                          ^^^^^^^^^^^^^^^^^^^^^^^^^^^^^^^^^

warning: use of deprecated field `cocoa::foundation::NSPoint::y`: use the objc2-foundation crate instead
   --> src/events.rs:227:52
    |
227 | ...                   window_height - px(native_event.locationInWindow().y as f32),
    |                                          ^^^^^^^^^^^^^^^^^^^^^^^^^^^^^^^^^

warning: use of deprecated field `cocoa::foundation::NSPoint::x`: use the objc2-foundation crate instead
   --> src/events.rs:250:28
    |
250 |                         px(native_event.locationInWindow().x as f32),
    |                            ^^^^^^^^^^^^^^^^^^^^^^^^^^^^^^^^^

warning: use of deprecated field `cocoa::foundation::NSPoint::y`: use the objc2-foundation crate instead
   --> src/events.rs:251:44
    |
251 |                         window_height - px(native_event.locationInWindow().y as f32),
    |                                            ^^^^^^^^^^^^^^^^^^^^^^^^^^^^^^^^^

warning: use of deprecated field `cocoa::foundation::NSPoint::x`: use the objc2-foundation crate instead
   --> src/events.rs:280:28
    |
280 |                         px(native_event.locationInWindow().x as f32),
    |                            ^^^^^^^^^^^^^^^^^^^^^^^^^^^^^^^^^

warning: use of deprecated field `cocoa::foundation::NSPoint::y`: use the objc2-foundation crate instead
   --> src/events.rs:281:44
    |
281 |                         window_height - px(native_event.locationInWindow().y as f32),
    |                                            ^^^^^^^^^^^^^^^^^^^^^^^^^^^^^^^^^

warning: use of deprecated field `cocoa::foundation::NSPoint::x`: use the objc2-foundation crate instead
   --> src/events.rs:305:32
    |
305 | ...                   px(native_event.locationInWindow().x as f32),
    |                          ^^^^^^^^^^^^^^^^^^^^^^^^^^^^^^^^^

warning: use of deprecated field `cocoa::foundation::NSPoint::y`: use the objc2-foundation crate instead
   --> src/events.rs:306:48
    |
306 | ...                   window_height - px(native_event.locationInWindow().y as f32),
    |                                          ^^^^^^^^^^^^^^^^^^^^^^^^^^^^^^^^^

warning: use of deprecated field `cocoa::foundation::NSPoint::x`: use the objc2-foundation crate instead
   --> src/events.rs:315:28
    |
315 |                         px(native_event.locationInWindow().x as f32),
    |                            ^^^^^^^^^^^^^^^^^^^^^^^^^^^^^^^^^

warning: use of deprecated field `cocoa::foundation::NSPoint::y`: use the objc2-foundation crate instead
   --> src/events.rs:316:44
    |
316 |                         window_height - px(native_event.locationInWindow().y as f32),
    |                                            ^^^^^^^^^^^^^^^^^^^^^^^^^^^^^^^^^

warning: use of deprecated field `cocoa::foundation::NSPoint::x`: use the objc2-foundation crate instead
   --> src/events.rs:325:28
    |
325 |                         px(native_event.locationInWindow().x as f32),
    |                            ^^^^^^^^^^^^^^^^^^^^^^^^^^^^^^^^^

warning: use of deprecated field `cocoa::foundation::NSPoint::y`: use the objc2-foundation crate instead
   --> src/events.rs:326:44
    |
326 |                         window_height - px(native_event.locationInWindow().y as f32),
    |                                            ^^^^^^^^^^^^^^^^^^^^^^^^^^^^^^^^^

warning: use of deprecated method `cocoa::foundation::NSFastEnumeration::iter`: use the objc2-foundation crate instead
  --> src/pasteboard.rs:58:39
   |
58 |                 for file in filenames.iter() {
   |                                       ^^^^

warning: use of deprecated method `cocoa::foundation::NSData::bytes`: use the objc2-foundation crate instead
   --> src/pasteboard.rs:149:28
    |
149 |             } else if data.bytes().is_null() {
    |                            ^^^^^

warning: use of deprecated method `cocoa::foundation::NSData::bytes`: use the objc2-foundation crate instead
   --> src/pasteboard.rs:153:48
    |
153 |                     slice::from_raw_parts(data.bytes() as *mut u8, data.length() as usize).to_vec(),
    |                                                ^^^^^

warning: use of deprecated method `cocoa::foundation::NSData::length`: use the objc2-foundation crate instead
   --> src/pasteboard.rs:153:73
    |
153 |                     slice::from_raw_parts(data.bytes() as *mut u8, data.length() as usize).to_vec(),
    |                                                                         ^^^^^^

warning: use of deprecated method `cocoa::foundation::NSAutoreleasePool::autorelease`: use the objc2-foundation crate instead
   --> src/platform.rs:268:53
    |
268 |             let application_menu = NSMenu::new(nil).autorelease();
    |                                                     ^^^^^^^^^^^

warning: use of deprecated method `cocoa::foundation::NSAutoreleasePool::autorelease`: use the objc2-foundation crate instead
   --> src/platform.rs:272:45
    |
272 |                 let menu = NSMenu::new(nil).autorelease();
    |                                             ^^^^^^^^^^^

warning: use of deprecated method `cocoa::foundation::NSAutoreleasePool::autorelease`: use the objc2-foundation crate instead
   --> src/platform.rs:286:54
    |
286 |                 let menu_item = NSMenuItem::new(nil).autorelease();
    |                                                      ^^^^^^^^^^^

warning: use of deprecated method `cocoa::foundation::NSAutoreleasePool::autorelease`: use the objc2-foundation crate instead
   --> src/platform.rs:411:34
    |
411 | ...                   .autorelease();
    |                        ^^^^^^^^^^^

warning: use of deprecated method `cocoa::foundation::NSAutoreleasePool::autorelease`: use the objc2-foundation crate instead
   --> src/platform.rs:423:34
    |
423 | ...                   .autorelease();
    |                        ^^^^^^^^^^^

warning: use of deprecated method `cocoa::foundation::NSAutoreleasePool::autorelease`: use the objc2-foundation crate instead
   --> src/platform.rs:432:30
    |
432 | ...                   .autorelease();
    |                        ^^^^^^^^^^^

warning: use of deprecated method `cocoa::foundation::NSAutoreleasePool::autorelease`: use the objc2-foundation crate instead
   --> src/platform.rs:450:53
    |
450 |                     let item = NSMenuItem::new(nil).autorelease();
    |                                                     ^^^^^^^^^^^

warning: use of deprecated method `cocoa::foundation::NSAutoreleasePool::autorelease`: use the objc2-foundation crate instead
   --> src/platform.rs:451:52
    |
451 |                     let submenu = NSMenu::new(nil).autorelease();
    |                                                    ^^^^^^^^^^^

warning: use of deprecated method `cocoa::foundation::NSAutoreleasePool::autorelease`: use the objc2-foundation crate instead
   --> src/platform.rs:462:53
    |
462 |                     let item = NSMenuItem::new(nil).autorelease();
    |                                                     ^^^^^^^^^^^

warning: use of deprecated method `cocoa::foundation::NSAutoreleasePool::autorelease`: use the objc2-foundation crate instead
   --> src/platform.rs:463:52
    |
463 |                     let submenu = NSMenu::new(nil).autorelease();
    |                                                    ^^^^^^^^^^^

warning: use of deprecated method `cocoa::foundation::NSProcessInfo::operatingSystemVersion`: use the objc2-foundation crate instead
   --> src/platform.rs:484:26
    |
484 |             process_info.operatingSystemVersion()
    |                          ^^^^^^^^^^^^^^^^^^^^^^

warning: use of deprecated field `cocoa::foundation::NSOperatingSystemVersion::majorVersion`: use the objc2-foundation crate instead
   --> src/platform.rs:487:13
    |
487 |             version.majorVersion,
    |             ^^^^^^^^^^^^^^^^^^^^

warning: use of deprecated field `cocoa::foundation::NSOperatingSystemVersion::minorVersion`: use the objc2-foundation crate instead
   --> src/platform.rs:488:13
    |
488 |             version.minorVersion,
    |             ^^^^^^^^^^^^^^^^^^^^

warning: use of deprecated field `cocoa::foundation::NSOperatingSystemVersion::patchVersion`: use the objc2-foundation crate instead
   --> src/platform.rs:489:13
    |
489 |             version.patchVersion,
    |             ^^^^^^^^^^^^^^^^^^^^

warning: use of deprecated method `cocoa::foundation::NSAutoreleasePool::drain`: use the objc2-foundation crate instead
   --> src/platform.rs:551:18
    |
551 |             pool.drain();
    |                  ^^^^^

warning: use of deprecated method `cocoa::foundation::NSURL::initWithString_`: use the objc2-foundation crate instead
   --> src/platform.rs:746:44
    |
746 |             let ns_url = NSURL::alloc(nil).initWithString_(ns_string(url));
    |                                            ^^^^^^^^^^^^^^^

warning: use of deprecated method `cocoa::foundation::NSAutoreleasePool::autorelease`: use the objc2-foundation crate instead
   --> src/platform.rs:751:30
    |
751 |             let url = ns_url.autorelease();
    |                              ^^^^^^^^^^^

warning: use of deprecated method `cocoa::foundation::NSString::UTF8String`: use the objc2-foundation crate instead
    --> src/platform.rs:1282:31
     |
1282 |     let bytes = unsafe { path.UTF8String() as *const u8 };
     |                               ^^^^^^^^^^

warning: use of deprecated method `cocoa::foundation::NSArray::count`: use the objc2-foundation crate instead
    --> src/platform.rs:1485:18
     |
1485 |         (0..urls.count())
     |                  ^^^^^

warning: use of deprecated method `cocoa::foundation::NSArray::objectAtIndex`: use the objc2-foundation crate instead
    --> src/platform.rs:1487:32
     |
1487 |                 let url = urls.objectAtIndex(i);
     |                                ^^^^^^^^^^^^^

warning: use of deprecated method `cocoa::foundation::NSURL::absoluteString`: use the objc2-foundation crate instead
    --> src/platform.rs:1488:42
     |
1488 |                 match CStr::from_ptr(url.absoluteString().UTF8String() as *mut c_char).to_str() {
     |                                          ^^^^^^^^^^^^^^

warning: use of deprecated method `cocoa::foundation::NSString::UTF8String`: use the objc2-foundation crate instead
    --> src/platform.rs:1488:59
     |
1488 |                 match CStr::from_ptr(url.absoluteString().UTF8String() as *mut c_char).to_str() {
     |                                                           ^^^^^^^^^^

warning: use of deprecated method `cocoa::foundation::NSURL::absoluteString`: use the objc2-foundation crate instead
    --> src/platform.rs:1574:28
     |
1574 |         CStr::from_ptr(url.absoluteString().UTF8String()).to_string_lossy()
     |                            ^^^^^^^^^^^^^^

warning: use of deprecated method `cocoa::foundation::NSString::UTF8String`: use the objc2-foundation crate instead
    --> src/platform.rs:1574:45
     |
1574 |         CStr::from_ptr(url.absoluteString().UTF8String()).to_string_lossy()
     |                                             ^^^^^^^^^^

warning: use of deprecated associated function `cocoa::foundation::NSOperatingSystemVersion::new`: use the objc2-foundation crate instead
   --> src/window.rs:371:61
    |
371 |     if !is_macos_version_at_least(NSOperatingSystemVersion::new(15, 0, 0)) {
    |                                                             ^^^

warning: use of deprecated field `cocoa::foundation::NSPoint::x`: use the objc2-foundation crate instead
   --> src/window.rs:390:12
    |
390 |         px(position.x as f32),
    |            ^^^^^^^^^^

warning: use of deprecated field `cocoa::foundation::NSPoint::y`: use the objc2-foundation crate instead
   --> src/window.rs:392:28
    |
392 |         window_height - px(position.y as f32),
    |                            ^^^^^^^^^^

warning: use of deprecated field `cocoa::foundation::NSRect::size`: use the objc2-foundation crate instead
   --> src/window.rs:873:44
    |
873 |             let NSSize { width, height } = rect.size;
    |                                            ^^^^^^^^^

warning: use of deprecated field `cocoa::foundation::NSSize::width`: use the objc2-foundation crate instead
   --> src/window.rs:873:26
    |
873 |             let NSSize { width, height } = rect.size;
    |                          ^^^^^

warning: use of deprecated field `cocoa::foundation::NSSize::height`: use the objc2-foundation crate instead
   --> src/window.rs:873:33
    |
873 |             let NSSize { width, height } = rect.size;
    |                                 ^^^^^^

warning: use of deprecated field `cocoa::foundation::NSRect::origin`: use the objc2-foundation crate instead
   --> src/window.rs:927:9
    |
927 |         window_frame.origin.y =
    |         ^^^^^^^^^^^^^^^^^^^

warning: use of deprecated field `cocoa::foundation::NSPoint::y`: use the objc2-foundation crate instead
   --> src/window.rs:927:9
    |
927 |         window_frame.origin.y =
    |         ^^^^^^^^^^^^^^^^^^^^^

warning: use of deprecated field `cocoa::foundation::NSRect::size`: use the objc2-foundation crate instead
   --> src/window.rs:928:13
    |
928 |             screen_frame.size.height - window_frame.origin.y - window_frame.size.height;
    |             ^^^^^^^^^^^^^^^^^

warning: use of deprecated field `cocoa::foundation::NSSize::height`: use the objc2-foundation crate instead
   --> src/window.rs:928:13
    |
928 |             screen_frame.size.height - window_frame.origin.y - window_frame.size.height;
    |             ^^^^^^^^^^^^^^^^^^^^^^^^

warning: use of deprecated field `cocoa::foundation::NSRect::origin`: use the objc2-foundation crate instead
   --> src/window.rs:928:40
    |
928 |             screen_frame.size.height - window_frame.origin.y - window_frame.size.height;
    |                                        ^^^^^^^^^^^^^^^^^^^

warning: use of deprecated field `cocoa::foundation::NSPoint::y`: use the objc2-foundation crate instead
   --> src/window.rs:928:40
    |
928 |             screen_frame.size.height - window_frame.origin.y - window_frame.size.height;
    |                                        ^^^^^^^^^^^^^^^^^^^^^

warning: use of deprecated field `cocoa::foundation::NSRect::size`: use the objc2-foundation crate instead
   --> src/window.rs:928:64
    |
928 |             screen_frame.size.height - window_frame.origin.y - window_frame.size.height;
    |                                                                ^^^^^^^^^^^^^^^^^

warning: use of deprecated field `cocoa::foundation::NSSize::height`: use the objc2-foundation crate instead
   --> src/window.rs:928:64
    |
928 |             screen_frame.size.height - window_frame.origin.y - window_frame.size.height;
    |                                                                ^^^^^^^^^^^^^^^^^^^^^^^^

warning: use of deprecated field `cocoa::foundation::NSRect::origin`: use the objc2-foundation crate instead
   --> src/window.rs:932:21
    |
932 |                 px((window_frame.origin.x - screen_frame.origin.x) as f32),
    |                     ^^^^^^^^^^^^^^^^^^^

warning: use of deprecated field `cocoa::foundation::NSPoint::x`: use the objc2-foundation crate instead
   --> src/window.rs:932:21
    |
932 |                 px((window_frame.origin.x - screen_frame.origin.x) as f32),
    |                     ^^^^^^^^^^^^^^^^^^^^^

warning: use of deprecated field `cocoa::foundation::NSRect::origin`: use the objc2-foundation crate instead
   --> src/window.rs:932:45
    |
932 |                 px((window_frame.origin.x - screen_frame.origin.x) as f32),
    |                                             ^^^^^^^^^^^^^^^^^^^

warning: use of deprecated field `cocoa::foundation::NSPoint::x`: use the objc2-foundation crate instead
   --> src/window.rs:932:45
    |
932 |                 px((window_frame.origin.x - screen_frame.origin.x) as f32),
    |                                             ^^^^^^^^^^^^^^^^^^^^^

warning: use of deprecated field `cocoa::foundation::NSRect::origin`: use the objc2-foundation crate instead
   --> src/window.rs:933:21
    |
933 |                 px((window_frame.origin.y + screen_frame.origin.y) as f32),
    |                     ^^^^^^^^^^^^^^^^^^^

warning: use of deprecated field `cocoa::foundation::NSPoint::y`: use the objc2-foundation crate instead
   --> src/window.rs:933:21
    |
933 |                 px((window_frame.origin.y + screen_frame.origin.y) as f32),
    |                     ^^^^^^^^^^^^^^^^^^^^^

warning: use of deprecated field `cocoa::foundation::NSRect::origin`: use the objc2-foundation crate instead
   --> src/window.rs:933:45
    |
933 |                 px((window_frame.origin.y + screen_frame.origin.y) as f32),
    |                                             ^^^^^^^^^^^^^^^^^^^

warning: use of deprecated field `cocoa::foundation::NSPoint::y`: use the objc2-foundation crate instead
   --> src/window.rs:933:45
    |
933 |                 px((window_frame.origin.y + screen_frame.origin.y) as f32),
    |                                             ^^^^^^^^^^^^^^^^^^^^^

warning: use of deprecated field `cocoa::foundation::NSRect::size`: use the objc2-foundation crate instead
   --> src/window.rs:936:20
    |
936 |                 px(window_frame.size.width as f32),
    |                    ^^^^^^^^^^^^^^^^^

warning: use of deprecated field `cocoa::foundation::NSSize::width`: use the objc2-foundation crate instead
   --> src/window.rs:936:20
    |
936 |                 px(window_frame.size.width as f32),
    |                    ^^^^^^^^^^^^^^^^^^^^^^^

warning: use of deprecated field `cocoa::foundation::NSRect::size`: use the objc2-foundation crate instead
   --> src/window.rs:937:20
    |
937 |                 px(window_frame.size.height as f32),
    |                    ^^^^^^^^^^^^^^^^^

warning: use of deprecated field `cocoa::foundation::NSSize::height`: use the objc2-foundation crate instead
   --> src/window.rs:937:20
    |
937 |                 px(window_frame.size.height as f32),
    |                    ^^^^^^^^^^^^^^^^^^^^^^^^

warning: use of deprecated field `cocoa::foundation::NSRect::size`: use the objc2-foundation crate instead
   --> src/window.rs:944:13
    |
944 |             unsafe { NSView::frame(self.native_window.contentView()) }.size;
    |             ^^^^^^^^^^^^^^^^^^^^^^^^^^^^^^^^^^^^^^^^^^^^^^^^^^^^^^^^^^^^^^^

warning: use of deprecated field `cocoa::foundation::NSSize::width`: use the objc2-foundation crate instead
   --> src/window.rs:943:22
    |
943 |         let NSSize { width, height, .. } =
    |                      ^^^^^

warning: use of deprecated field `cocoa::foundation::NSSize::height`: use the objc2-foundation crate instead
   --> src/window.rs:943:29
    |
943 |         let NSSize { width, height, .. } =
    |                             ^^^^^^

warning: use of deprecated associated function `cocoa::foundation::NSRect::new`: use the objc2-foundation crate instead
    --> src/window.rs:1080:43
     |
1080 |             let mut window_rect = NSRect::new(
     |                                           ^^^

warning: use of deprecated associated function `cocoa::foundation::NSPoint::new`: use the objc2-foundation crate instead
    --> src/window.rs:1081:26
     |
1081 |                 NSPoint::new(
     |                          ^^^

warning: use of deprecated field `cocoa::foundation::NSRect::origin`: use the objc2-foundation crate instead
    --> src/window.rs:1082:21
     |
1082 |                     screen_frame.origin.x + bounds.origin.x.as_f32() as f64,
     |                     ^^^^^^^^^^^^^^^^^^^

warning: use of deprecated field `cocoa::foundation::NSPoint::x`: use the objc2-foundation crate instead
    --> src/window.rs:1082:21
     |
1082 |                     screen_frame.origin.x + bounds.origin.x.as_f32() as f64,
     |                     ^^^^^^^^^^^^^^^^^^^^^

warning: use of deprecated field `cocoa::foundation::NSRect::origin`: use the objc2-foundation crate instead
    --> src/window.rs:1083:21
     |
1083 |                     screen_frame.origin.y
     |                     ^^^^^^^^^^^^^^^^^^^

warning: use of deprecated field `cocoa::foundation::NSPoint::y`: use the objc2-foundation crate instead
    --> src/window.rs:1083:21
     |
1083 |                     screen_frame.origin.y
     |                     ^^^^^^^^^^^^^^^^^^^^^

warning: use of deprecated associated function `cocoa::foundation::NSSize::new`: use the objc2-foundation crate instead
    --> src/window.rs:1086:25
     |
1086 |                 NSSize::new(
     |                         ^^^

warning: use of deprecated associated function `cocoa::foundation::NSRect::new`: use the objc2-foundation crate instead
    --> src/window.rs:1092:39
     |
1092 |                 window_rect = NSRect::new(
     |                                       ^^^

warning: use of deprecated associated function `cocoa::foundation::NSPoint::new`: use the objc2-foundation crate instead
    --> src/window.rs:1093:30
     |
1093 |                     NSPoint::new(frame.origin.x, frame.origin.y + frame.size.height),
     |                              ^^^

warning: use of deprecated associated function `cocoa::foundation::NSSize::new`: use the objc2-foundation crate instead
    --> src/window.rs:1094:29
     |
1094 |                     NSSize::new(frame.size.width, frame.size.height),
     |                             ^^^

warning: use of deprecated field `cocoa::foundation::NSSize::width`: use the objc2-foundation crate instead
    --> src/window.rs:1207:21
     |
1207 |                     width: window_min_size.width.to_f64(),
     |                     ^^^^^^^^^^^^^^^^^^^^^^^^^^^^^^^^^^^^^

warning: use of deprecated field `cocoa::foundation::NSSize::height`: use the objc2-foundation crate instead
    --> src/window.rs:1208:21
     |
1208 |                     height: window_min_size.height.to_f64(),
     |                     ^^^^^^^^^^^^^^^^^^^^^^^^^^^^^^^^^^^^^^^

warning: use of deprecated method `cocoa::foundation::NSAutoreleasePool::autorelease`: use the objc2-foundation crate instead
    --> src/window.rs:1231:50
     |
1231 |             content_view.addSubview_(native_view.autorelease());
     |                                                  ^^^^^^^^^^^

warning: use of deprecated method `cocoa::foundation::NSAutoreleasePool::drain`: use the objc2-foundation crate instead
    --> src/window.rs:1326:26
     |
1326 |                     pool.drain();
     |                          ^^^^^

warning: use of deprecated field `cocoa::foundation::NSRect::origin`: use the objc2-foundation crate instead
    --> src/window.rs:1350:60
     |
1350 |             NSWindow::setFrameTopLeftPoint_(native_window, window_rect.origin);
     |                                                            ^^^^^^^^^^^^^^^^^^

warning: use of deprecated method `cocoa::foundation::NSAutoreleasePool::drain`: use the objc2-foundation crate instead
    --> src/window.rs:1357:18
     |
1357 |             pool.drain();
     |                  ^^^^^

warning: use of deprecated method `cocoa::foundation::NSAutoreleasePool::autorelease`: use the objc2-foundation crate instead
    --> src/window.rs:1457:28
     |
1457 |                     window.autorelease();
     |                            ^^^^^^^^^^^

warning: use of deprecated field `cocoa::foundation::NSSize::width`: use the objc2-foundation crate instead
    --> src/window.rs:1505:25
     |
1505 |                         width: size.width.as_f32() as f64,
     |                         ^^^^^^^^^^^^^^^^^^^^^^^^^^^^^^^^^

warning: use of deprecated field `cocoa::foundation::NSSize::height`: use the objc2-foundation crate instead
    --> src/window.rs:1506:25
     |
1506 |                         height: size.height.as_f32() as f64,
     |                         ^^^^^^^^^^^^^^^^^^^^^^^^^^^^^^^^^^^

warning: use of deprecated method `cocoa::foundation::NSData::bytes`: use the objc2-foundation crate instead
    --> src/window.rs:1601:22
     |
1601 |                 data.bytes() as *const u8
     |                      ^^^^^

warning: use of deprecated method `cocoa::foundation::NSData::length`: use the objc2-foundation crate instead
    --> src/window.rs:1607:61
     |
1607 |                 Some(std::slice::from_raw_parts(bytes, data.length() as usize).to_vec())
     |                                                             ^^^^^^

warning: use of deprecated associated function `cocoa::foundation::NSOperatingSystemVersion::new`: use the objc2-foundation crate instead
    --> src/window.rs:1643:69
     |
1643 |             if !is_macos_version_at_least(NSOperatingSystemVersion::new(15, 0, 0)) {
     |                                                                     ^^^

warning: use of deprecated method `cocoa::foundation::NSAutoreleasePool::autorelease`: use the objc2-foundation crate instead
    --> src/window.rs:1967:52
     |
1967 |                 this.blurred_view = Some(blur_view.autorelease());
     |                                                    ^^^^^^^^^^^

warning: use of deprecated field `cocoa::foundation::NSPoint::x`: use the objc2-foundation crate instead
    --> src/window.rs:2337:30
     |
2337 |                 NSPoint::new(location.x - 16., location.y - 16.),
     |                              ^^^^^^^^^^

warning: use of deprecated field `cocoa::foundation::NSPoint::y`: use the objc2-foundation crate instead
    --> src/window.rs:2337:48
     |
2337 |                 NSPoint::new(location.x - 16., location.y - 16.),
     |                                                ^^^^^^^^^^

warning: use of deprecated associated function `cocoa::foundation::NSOperatingSystemVersion::new`: use the objc2-foundation crate instead
    --> src/window.rs:3108:49
     |
3108 |     let min_version = NSOperatingSystemVersion::new(15, 3, 0);
     |                                                 ^^^

warning: use of deprecated associated function `cocoa::foundation::NSOperatingSystemVersion::new`: use the objc2-foundation crate instead
    --> src/window.rs:3122:49
     |
3122 |     let min_version = NSOperatingSystemVersion::new(15, 3, 0);
     |                                                 ^^^

warning: use of deprecated method `cocoa::foundation::NSProcessInfo::isOperatingSystemAtLeastVersion`: use the objc2-foundation crate instead
    --> src/window.rs:3153:46
     |
3153 |     unsafe { NSProcessInfo::processInfo(nil).isOperatingSystemAtLeastVersion(version) }
     |                                              ^^^^^^^^^^^^^^^^^^^^^^^^^^^^^^^

warning: use of deprecated field `cocoa::foundation::NSRect::size`: use the objc2-foundation crate instead
    --> src/window.rs:3387:17
     |
3387 |         convert(old_frame.size)
     |                 ^^^^^^^^^^^^^^

warning: use of deprecated field `cocoa::foundation::NSSize::width`: use the objc2-foundation crate instead
    --> src/window.rs:3376:23
     |
3376 |             width: px(value.width as f32),
     |                       ^^^^^^^^^^^

warning: use of deprecated field `cocoa::foundation::NSSize::height`: use the objc2-foundation crate instead
    --> src/window.rs:3377:24
     |
3377 |             height: px(value.height as f32),
     |                        ^^^^^^^^^^^^

warning: use of deprecated associated function `cocoa::foundation::NSRect::new`: use the objc2-foundation crate instead
    --> src/window.rs:3478:17
     |
3478 |         NSRect::new(NSPoint::new(0., 0.), NSSize::new(0., 0.)),
     |                 ^^^

warning: use of deprecated associated function `cocoa::foundation::NSPoint::new`: use the objc2-foundation crate instead
    --> src/window.rs:3478:30
     |
3478 |         NSRect::new(NSPoint::new(0., 0.), NSSize::new(0., 0.)),
     |                              ^^^

warning: use of deprecated associated function `cocoa::foundation::NSSize::new`: use the objc2-foundation crate instead
    --> src/window.rs:3478:51
     |
3478 |         NSRect::new(NSPoint::new(0., 0.), NSSize::new(0., 0.)),
     |                                                   ^^^

warning: use of deprecated associated function `cocoa::foundation::NSRect::new`: use the objc2-foundation crate instead
    --> src/window.rs:3480:21
     |
3480 |             NSRect::new(
     |                     ^^^

warning: use of deprecated associated function `cocoa::foundation::NSPoint::new`: use the objc2-foundation crate instead
    --> src/window.rs:3481:26
     |
3481 |                 NSPoint::new(
     |                          ^^^

warning: use of deprecated field `cocoa::foundation::NSRect::origin`: use the objc2-foundation crate instead
    --> src/window.rs:3482:21
     |
3482 |                     frame.origin.x + bounds.origin.x.as_f32() as f64,
     |                     ^^^^^^^^^^^^

warning: use of deprecated field `cocoa::foundation::NSPoint::x`: use the objc2-foundation crate instead
    --> src/window.rs:3482:21
     |
3482 |                     frame.origin.x + bounds.origin.x.as_f32() as f64,
     |                     ^^^^^^^^^^^^^^

warning: use of deprecated field `cocoa::foundation::NSRect::origin`: use the objc2-foundation crate instead
    --> src/window.rs:3483:21
     |
3483 |                     frame.origin.y + frame.size.height
     |                     ^^^^^^^^^^^^

warning: use of deprecated field `cocoa::foundation::NSPoint::y`: use the objc2-foundation crate instead
    --> src/window.rs:3483:21
     |
3483 |                     frame.origin.y + frame.size.height
     |                     ^^^^^^^^^^^^^^

warning: use of deprecated field `cocoa::foundation::NSRect::size`: use the objc2-foundation crate instead
    --> src/window.rs:3483:38
     |
3483 |                     frame.origin.y + frame.size.height
     |                                      ^^^^^^^^^^

warning: use of deprecated field `cocoa::foundation::NSSize::height`: use the objc2-foundation crate instead
    --> src/window.rs:3483:38
     |
3483 |                     frame.origin.y + frame.size.height
     |                                      ^^^^^^^^^^^^^^^^^

warning: use of deprecated associated function `cocoa::foundation::NSSize::new`: use the objc2-foundation crate instead
    --> src/window.rs:3487:25
     |
3487 |                 NSSize::new(
     |                         ^^^

warning: use of deprecated field `cocoa::foundation::NSRect::origin`: use the objc2-foundation crate instead
    --> src/window.rs:3504:13
     |
3504 |             frame.origin.y -= frame.size.height - content_layout_rect.size.height;
     |             ^^^^^^^^^^^^

warning: use of deprecated field `cocoa::foundation::NSPoint::y`: use the objc2-foundation crate instead
    --> src/window.rs:3504:13
     |
3504 |             frame.origin.y -= frame.size.height - content_layout_rect.size.height;
     |             ^^^^^^^^^^^^^^

warning: use of deprecated field `cocoa::foundation::NSRect::size`: use the objc2-foundation crate instead
    --> src/window.rs:3504:31
     |
3504 |             frame.origin.y -= frame.size.height - content_layout_rect.size.height;
     |                               ^^^^^^^^^^

warning: use of deprecated field `cocoa::foundation::NSSize::height`: use the objc2-foundation crate instead
    --> src/window.rs:3504:31
     |
3504 |             frame.origin.y -= frame.size.height - content_layout_rect.size.height;
     |                               ^^^^^^^^^^^^^^^^^

warning: use of deprecated associated function `cocoa::foundation::NSRect::new`: use the objc2-foundation crate instead
    --> src/window.rs:3645:29
     |
3645 |     let zero_rect = NSRect::new(NSPoint::new(0., 0.), NSSize::new(0., 0.));
     |                             ^^^

warning: use of deprecated associated function `cocoa::foundation::NSPoint::new`: use the objc2-foundation crate instead
    --> src/window.rs:3645:42
     |
3645 |     let zero_rect = NSRect::new(NSPoint::new(0., 0.), NSSize::new(0., 0.));
     |                                          ^^^

warning: use of deprecated associated function `cocoa::foundation::NSSize::new`: use the objc2-foundation crate instead
    --> src/window.rs:3645:63
     |
3645 |     let zero_rect = NSRect::new(NSPoint::new(0., 0.), NSSize::new(0., 0.));
     |                                                               ^^^

warning: use of deprecated field `cocoa::foundation::NSPoint::x`: use the objc2-foundation crate instead
    --> src/window.rs:3667:20
     |
3667 |     let window_x = position.x - frame.origin.x;
     |                    ^^^^^^^^^^

warning: use of deprecated field `cocoa::foundation::NSRect::origin`: use the objc2-foundation crate instead
    --> src/window.rs:3667:33
     |
3667 |     let window_x = position.x - frame.origin.x;
     |                                 ^^^^^^^^^^^^

warning: use of deprecated field `cocoa::foundation::NSPoint::x`: use the objc2-foundation crate instead
    --> src/window.rs:3667:33
     |
3667 |     let window_x = position.x - frame.origin.x;
     |                                 ^^^^^^^^^^^^^^

warning: use of deprecated field `cocoa::foundation::NSRect::size`: use the objc2-foundation crate instead
    --> src/window.rs:3668:20
     |
3668 |     let window_y = frame.size.height - (position.y - frame.origin.y);
     |                    ^^^^^^^^^^

warning: use of deprecated field `cocoa::foundation::NSSize::height`: use the objc2-foundation crate instead
    --> src/window.rs:3668:20
     |
3668 |     let window_y = frame.size.height - (position.y - frame.origin.y);
     |                    ^^^^^^^^^^^^^^^^^

warning: use of deprecated field `cocoa::foundation::NSPoint::y`: use the objc2-foundation crate instead
    --> src/window.rs:3668:41
     |
3668 |     let window_y = frame.size.height - (position.y - frame.origin.y);
     |                                         ^^^^^^^^^^

warning: use of deprecated field `cocoa::foundation::NSRect::origin`: use the objc2-foundation crate instead
    --> src/window.rs:3668:54
     |
3668 |     let window_y = frame.size.height - (position.y - frame.origin.y);
     |                                                      ^^^^^^^^^^^^

warning: use of deprecated field `cocoa::foundation::NSPoint::y`: use the objc2-foundation crate instead
    --> src/window.rs:3668:54
     |
3668 |     let window_y = frame.size.height - (position.y - frame.origin.y);
     |                                                      ^^^^^^^^^^^^^^

warning: use of deprecated method `cocoa::foundation::NSFastEnumeration::iter`: use the objc2-foundation crate instead
    --> src/window.rs:3727:36
     |
3727 |     for file in unsafe { filenames.iter() } {
     |                                    ^^^^

warning: use of deprecated method `cocoa::foundation::NSDictionary::objectForKey_`: use the objc2-foundation crate instead
    --> src/window.rs:3878:48
     |
3878 |         let screen_number = device_description.objectForKey_(screen_number_key);
     |                                                ^^^^^^^^^^^^^

warning: use of deprecated method `cocoa::foundation::NSString::isEqualToString`: use the objc2-foundation crate instead
    --> src/window.rs:3910:23
     |
3910 |         if class_name.isEqualToString("CAChameleonLayer") {
     |                       ^^^^^^^^^^^^^^^

warning: use of deprecated method `cocoa::foundation::NSArray::objectAtIndex`: use the objc2-foundation crate instead
    --> src/window.rs:3926:57
     |
3926 |                 let description: id = msg_send![filters.objectAtIndex(i), description];
     |                                                         ^^^^^^^^^^^^^

warning: use of deprecated method `cocoa::foundation::NSArray::objectAtIndex`: use the objc2-foundation crate instead
    --> src/window.rs:3949:42
     |
3949 |                 let sublayer = sublayers.objectAtIndex(i);
     |                                          ^^^^^^^^^^^^^

warning: use of deprecated field `cocoa::foundation::NSRect::size`: use the objc2-foundation crate instead
    --> src/window.rs:3964:9
     |
3964 |         frame.size.height = 0.0;
     |         ^^^^^^^^^^

warning: use of deprecated field `cocoa::foundation::NSSize::height`: use the objc2-foundation crate instead
    --> src/window.rs:3964:9
     |
3964 |         frame.size.height = 0.0;
     |         ^^^^^^^^^^^^^^^^^

warning: use of deprecated method `cocoa::foundation::NSString::UTF8String`: use the objc2-foundation crate instead
  --> src/window_appearance.rs:24:37
   |
24 |                 CStr::from_ptr(name.UTF8String())
   |                                     ^^^^^^^^^^

warning: use of deprecated method `cocoa::foundation::NSString::UTF8String`: use the objc2-foundation crate instead
  --> src/gpui_macos.rs:77:29
   |
77 |             let cstr = self.UTF8String();
   |                             ^^^^^^^^^^

warning: use of deprecated method `cocoa::foundation::NSString::init_str`: use the objc2-foundation crate instead
   --> src/gpui_macos.rs:140:35
    |
140 |     unsafe { NSString::alloc(nil).init_str(string).autorelease() }
    |                                   ^^^^^^^^

warning: use of deprecated method `cocoa::foundation::NSAutoreleasePool::autorelease`: use the objc2-foundation crate instead
   --> src/gpui_macos.rs:140:52
    |
140 |     unsafe { NSString::alloc(nil).init_str(string).autorelease() }
    |                                                    ^^^^^^^^^^^

warning: `gpui-alloy-macos` (lib) generated 703 warnings (1 duplicate)
    Finished `dev` profile [unoptimized + debuginfo] target(s) in 23.73s
warning: the following packages contain code that will be rejected by a future version of Rust: block v0.1.6
note: to see what the problems were, use the option `--future-incompat-report`, or run `cargo report future-incompatibilities --id 1`
    Updating crates.io index
   Packaging gpui-alloy-macos v0.1.0 (/private/tmp/alloy-registry-packager/staging-process-31/crates/gpui_macos)
    Updating crates.io index
    Packaged 22 files, 594.9KiB (135.6KiB compressed)
   Verifying gpui-alloy-macos v0.1.0 (/private/tmp/alloy-registry-packager/staging-process-31/crates/gpui_macos)
   Compiling gpui-alloy-macos v0.1.0 (/private/tmp/gpui-alloy-registry-target/package/gpui-alloy-macos-0.1.0)
warning: use of deprecated type alias `cocoa::base::id`: use the objc2 crate instead
  --> src/gpui_macos.rs:38:12
   |
38 |     base::{id, nil},
   |            ^^
   |
   = note: `#[warn(deprecated)]` on by default

warning: use of deprecated constant `cocoa::base::nil`: use the objc2 crate instead
  --> src/gpui_macos.rs:38:16
   |
38 |     base::{id, nil},
   |                ^^^

warning: use of deprecated trait `cocoa::foundation::NSAutoreleasePool`: use the objc2-foundation crate instead
  --> src/gpui_macos.rs:39:18
   |
39 |     foundation::{NSAutoreleasePool, NSNotFound, NSString, NSUInteger},
   |                  ^^^^^^^^^^^^^^^^^

warning: use of deprecated constant `cocoa::foundation::NSNotFound`: use the objc2-foundation crate instead
  --> src/gpui_macos.rs:39:37
   |
39 |     foundation::{NSAutoreleasePool, NSNotFound, NSString, NSUInteger},
   |                                     ^^^^^^^^^^

warning: use of deprecated trait `cocoa::foundation::NSString`: use the objc2-foundation crate instead
  --> src/gpui_macos.rs:39:49
   |
39 |     foundation::{NSAutoreleasePool, NSNotFound, NSString, NSUInteger},
   |                                                 ^^^^^^^^

warning: use of deprecated type alias `cocoa::foundation::NSUInteger`: use the objc2-foundation crate instead
  --> src/gpui_macos.rs:39:59
   |
39 |     foundation::{NSAutoreleasePool, NSNotFound, NSString, NSUInteger},
   |                                                           ^^^^^^^^^^

warning: use of deprecated type alias `cocoa::base::id`: use the objc2 crate instead
  --> src/gpui_macos.rs:74:22
   |
74 | impl NSStringExt for id {
   |                      ^^

warning: use of deprecated type alias `cocoa::foundation::NSUInteger`: use the objc2-foundation crate instead
  --> src/gpui_macos.rs:90:19
   |
90 |     pub location: NSUInteger,
   |                   ^^^^^^^^^^

warning: use of deprecated type alias `cocoa::foundation::NSUInteger`: use the objc2-foundation crate instead
  --> src/gpui_macos.rs:91:17
   |
91 |     pub length: NSUInteger,
   |                 ^^^^^^^^^^

warning: use of deprecated type alias `cocoa::base::id`: use the objc2 crate instead
   --> src/gpui_macos.rs:139:38
    |
139 | unsafe fn ns_string(string: &str) -> id {
    |                                      ^^

warning: use of deprecated associated function `cocoa::foundation::NSString::alloc`: use the objc2-foundation crate instead
   --> src/gpui_macos.rs:140:24
    |
140 |     unsafe { NSString::alloc(nil).init_str(string).autorelease() }
    |                        ^^^^^

warning: use of deprecated constant `cocoa::base::nil`: use the objc2 crate instead
   --> src/gpui_macos.rs:140:30
    |
140 |     unsafe { NSString::alloc(nil).init_str(string).autorelease() }
    |                              ^^^

warning: use of deprecated constant `cocoa::foundation::NSNotFound`: use the objc2-foundation crate instead
  --> src/gpui_macos.rs:97:23
   |
97 |             location: NSNotFound as NSUInteger,
   |                       ^^^^^^^^^^

warning: use of deprecated type alias `cocoa::foundation::NSUInteger`: use the objc2-foundation crate instead
  --> src/gpui_macos.rs:97:37
   |
97 |             location: NSNotFound as NSUInteger,
   |                                     ^^^^^^^^^^

warning: use of deprecated constant `cocoa::foundation::NSNotFound`: use the objc2-foundation crate instead
   --> src/gpui_macos.rs:103:26
    |
103 |         self.location != NSNotFound as NSUInteger
    |                          ^^^^^^^^^^

warning: use of deprecated type alias `cocoa::foundation::NSUInteger`: use the objc2-foundation crate instead
   --> src/gpui_macos.rs:103:40
    |
103 |         self.location != NSNotFound as NSUInteger
    |                                        ^^^^^^^^^^

warning: use of deprecated type alias `cocoa::foundation::NSUInteger`: use the objc2-foundation crate instead
   --> src/gpui_macos.rs:120:38
    |
120 |             location: range.start as NSUInteger,
    |                                      ^^^^^^^^^^

warning: use of deprecated type alias `cocoa::foundation::NSUInteger`: use the objc2-foundation crate instead
   --> src/gpui_macos.rs:121:36
    |
121 |             length: range.len() as NSUInteger,
    |                                    ^^^^^^^^^^

warning: use of deprecated type alias `cocoa::foundation::NSUInteger`: use the objc2-foundation crate instead
   --> src/gpui_macos.rs:130:13
    |
130 |             NSUInteger::encode().as_str(),
    |             ^^^^^^^^^^

warning: use of deprecated type alias `cocoa::foundation::NSUInteger`: use the objc2-foundation crate instead
   --> src/gpui_macos.rs:131:13
    |
131 |             NSUInteger::encode().as_str()
    |             ^^^^^^^^^^

warning: use of deprecated type alias `cocoa::base::id`: use the objc2 crate instead
 --> src/display.rs:5:12
  |
5 |     base::{id, nil},
  |            ^^

warning: use of deprecated constant `cocoa::base::nil`: use the objc2 crate instead
 --> src/display.rs:5:16
  |
5 |     base::{id, nil},
  |                ^^^

warning: use of deprecated trait `cocoa::foundation::NSArray`: use the objc2-foundation crate instead
 --> src/display.rs:6:18
  |
6 |     foundation::{NSArray, NSDictionary},
  |                  ^^^^^^^

warning: use of deprecated trait `cocoa::foundation::NSDictionary`: use the objc2-foundation crate instead
 --> src/display.rs:6:27
  |
6 |     foundation::{NSArray, NSDictionary},
  |                           ^^^^^^^^^^^^

warning: use of deprecated constant `cocoa::base::nil`: use the objc2 crate instead
  --> src/display.rs:37:45
   |
37 |             let screens = NSScreen::screens(nil);
   |                                             ^^^

warning: use of deprecated method `cocoa::foundation::NSArray::objectAtIndex`: use the objc2-foundation crate instead
  --> src/display.rs:38:54
   |
38 |             let screen = cocoa::foundation::NSArray::objectAtIndex(screens, 0);
   |                                                      ^^^^^^^^^^^^^

warning: use of deprecated type alias `cocoa::base::id`: use the objc2 crate instead
  --> src/display.rs:40:36
   |
40 |             let screen_number_key: id = ns_string("NSScreenNumber");
   |                                    ^^

warning: use of deprecated constant `cocoa::base::nil`: use the objc2 crate instead
   --> src/display.rs:125:36
    |
125 |             if dominated_screen == nil {
    |                                    ^^^

warning: use of deprecated type alias `cocoa::base::id`: use the objc2 crate instead
   --> src/display.rs:153:38
    |
153 |     unsafe fn get_nsscreen(&self) -> id {
    |                                      ^^

warning: use of deprecated constant `cocoa::base::nil`: use the objc2 crate instead
   --> src/display.rs:154:50
    |
154 |         let screens = unsafe { NSScreen::screens(nil) };
    |                                                  ^^^

warning: use of deprecated method `cocoa::foundation::NSArray::count`: use the objc2-foundation crate instead
   --> src/display.rs:155:39
    |
155 |         let count = unsafe { NSArray::count(screens) };
    |                                       ^^^^^

warning: use of deprecated type alias `cocoa::base::id`: use the objc2 crate instead
   --> src/display.rs:156:32
    |
156 |         let screen_number_key: id = unsafe { ns_string("NSScreenNumber") };
    |                                ^^

warning: use of deprecated method `cocoa::foundation::NSArray::objectAtIndex`: use the objc2-foundation crate instead
   --> src/display.rs:159:44
    |
159 |             let screen = unsafe { NSArray::objectAtIndex(screens, i) };
    |                                            ^^^^^^^^^^^^^

warning: use of deprecated constant `cocoa::base::nil`: use the objc2 crate instead
   --> src/display.rs:167:9
    |
167 |         nil
    |         ^^^

warning: use of deprecated type alias `cocoa::base::id`: use the objc2 crate instead
  --> src/events.rs:14:17
   |
14 |     base::{YES, id},
   |                 ^^

warning: use of deprecated type alias `cocoa::base::id`: use the objc2 crate instead
  --> src/events.rs:85:40
   |
85 | unsafe fn read_modifiers(native_event: id) -> Modifiers {
   |                                        ^^

warning: use of deprecated type alias `cocoa::base::id`: use the objc2 crate instead
   --> src/events.rs:105:19
    |
105 |     native_event: id,
    |                   ^^

warning: use of deprecated type alias `cocoa::base::id`: use the objc2 crate instead
   --> src/events.rs:338:41
    |
338 | unsafe fn parse_keystroke(native_event: id) -> Keystroke {
    |                                         ^^

warning: use of deprecated type alias `cocoa::base::id`: use the objc2 crate instead
  --> src/pasteboard.rs:10:12
   |
10 |     base::{id, nil},
   |            ^^

warning: use of deprecated constant `cocoa::base::nil`: use the objc2 crate instead
  --> src/pasteboard.rs:10:16
   |
10 |     base::{id, nil},
   |                ^^^

warning: use of deprecated trait `cocoa::foundation::NSArray`: use the objc2-foundation crate instead
  --> src/pasteboard.rs:11:18
   |
11 |     foundation::{NSArray, NSData, NSFastEnumeration, NSString},
   |                  ^^^^^^^

warning: use of deprecated trait `cocoa::foundation::NSData`: use the objc2-foundation crate instead
  --> src/pasteboard.rs:11:27
   |
11 |     foundation::{NSArray, NSData, NSFastEnumeration, NSString},
   |                           ^^^^^^

warning: use of deprecated trait `cocoa::foundation::NSFastEnumeration`: use the objc2-foundation crate instead
  --> src/pasteboard.rs:11:35
   |
11 |     foundation::{NSArray, NSData, NSFastEnumeration, NSString},
   |                                   ^^^^^^^^^^^^^^^^^

warning: use of deprecated trait `cocoa::foundation::NSString`: use the objc2-foundation crate instead
  --> src/pasteboard.rs:11:54
   |
11 |     foundation::{NSArray, NSData, NSFastEnumeration, NSString},
   |                                                      ^^^^^^^^

warning: use of deprecated type alias `cocoa::base::id`: use the objc2 crate instead
   --> src/pasteboard.rs:275:19
    |
275 | pub struct UTType(id);
    |                   ^^

warning: use of deprecated constant `cocoa::base::nil`: use the objc2 crate instead
  --> src/pasteboard.rs:30:60
   |
30 |         unsafe { Self::new(NSPasteboard::generalPasteboard(nil)) }
   |                                                            ^^^

warning: use of deprecated constant `cocoa::base::nil`: use the objc2 crate instead
  --> src/pasteboard.rs:34:61
   |
34 |         unsafe { Self::new(NSPasteboard::pasteboardWithName(nil, NSPasteboardNameFind)) }
   |                                                             ^^^

warning: use of deprecated type alias `cocoa::base::id`: use the objc2 crate instead
  --> src/pasteboard.rs:42:26
   |
42 |     unsafe fn new(inner: id) -> Self {
   |                          ^^

warning: use of deprecated constant `cocoa::base::nil`: use the objc2 crate instead
  --> src/pasteboard.rs:56:29
   |
56 |             if filenames != nil && NSArray::count(filenames) > 0 {
   |                             ^^^

warning: use of deprecated method `cocoa::foundation::NSArray::count`: use the objc2-foundation crate instead
  --> src/pasteboard.rs:56:45
   |
56 |             if filenames != nil && NSArray::count(filenames) > 0 {
   |                                             ^^^^^

warning: use of deprecated method `cocoa::foundation::NSString::UTF8String`: use the objc2-foundation crate instead
  --> src/pasteboard.rs:59:39
   |
59 |                     let f = NSString::UTF8String(file);
   |                                       ^^^^^^^^^^

warning: use of deprecated type alias `cocoa::base::id`: use the objc2 crate instead
  --> src/pasteboard.rs:98:24
   |
98 |             let types: id = self.inner.types();
   |                        ^^

warning: use of deprecated type alias `cocoa::base::id`: use the objc2 crate instead
   --> src/pasteboard.rs:116:35
    |
116 |             let pasteboard_types: id = self.inner.types();
    |                                   ^^

warning: use of deprecated type alias `cocoa::base::id`: use the objc2 crate instead
   --> src/pasteboard.rs:117:30
    |
117 |             let string_type: id = ns_string("public.utf8-plain-text");
    |                              ^^

warning: use of deprecated type alias `cocoa::base::id`: use the objc2 crate instead
   --> src/pasteboard.rs:144:42
    |
144 |     unsafe fn data_for_type(&self, kind: id) -> Option<Vec<u8>> {
    |                                          ^^

warning: use of deprecated constant `cocoa::base::nil`: use the objc2 crate instead
   --> src/pasteboard.rs:147:24
    |
147 |             if data == nil {
    |                        ^^^

warning: use of deprecated associated function `cocoa::foundation::NSData::dataWithBytes_length_`: use the objc2-foundation crate instead
   --> src/pasteboard.rs:208:38
    |
208 |             let text_bytes = NSData::dataWithBytes_length_(
    |                                      ^^^^^^^^^^^^^^^^^^^^^

warning: use of deprecated constant `cocoa::base::nil`: use the objc2 crate instead
   --> src/pasteboard.rs:209:17
    |
209 |                 nil,
    |                 ^^^

warning: use of deprecated associated function `cocoa::foundation::NSData::dataWithBytes_length_`: use the objc2-foundation crate instead
   --> src/pasteboard.rs:218:42
    |
218 |                 let hash_bytes = NSData::dataWithBytes_length_(
    |                                          ^^^^^^^^^^^^^^^^^^^^^

warning: use of deprecated constant `cocoa::base::nil`: use the objc2 crate instead
   --> src/pasteboard.rs:219:21
    |
219 |                     nil,
    |                     ^^^

warning: use of deprecated associated function `cocoa::foundation::NSData::dataWithBytes_length_`: use the objc2-foundation crate instead
   --> src/pasteboard.rs:225:46
    |
225 |                 let metadata_bytes = NSData::dataWithBytes_length_(
    |                                              ^^^^^^^^^^^^^^^^^^^^^

warning: use of deprecated constant `cocoa::base::nil`: use the objc2 crate instead
   --> src/pasteboard.rs:226:21
    |
226 |                     nil,
    |                     ^^^

warning: use of deprecated associated function `cocoa::foundation::NSData::dataWithBytes_length_`: use the objc2-foundation crate instead
   --> src/pasteboard.rs:240:33
    |
240 |             let bytes = NSData::dataWithBytes_length_(
    |                                 ^^^^^^^^^^^^^^^^^^^^^

warning: use of deprecated constant `cocoa::base::nil`: use the objc2 crate instead
   --> src/pasteboard.rs:241:17
    |
241 |                 nil,
    |                 ^^^

warning: use of deprecated type alias `cocoa::base::id`: use the objc2 crate instead
   --> src/pasteboard.rs:255:38
    |
255 |     pub static NSPasteboardNameFind: id;
    |                                      ^^

warning: use of deprecated type alias `cocoa::base::id`: use the objc2 crate instead
  --> src/platform.rs:17:27
   |
17 |     base::{BOOL, NO, YES, id, nil, selector},
   |                           ^^

warning: use of deprecated constant `cocoa::base::nil`: use the objc2 crate instead
  --> src/platform.rs:17:31
   |
17 |     base::{BOOL, NO, YES, id, nil, selector},
   |                               ^^^

warning: use of deprecated function `cocoa::base::selector`: use the objc2 crate instead
  --> src/platform.rs:17:36
   |
17 |     base::{BOOL, NO, YES, id, nil, selector},
   |                                    ^^^^^^^^

warning: use of deprecated trait `cocoa::foundation::NSArray`: use the objc2-foundation crate instead
  --> src/platform.rs:19:9
   |
19 |         NSArray, NSAutoreleasePool, NSBundle, NSInteger, NSProcessInfo, NSString, NSUInteger, NSURL,
   |         ^^^^^^^

warning: use of deprecated trait `cocoa::foundation::NSAutoreleasePool`: use the objc2-foundation crate instead
  --> src/platform.rs:19:18
   |
19 |         NSArray, NSAutoreleasePool, NSBundle, NSInteger, NSProcessInfo, NSString, NSUInteger, NSURL,
   |                  ^^^^^^^^^^^^^^^^^

warning: use of deprecated trait `cocoa::foundation::NSBundle`: use the objc2-foundation crate instead
  --> src/platform.rs:19:37
   |
19 |         NSArray, NSAutoreleasePool, NSBundle, NSInteger, NSProcessInfo, NSString, NSUInteger, NSURL,
   |                                     ^^^^^^^^

warning: use of deprecated type alias `cocoa::foundation::NSInteger`: use the objc2-foundation crate instead
  --> src/platform.rs:19:47
   |
19 |         NSArray, NSAutoreleasePool, NSBundle, NSInteger, NSProcessInfo, NSString, NSUInteger, NSURL,
   |                                               ^^^^^^^^^

warning: use of deprecated trait `cocoa::foundation::NSProcessInfo`: use the objc2-foundation crate instead
  --> src/platform.rs:19:58
   |
19 |         NSArray, NSAutoreleasePool, NSBundle, NSInteger, NSProcessInfo, NSString, NSUInteger, NSURL,
   |                                                          ^^^^^^^^^^^^^

warning: use of deprecated trait `cocoa::foundation::NSString`: use the objc2-foundation crate instead
  --> src/platform.rs:19:73
   |
19 |         NSArray, NSAutoreleasePool, NSBundle, NSInteger, NSProcessInfo, NSString, NSUInteger, NSURL,
   |                                                                         ^^^^^^^^

warning: use of deprecated type alias `cocoa::foundation::NSUInteger`: use the objc2-foundation crate instead
  --> src/platform.rs:19:83
   |
19 |         NSArray, NSAutoreleasePool, NSBundle, NSInteger, NSProcessInfo, NSString, NSUInteger, NSURL,
   |                                                                                   ^^^^^^^^^^

warning: use of deprecated trait `cocoa::foundation::NSURL`: use the objc2-foundation crate instead
  --> src/platform.rs:19:95
   |
19 |         NSArray, NSAutoreleasePool, NSBundle, NSInteger, NSProcessInfo, NSString, NSUInteger, NSURL,
   |                                                                                               ^^^^^

warning: use of deprecated type alias `cocoa::foundation::NSUInteger`: use the objc2-foundation crate instead
  --> src/platform.rs:72:29
   |
72 | const NSUTF8StringEncoding: NSUInteger = 4;
   |                             ^^^^^^^^^^

warning: use of deprecated type alias `cocoa::base::id`: use the objc2 crate instead
  --> src/platform.rs:93:74
   |
93 |                 will_finish_launching as extern "C" fn(&mut Object, Sel, id),
   |                                                                          ^^

warning: use of deprecated type alias `cocoa::base::id`: use the objc2 crate instead
  --> src/platform.rs:97:73
   |
97 |                 did_finish_launching as extern "C" fn(&mut Object, Sel, id),
   |                                                                         ^^

warning: use of deprecated type alias `cocoa::base::id`: use the objc2 crate instead
   --> src/platform.rs:101:73
    |
101 |                 should_handle_reopen as extern "C" fn(&mut Object, Sel, id, bool),
    |                                                                         ^^

warning: use of deprecated type alias `cocoa::base::id`: use the objc2 crate instead
   --> src/platform.rs:105:67
    |
105 |                 will_terminate as extern "C" fn(&mut Object, Sel, id),
    |                                                                   ^^

warning: use of deprecated type alias `cocoa::base::id`: use the objc2 crate instead
   --> src/platform.rs:109:69
    |
109 |                 handle_menu_item as extern "C" fn(&mut Object, Sel, id),
    |                                                                     ^^

warning: use of deprecated type alias `cocoa::base::id`: use the objc2 crate instead
   --> src/platform.rs:114:69
    |
114 |                 handle_menu_item as extern "C" fn(&mut Object, Sel, id),
    |                                                                     ^^

warning: use of deprecated type alias `cocoa::base::id`: use the objc2 crate instead
   --> src/platform.rs:118:69
    |
118 |                 handle_menu_item as extern "C" fn(&mut Object, Sel, id),
    |                                                                     ^^

warning: use of deprecated type alias `cocoa::base::id`: use the objc2 crate instead
   --> src/platform.rs:122:69
    |
122 |                 handle_menu_item as extern "C" fn(&mut Object, Sel, id),
    |                                                                     ^^

warning: use of deprecated type alias `cocoa::base::id`: use the objc2 crate instead
   --> src/platform.rs:126:69
    |
126 |                 handle_menu_item as extern "C" fn(&mut Object, Sel, id),
    |                                                                     ^^

warning: use of deprecated type alias `cocoa::base::id`: use the objc2 crate instead
   --> src/platform.rs:130:69
    |
130 |                 handle_menu_item as extern "C" fn(&mut Object, Sel, id),
    |                                                                     ^^

warning: use of deprecated type alias `cocoa::base::id`: use the objc2 crate instead
   --> src/platform.rs:134:69
    |
134 |                 handle_menu_item as extern "C" fn(&mut Object, Sel, id),
    |                                                                     ^^

warning: use of deprecated type alias `cocoa::base::id`: use the objc2 crate instead
   --> src/platform.rs:138:71
    |
138 |                 validate_menu_item as extern "C" fn(&mut Object, Sel, id) -> bool,
    |                                                                       ^^

warning: use of deprecated type alias `cocoa::base::id`: use the objc2 crate instead
   --> src/platform.rs:142:67
    |
142 |                 menu_will_open as extern "C" fn(&mut Object, Sel, id),
    |                                                                   ^^

warning: use of deprecated type alias `cocoa::base::id`: use the objc2 crate instead
   --> src/platform.rs:146:69
    |
146 |                 handle_dock_menu as extern "C" fn(&mut Object, Sel, id) -> id,
    |                                                                     ^^

warning: use of deprecated type alias `cocoa::base::id`: use the objc2 crate instead
   --> src/platform.rs:146:76
    |
146 |                 handle_dock_menu as extern "C" fn(&mut Object, Sel, id) -> id,
    |                                                                            ^^

warning: use of deprecated type alias `cocoa::base::id`: use the objc2 crate instead
   --> src/platform.rs:150:62
    |
150 |                 open_urls as extern "C" fn(&mut Object, Sel, id, id),
    |                                                              ^^

warning: use of deprecated type alias `cocoa::base::id`: use the objc2 crate instead
   --> src/platform.rs:150:66
    |
150 |                 open_urls as extern "C" fn(&mut Object, Sel, id, id),
    |                                                                  ^^

warning: use of deprecated type alias `cocoa::base::id`: use the objc2 crate instead
   --> src/platform.rs:155:78
    |
155 |                 on_keyboard_layout_change as extern "C" fn(&mut Object, Sel, id),
    |                                                                              ^^

warning: use of deprecated type alias `cocoa::base::id`: use the objc2 crate instead
   --> src/platform.rs:160:76
    |
160 |                 on_thermal_state_change as extern "C" fn(&mut Object, Sel, id),
    |                                                                            ^^

warning: use of deprecated type alias `cocoa::base::id`: use the objc2 crate instead
   --> src/platform.rs:165:68
    |
165 |                 on_system_sleep as extern "C" fn(&mut Object, Sel, id),
    |                                                                    ^^

warning: use of deprecated type alias `cocoa::base::id`: use the objc2 crate instead
   --> src/platform.rs:170:67
    |
170 |                 on_system_wake as extern "C" fn(&mut Object, Sel, id),
    |                                                                   ^^

warning: use of deprecated type alias `cocoa::base::id`: use the objc2 crate instead
   --> src/platform.rs:201:23
    |
201 |     dock_menu: Option<id>,
    |                       ^^

warning: use of deprecated constant `cocoa::base::nil`: use the objc2 crate instead
   --> src/platform.rs:572:60
    |
572 |                 let app = NSApplication::sharedApplication(nil);
    |                                                            ^^^

warning: use of deprecated constant `cocoa::base::nil`: use the objc2 crate instead
   --> src/platform.rs:573:55
    |
573 |                 let _: () = msg_send![app, terminate: nil];
    |                                                       ^^^

warning: use of deprecated type alias `cocoa::foundation::NSInteger`: use the objc2-foundation crate instead
    --> src/platform.rs:1146:39
     |
1146 |         const NSScrollerStyleOverlay: NSInteger = 1;
     |                                       ^^^^^^^^^

warning: use of deprecated type alias `cocoa::base::id`: use the objc2 crate instead
    --> src/platform.rs:1280:32
     |
1280 | unsafe fn path_from_objc(path: id) -> PathBuf {
     |                                ^^

warning: use of deprecated type alias `cocoa::base::id`: use the objc2 crate instead
    --> src/platform.rs:1295:68
     |
1295 | extern "C" fn will_finish_launching(_this: &mut Object, _: Sel, _: id) {
     |                                                                    ^^

warning: use of deprecated type alias `cocoa::base::id`: use the objc2 crate instead
    --> src/platform.rs:1297:28
     |
1297 |         let user_defaults: id = msg_send![class!(NSUserDefaults), standardUserDefaults];
     |                            ^^

warning: use of deprecated type alias `cocoa::base::id`: use the objc2 crate instead
    --> src/platform.rs:1304:29
     |
1304 |         let existing_value: id = msg_send![user_defaults, objectForKey: name];
     |                             ^^

warning: use of deprecated constant `cocoa::base::nil`: use the objc2 crate instead
    --> src/platform.rs:1305:30
     |
1305 |         if existing_value == nil {
     |                              ^^^

warning: use of deprecated type alias `cocoa::base::id`: use the objc2 crate instead
    --> src/platform.rs:1306:30
     |
1306 |             let false_value: id = msg_send![class!(NSNumber), numberWithBool:false];
     |                              ^^

warning: use of deprecated type alias `cocoa::base::id`: use the objc2 crate instead
    --> src/platform.rs:1312:66
     |
1312 | extern "C" fn did_finish_launching(this: &mut Object, _: Sel, _: id) {
     |                                                                  ^^

warning: use of deprecated type alias `cocoa::base::id`: use the objc2 crate instead
    --> src/platform.rs:1314:18
     |
1314 |         let app: id = msg_send![APP_CLASS, sharedApplication];
     |                  ^^

warning: use of deprecated type alias `cocoa::base::id`: use the objc2 crate instead
    --> src/platform.rs:1320:73
     |
1320 |         let _: () = msg_send![notification_center, addObserver: this as id
     |                                                                         ^^

warning: use of deprecated constant `cocoa::base::nil`: use the objc2 crate instead
    --> src/platform.rs:1323:21
     |
1323 |             object: nil
     |                     ^^^

warning: use of deprecated type alias `cocoa::base::id`: use the objc2 crate instead
    --> src/platform.rs:1327:27
     |
1327 |         let process_info: id = msg_send![class!(NSProcessInfo), processInfo];
     |                           ^^

warning: use of deprecated type alias `cocoa::base::id`: use the objc2 crate instead
    --> src/platform.rs:1328:73
     |
1328 |         let _: () = msg_send![notification_center, addObserver: this as id
     |                                                                         ^^

warning: use of deprecated type alias `cocoa::base::id`: use the objc2 crate instead
    --> src/platform.rs:1375:66
     |
1375 | extern "C" fn should_handle_reopen(this: &mut Object, _: Sel, _: id, has_open_windows: bool) {
     |                                                                  ^^

warning: use of deprecated type alias `cocoa::base::id`: use the objc2 crate instead
    --> src/platform.rs:1387:60
     |
1387 | extern "C" fn will_terminate(this: &mut Object, _: Sel, _: id) {
     |                                                            ^^

warning: use of deprecated type alias `cocoa::base::id`: use the objc2 crate instead
    --> src/platform.rs:1397:71
     |
1397 | extern "C" fn on_keyboard_layout_change(this: &mut Object, _: Sel, _: id) {
     |                                                                       ^^

warning: use of deprecated type alias `cocoa::base::id`: use the objc2 crate instead
    --> src/platform.rs:1413:69
     |
1413 | extern "C" fn on_thermal_state_change(this: &mut Object, _: Sel, _: id) {
     |                                                                     ^^

warning: use of deprecated type alias `cocoa::base::id`: use the objc2 crate instead
    --> src/platform.rs:1441:61
     |
1441 | extern "C" fn on_system_sleep(this: &mut Object, _: Sel, _: id) {
     |                                                             ^^

warning: use of deprecated type alias `cocoa::base::id`: use the objc2 crate instead
    --> src/platform.rs:1462:60
     |
1462 | extern "C" fn on_system_wake(this: &mut Object, _: Sel, _: id) {
     |                                                            ^^

warning: use of deprecated type alias `cocoa::base::id`: use the objc2 crate instead
    --> src/platform.rs:1483:55
     |
1483 | extern "C" fn open_urls(this: &mut Object, _: Sel, _: id, urls: id) {
     |                                                       ^^

warning: use of deprecated type alias `cocoa::base::id`: use the objc2 crate instead
    --> src/platform.rs:1483:65
     |
1483 | extern "C" fn open_urls(this: &mut Object, _: Sel, _: id, urls: id) {
     |                                                                 ^^

warning: use of deprecated type alias `cocoa::base::id`: use the objc2 crate instead
    --> src/platform.rs:1507:65
     |
1507 | extern "C" fn handle_menu_item(this: &mut Object, _: Sel, item: id) {
     |                                                                 ^^

warning: use of deprecated type alias `cocoa::foundation::NSInteger`: use the objc2-foundation crate instead
    --> src/platform.rs:1512:22
     |
1512 |             let tag: NSInteger = msg_send![item, tag];
     |                      ^^^^^^^^^

warning: use of deprecated type alias `cocoa::base::id`: use the objc2 crate instead
    --> src/platform.rs:1524:67
     |
1524 | extern "C" fn validate_menu_item(this: &mut Object, _: Sel, item: id) -> bool {
     |                                                                   ^^

warning: use of deprecated type alias `cocoa::foundation::NSInteger`: use the objc2-foundation crate instead
    --> src/platform.rs:1530:22
     |
1530 |             let tag: NSInteger = msg_send![item, tag];
     |                      ^^^^^^^^^

warning: use of deprecated type alias `cocoa::base::id`: use the objc2 crate instead
    --> src/platform.rs:1547:60
     |
1547 | extern "C" fn menu_will_open(this: &mut Object, _: Sel, _: id) {
     |                                                            ^^

warning: use of deprecated type alias `cocoa::base::id`: use the objc2 crate instead
    --> src/platform.rs:1559:62
     |
1559 | extern "C" fn handle_dock_menu(this: &mut Object, _: Sel, _: id) -> id {
     |                                                              ^^

warning: use of deprecated type alias `cocoa::base::id`: use the objc2 crate instead
    --> src/platform.rs:1559:69
     |
1559 | extern "C" fn handle_dock_menu(this: &mut Object, _: Sel, _: id) -> id {
     |                                                                     ^^

warning: use of deprecated constant `cocoa::base::nil`: use the objc2 crate instead
    --> src/platform.rs:1566:13
     |
1566 |             nil
     |             ^^^

warning: use of deprecated type alias `cocoa::base::id`: use the objc2 crate instead
    --> src/platform.rs:1571:31
     |
1571 | unsafe fn ns_url_to_path(url: id) -> Result<PathBuf> {
     |                               ^^

warning: use of deprecated type alias `cocoa::base::id`: use the objc2 crate instead
   --> src/platform.rs:263:19
    |
263 |         delegate: id,
    |                   ^^

warning: use of deprecated type alias `cocoa::base::id`: use the objc2 crate instead
   --> src/platform.rs:266:10
    |
266 |     ) -> id {
    |          ^^

warning: use of deprecated constant `cocoa::base::nil`: use the objc2 crate instead
   --> src/platform.rs:268:48
    |
268 |             let application_menu = NSMenu::new(nil).autorelease();
    |                                                ^^^

warning: use of deprecated constant `cocoa::base::nil`: use the objc2 crate instead
   --> src/platform.rs:272:40
    |
272 |                 let menu = NSMenu::new(nil).autorelease();
    |                                        ^^^

warning: use of deprecated constant `cocoa::base::nil`: use the objc2 crate instead
   --> src/platform.rs:286:49
    |
286 |                 let menu_item = NSMenuItem::new(nil).autorelease();
    |                                                 ^^^

warning: use of deprecated type alias `cocoa::base::id`: use the objc2 crate instead
   --> src/platform.rs:292:30
    |
292 |                     let app: id = msg_send![APP_CLASS, sharedApplication];
    |                              ^^

warning: use of deprecated type alias `cocoa::base::id`: use the objc2 crate instead
   --> src/platform.rs:304:19
    |
304 |         delegate: id,
    |                   ^^

warning: use of deprecated type alias `cocoa::base::id`: use the objc2 crate instead
   --> src/platform.rs:307:10
    |
307 |     ) -> id {
    |          ^^

warning: use of deprecated constant `cocoa::base::nil`: use the objc2 crate instead
   --> src/platform.rs:309:41
    |
309 |             let dock_menu = NSMenu::new(nil);
    |                                         ^^^

warning: use of deprecated type alias `cocoa::base::id`: use the objc2 crate instead
   --> src/platform.rs:326:19
    |
326 |         delegate: id,
    |                   ^^

warning: use of deprecated type alias `cocoa::base::id`: use the objc2 crate instead
   --> src/platform.rs:329:10
    |
329 |     ) -> id {
    |          ^^

warning: use of deprecated constant `cocoa::base::nil`: use the objc2 crate instead
   --> src/platform.rs:334:66
    |
334 |                 MenuItem::Separator => NSMenuItem::separatorItem(nil),
    |                                                                  ^^^

warning: use of deprecated function `cocoa::base::selector`: use the objc2 crate instead
   --> src/platform.rs:366:54
    |
366 |                         Some(gpui::OsAction::Cut) => selector("cut:"),
    |                                                      ^^^^^^^^

warning: use of deprecated function `cocoa::base::selector`: use the objc2 crate instead
   --> src/platform.rs:367:55
    |
367 |                         Some(gpui::OsAction::Copy) => selector("copy:"),
    |                                                       ^^^^^^^^

warning: use of deprecated function `cocoa::base::selector`: use the objc2 crate instead
   --> src/platform.rs:368:56
    |
368 |                         Some(gpui::OsAction::Paste) => selector("paste:"),
    |                                                        ^^^^^^^^

warning: use of deprecated function `cocoa::base::selector`: use the objc2 crate instead
   --> src/platform.rs:369:60
    |
369 |                         Some(gpui::OsAction::SelectAll) => selector("selectAll:"),
    |                                                            ^^^^^^^^

warning: use of deprecated function `cocoa::base::selector`: use the objc2 crate instead
   --> src/platform.rs:372:55
    |
372 |                         Some(gpui::OsAction::Undo) => selector("handleGPUIMenuItem:"),
    |                                                       ^^^^^^^^

warning: use of deprecated function `cocoa::base::selector`: use the objc2 crate instead
   --> src/platform.rs:373:55
    |
373 |                         Some(gpui::OsAction::Redo) => selector("handleGPUIMenuItem:"),
    |                                                       ^^^^^^^^

warning: use of deprecated function `cocoa::base::selector`: use the objc2 crate instead
   --> src/platform.rs:374:33
    |
374 |                         None => selector("handleGPUIMenuItem:"),
    |                                 ^^^^^^^^

warning: use of deprecated constant `cocoa::base::nil`: use the objc2 crate instead
   --> src/platform.rs:405:54
    |
405 | ...                   item = NSMenuItem::alloc(nil)
    |                                                ^^^

warning: use of deprecated constant `cocoa::base::nil`: use the objc2 crate instead
   --> src/platform.rs:417:54
    |
417 | ...                   item = NSMenuItem::alloc(nil)
    |                                                ^^^

warning: use of deprecated constant `cocoa::base::nil`: use the objc2 crate instead
   --> src/platform.rs:426:50
    |
426 |                         item = NSMenuItem::alloc(nil)
    |                                                  ^^^

warning: use of deprecated type alias `cocoa::foundation::NSInteger`: use the objc2-foundation crate instead
   --> src/platform.rs:440:48
    |
440 |                     let tag = actions.len() as NSInteger;
    |                                                ^^^^^^^^^

warning: use of deprecated constant `cocoa::base::nil`: use the objc2 crate instead
   --> src/platform.rs:450:48
    |
450 |                     let item = NSMenuItem::new(nil).autorelease();
    |                                                ^^^

warning: use of deprecated constant `cocoa::base::nil`: use the objc2 crate instead
   --> src/platform.rs:451:47
    |
451 |                     let submenu = NSMenu::new(nil).autorelease();
    |                                               ^^^

warning: use of deprecated constant `cocoa::base::nil`: use the objc2 crate instead
   --> src/platform.rs:462:48
    |
462 |                     let item = NSMenuItem::new(nil).autorelease();
    |                                                ^^^

warning: use of deprecated constant `cocoa::base::nil`: use the objc2 crate instead
   --> src/platform.rs:463:47
    |
463 |                     let submenu = NSMenu::new(nil).autorelease();
    |                                               ^^^

warning: use of deprecated type alias `cocoa::base::id`: use the objc2 crate instead
   --> src/platform.rs:470:38
    |
470 | ...                   let app: id = msg_send![APP_CLASS, sharedApplication];
    |                                ^^

warning: use of deprecated associated function `cocoa::foundation::NSProcessInfo::processInfo`: use the objc2-foundation crate instead
   --> src/platform.rs:483:47
    |
483 |             let process_info = NSProcessInfo::processInfo(nil);
    |                                               ^^^^^^^^^^^

warning: use of deprecated constant `cocoa::base::nil`: use the objc2 crate instead
   --> src/platform.rs:483:59
    |
483 |             let process_info = NSProcessInfo::processInfo(nil);
    |                                                           ^^^

warning: use of deprecated type alias `cocoa::base::id`: use the objc2 crate instead
   --> src/platform.rs:506:22
    |
506 |             let app: id = msg_send![APP_CLASS, sharedApplication];
    |                      ^^

warning: use of deprecated type alias `cocoa::base::id`: use the objc2 crate instead
   --> src/platform.rs:541:22
    |
541 |             let app: id = msg_send![APP_CLASS, sharedApplication];
    |                      ^^

warning: use of deprecated type alias `cocoa::base::id`: use the objc2 crate instead
   --> src/platform.rs:542:31
    |
542 |             let app_delegate: id = msg_send![APP_DELEGATE_CLASS, new];
    |                               ^^

warning: use of deprecated associated function `cocoa::foundation::NSAutoreleasePool::new`: use the objc2-foundation crate instead
   --> src/platform.rs:549:43
    |
549 |             let pool = NSAutoreleasePool::new(nil);
    |                                           ^^^

warning: use of deprecated constant `cocoa::base::nil`: use the objc2 crate instead
   --> src/platform.rs:549:47
    |
549 |             let pool = NSAutoreleasePool::new(nil);
    |                                               ^^^

warning: use of deprecated constant `cocoa::base::nil`: use the objc2 crate instead
   --> src/platform.rs:628:56
    |
628 |             let app = NSApplication::sharedApplication(nil);
    |                                                        ^^^

warning: use of deprecated constant `cocoa::base::nil`: use the objc2 crate instead
   --> src/platform.rs:635:56
    |
635 |             let app = NSApplication::sharedApplication(nil);
    |                                                        ^^^

warning: use of deprecated constant `cocoa::base::nil`: use the objc2 crate instead
   --> src/platform.rs:636:46
    |
636 |             let _: () = msg_send![app, hide: nil];
    |                                              ^^^

warning: use of deprecated constant `cocoa::base::nil`: use the objc2 crate instead
   --> src/platform.rs:642:56
    |
642 |             let app = NSApplication::sharedApplication(nil);
    |                                                        ^^^

warning: use of deprecated constant `cocoa::base::nil`: use the objc2 crate instead
   --> src/platform.rs:643:63
    |
643 |             let _: () = msg_send![app, hideOtherApplications: nil];
    |                                                               ^^^

warning: use of deprecated constant `cocoa::base::nil`: use the objc2 crate instead
   --> src/platform.rs:649:56
    |
649 |             let app = NSApplication::sharedApplication(nil);
    |                                                        ^^^

warning: use of deprecated constant `cocoa::base::nil`: use the objc2 crate instead
   --> src/platform.rs:650:63
    |
650 |             let _: () = msg_send![app, unhideAllApplications: nil];
    |                                                               ^^^

warning: use of deprecated constant `cocoa::base::nil`: use the objc2 crate instead
   --> src/platform.rs:715:56
    |
715 |             let app = NSApplication::sharedApplication(nil);
    |                                                        ^^^

warning: use of deprecated type alias `cocoa::base::id`: use the objc2 crate instead
   --> src/platform.rs:716:29
    |
716 |             let appearance: id = msg_send![app, effectiveAppearance];
    |                             ^^

warning: use of deprecated type alias `cocoa::base::id`: use the objc2 crate instead
   --> src/platform.rs:723:22
    |
723 |             let app: id = msg_send![APP_CLASS, sharedApplication];
    |                      ^^

warning: use of deprecated constant `cocoa::base::nil`: use the objc2 crate instead
   --> src/platform.rs:727:25
    |
727 |                 None => nil,
    |                         ^^^

warning: use of deprecated type alias `cocoa::base::id`: use the objc2 crate instead
   --> src/platform.rs:729:31
    |
729 |                     let name: id = match appearance {
    |                               ^^

warning: use of deprecated type alias `cocoa::base::id`: use the objc2 crate instead
   --> src/platform.rs:726:32
    |
726 |             let ns_appearance: id = match appearance {
    |                                ^^

warning: use of deprecated associated function `cocoa::foundation::NSURL::alloc`: use the objc2-foundation crate instead
   --> src/platform.rs:746:33
    |
746 |             let ns_url = NSURL::alloc(nil).initWithString_(ns_string(url));
    |                                 ^^^^^

warning: use of deprecated constant `cocoa::base::nil`: use the objc2 crate instead
   --> src/platform.rs:746:39
    |
746 |             let ns_url = NSURL::alloc(nil).initWithString_(ns_string(url));
    |                                       ^^^

warning: use of deprecated type alias `cocoa::base::id`: use the objc2 crate instead
   --> src/platform.rs:752:28
    |
752 |             let workspace: id = msg_send![class!(NSWorkspace), sharedWorkspace];
    |                            ^^

warning: use of deprecated type alias `cocoa::base::id`: use the objc2 crate instead
   --> src/platform.rs:945:36
    |
945 |                     let workspace: id = msg_send![class!(NSWorkspace), sharedWorkspace];
    |                                    ^^

warning: use of deprecated type alias `cocoa::base::id`: use the objc2 crate instead
    --> src/platform.rs:1016:31
     |
1016 |             let process_info: id = msg_send![class!(NSProcessInfo), processInfo];
     |                               ^^

warning: use of deprecated type alias `cocoa::foundation::NSInteger`: use the objc2-foundation crate instead
    --> src/platform.rs:1017:24
     |
1017 |             let state: NSInteger = msg_send![process_info, thermalState];
     |                        ^^^^^^^^^

warning: use of deprecated associated function `cocoa::foundation::NSBundle::mainBundle`: use the objc2-foundation crate instead
    --> src/platform.rs:1066:40
     |
1066 |             let bundle: id = NSBundle::mainBundle();
     |                                        ^^^^^^^^^^

warning: use of deprecated type alias `cocoa::base::id`: use the objc2 crate instead
    --> src/platform.rs:1066:25
     |
1066 |             let bundle: id = NSBundle::mainBundle();
     |                         ^^

warning: use of deprecated type alias `cocoa::base::id`: use the objc2 crate instead
    --> src/platform.rs:1074:22
     |
1074 |             let app: id = msg_send![APP_CLASS, sharedApplication];
     |                      ^^

warning: use of deprecated type alias `cocoa::base::id`: use the objc2 crate instead
    --> src/platform.rs:1090:22
     |
1090 |             let app: id = msg_send![APP_CLASS, sharedApplication];
     |                      ^^

warning: use of deprecated type alias `cocoa::base::id`: use the objc2 crate instead
    --> src/platform.rs:1103:42
     |
1103 |                 let document_controller: id =
     |                                          ^^

warning: use of deprecated associated function `cocoa::foundation::NSURL::fileURLWithPath_`: use the objc2-foundation crate instead
    --> src/platform.rs:1105:38
     |
1105 |                 let url: id = NSURL::fileURLWithPath_(nil, ns_string(path_str));
     |                                      ^^^^^^^^^^^^^^^^

warning: use of deprecated constant `cocoa::base::nil`: use the objc2 crate instead
    --> src/platform.rs:1105:55
     |
1105 |                 let url: id = NSURL::fileURLWithPath_(nil, ns_string(path_str));
     |                                                       ^^^

warning: use of deprecated type alias `cocoa::base::id`: use the objc2 crate instead
    --> src/platform.rs:1105:26
     |
1105 |                 let url: id = NSURL::fileURLWithPath_(nil, ns_string(path_str));
     |                          ^^

warning: use of deprecated associated function `cocoa::foundation::NSBundle::mainBundle`: use the objc2-foundation crate instead
    --> src/platform.rs:1113:40
     |
1113 |             let bundle: id = NSBundle::mainBundle();
     |                                        ^^^^^^^^^^

warning: use of deprecated type alias `cocoa::base::id`: use the objc2 crate instead
    --> src/platform.rs:1113:25
     |
1113 |             let bundle: id = NSBundle::mainBundle();
     |                         ^^

warning: use of deprecated type alias `cocoa::base::id`: use the objc2 crate instead
    --> src/platform.rs:1116:22
     |
1116 |             let url: id = msg_send![bundle, URLForAuxiliaryExecutable: name];
     |                      ^^

warning: use of deprecated type alias `cocoa::foundation::NSInteger`: use the objc2-foundation crate instead
    --> src/platform.rs:1149:24
     |
1149 |             let style: NSInteger = msg_send![class!(NSScroller), preferredScrollerStyle];
     |                        ^^^^^^^^^

warning: use of deprecated type alias `cocoa::base::id`: use the objc2 crate instead
  --> src/window.rs:19:12
   |
19 |     base::{id, nil},
   |            ^^

warning: use of deprecated constant `cocoa::base::nil`: use the objc2 crate instead
  --> src/window.rs:19:16
   |
19 |     base::{id, nil},
   |                ^^^

warning: use of deprecated trait `cocoa::foundation::NSArray`: use the objc2-foundation crate instead
  --> src/window.rs:21:9
   |
21 |         NSArray, NSAutoreleasePool, NSData, NSDictionary, NSFastEnumeration, NSInteger, NSNotFound,
   |         ^^^^^^^

warning: use of deprecated trait `cocoa::foundation::NSAutoreleasePool`: use the objc2-foundation crate instead
  --> src/window.rs:21:18
   |
21 |         NSArray, NSAutoreleasePool, NSData, NSDictionary, NSFastEnumeration, NSInteger, NSNotFound,
   |                  ^^^^^^^^^^^^^^^^^

warning: use of deprecated trait `cocoa::foundation::NSData`: use the objc2-foundation crate instead
  --> src/window.rs:21:37
   |
21 |         NSArray, NSAutoreleasePool, NSData, NSDictionary, NSFastEnumeration, NSInteger, NSNotFound,
   |                                     ^^^^^^

warning: use of deprecated trait `cocoa::foundation::NSDictionary`: use the objc2-foundation crate instead
  --> src/window.rs:21:45
   |
21 |         NSArray, NSAutoreleasePool, NSData, NSDictionary, NSFastEnumeration, NSInteger, NSNotFound,
   |                                             ^^^^^^^^^^^^

warning: use of deprecated trait `cocoa::foundation::NSFastEnumeration`: use the objc2-foundation crate instead
  --> src/window.rs:21:59
   |
21 |         NSArray, NSAutoreleasePool, NSData, NSDictionary, NSFastEnumeration, NSInteger, NSNotFound,
   |                                                           ^^^^^^^^^^^^^^^^^

warning: use of deprecated type alias `cocoa::foundation::NSInteger`: use the objc2-foundation crate instead
  --> src/window.rs:21:78
   |
21 |         NSArray, NSAutoreleasePool, NSData, NSDictionary, NSFastEnumeration, NSInteger, NSNotFound,
   |                                                                              ^^^^^^^^^

warning: use of deprecated constant `cocoa::foundation::NSNotFound`: use the objc2-foundation crate instead
  --> src/window.rs:21:89
   |
21 |         NSArray, NSAutoreleasePool, NSData, NSDictionary, NSFastEnumeration, NSInteger, NSNotFound,
   |                                                                                         ^^^^^^^^^^

warning: use of deprecated struct `cocoa::foundation::NSOperatingSystemVersion`: use the objc2-foundation crate instead
  --> src/window.rs:22:9
   |
22 |         NSOperatingSystemVersion, NSPoint, NSProcessInfo, NSRect, NSSize, NSString, NSUInteger,
   |         ^^^^^^^^^^^^^^^^^^^^^^^^

warning: use of deprecated struct `cocoa::foundation::NSPoint`: use the objc2-foundation crate instead
  --> src/window.rs:22:35
   |
22 |         NSOperatingSystemVersion, NSPoint, NSProcessInfo, NSRect, NSSize, NSString, NSUInteger,
   |                                   ^^^^^^^

warning: use of deprecated trait `cocoa::foundation::NSProcessInfo`: use the objc2-foundation crate instead
  --> src/window.rs:22:44
   |
22 |         NSOperatingSystemVersion, NSPoint, NSProcessInfo, NSRect, NSSize, NSString, NSUInteger,
   |                                            ^^^^^^^^^^^^^

warning: use of deprecated struct `cocoa::foundation::NSRect`: use the objc2-foundation crate instead
  --> src/window.rs:22:59
   |
22 |         NSOperatingSystemVersion, NSPoint, NSProcessInfo, NSRect, NSSize, NSString, NSUInteger,
   |                                                           ^^^^^^

warning: use of deprecated struct `cocoa::foundation::NSSize`: use the objc2-foundation crate instead
  --> src/window.rs:22:67
   |
22 |         NSOperatingSystemVersion, NSPoint, NSProcessInfo, NSRect, NSSize, NSString, NSUInteger,
   |                                                                   ^^^^^^

warning: use of deprecated trait `cocoa::foundation::NSString`: use the objc2-foundation crate instead
  --> src/window.rs:22:75
   |
22 |         NSOperatingSystemVersion, NSPoint, NSProcessInfo, NSRect, NSSize, NSString, NSUInteger,
   |                                                                           ^^^^^^^^

warning: use of deprecated type alias `cocoa::foundation::NSUInteger`: use the objc2-foundation crate instead
  --> src/window.rs:22:85
   |
22 |         NSOperatingSystemVersion, NSPoint, NSProcessInfo, NSRect, NSSize, NSString, NSUInteger,
   |                                                                                     ^^^^^^^^^^

warning: use of deprecated trait `cocoa::foundation::NSUserDefaults`: use the objc2-foundation crate instead
  --> src/window.rs:23:9
   |
23 |         NSUserDefaults,
   |         ^^^^^^^^^^^^^^

warning: use of deprecated type alias `cocoa::foundation::NSInteger`: use the objc2-foundation crate instead
   --> src/window.rs:105:28
    |
105 | const NSNormalWindowLevel: NSInteger = 0;
    |                            ^^^^^^^^^

warning: use of deprecated type alias `cocoa::foundation::NSInteger`: use the objc2-foundation crate instead
   --> src/window.rs:107:30
    |
107 | const NSFloatingWindowLevel: NSInteger = 3;
    |                              ^^^^^^^^^

warning: use of deprecated type alias `cocoa::foundation::NSInteger`: use the objc2-foundation crate instead
   --> src/window.rs:109:27
    |
109 | const NSPopUpWindowLevel: NSInteger = 101;
    |                           ^^^^^^^^^

warning: use of deprecated type alias `cocoa::foundation::NSInteger`: use the objc2-foundation crate instead
   --> src/window.rs:111:47
    |
111 | const NSWindowAnimationBehaviorUtilityWindow: NSInteger = 4;
    |                                               ^^^^^^^^^

warning: use of deprecated type alias `cocoa::foundation::NSInteger`: use the objc2-foundation crate instead
   --> src/window.rs:113:50
    |
113 | const NSViewLayerContentsRedrawDuringViewResize: NSInteger = 2;
    |                                                  ^^^^^^^^^

warning: use of deprecated type alias `cocoa::foundation::NSUInteger`: use the objc2-foundation crate instead
   --> src/window.rs:115:24
    |
115 | type NSDragOperation = NSUInteger;
    |                        ^^^^^^^^^^

warning: use of deprecated type alias `cocoa::foundation::NSInteger`: use the objc2-foundation crate instead
   --> src/window.rs:122:47
    |
122 | const NSDRAGGING_CONTEXT_OUTSIDE_APPLICATION: NSInteger = 0;
    |                                               ^^^^^^^^^

warning: use of deprecated type alias `cocoa::foundation::NSInteger`: use the objc2-foundation crate instead
   --> src/window.rs:123:46
    |
123 | const NSDRAGGING_CONTEXT_WITHIN_APPLICATION: NSInteger = 1;
    |                                              ^^^^^^^^^

warning: use of deprecated type alias `cocoa::base::id`: use the objc2 crate instead
   --> src/window.rs:143:70
    |
143 |                 handle_key_equivalent as extern "C" fn(&Object, Sel, id) -> BOOL,
    |                                                                      ^^

warning: use of deprecated type alias `cocoa::base::id`: use the objc2 crate instead
   --> src/window.rs:147:64
    |
147 |                 handle_key_down as extern "C" fn(&Object, Sel, id),
    |                                                                ^^

warning: use of deprecated type alias `cocoa::base::id`: use the objc2 crate instead
   --> src/window.rs:151:62
    |
151 |                 handle_key_up as extern "C" fn(&Object, Sel, id),
    |                                                              ^^

warning: use of deprecated type alias `cocoa::base::id`: use the objc2 crate instead
   --> src/window.rs:155:66
    |
155 |                 handle_view_event as extern "C" fn(&Object, Sel, id),
    |                                                                  ^^

warning: use of deprecated type alias `cocoa::base::id`: use the objc2 crate instead
   --> src/window.rs:159:66
    |
159 |                 handle_view_event as extern "C" fn(&Object, Sel, id),
    |                                                                  ^^

warning: use of deprecated type alias `cocoa::base::id`: use the objc2 crate instead
   --> src/window.rs:163:66
    |
163 |                 handle_view_event as extern "C" fn(&Object, Sel, id),
    |                                                                  ^^

warning: use of deprecated type alias `cocoa::base::id`: use the objc2 crate instead
   --> src/window.rs:167:66
    |
167 |                 handle_view_event as extern "C" fn(&Object, Sel, id),
    |                                                                  ^^

warning: use of deprecated type alias `cocoa::base::id`: use the objc2 crate instead
   --> src/window.rs:171:66
    |
171 |                 handle_view_event as extern "C" fn(&Object, Sel, id),
    |                                                                  ^^

warning: use of deprecated type alias `cocoa::base::id`: use the objc2 crate instead
   --> src/window.rs:175:66
    |
175 |                 handle_view_event as extern "C" fn(&Object, Sel, id),
    |                                                                  ^^

warning: use of deprecated type alias `cocoa::base::id`: use the objc2 crate instead
   --> src/window.rs:179:66
    |
179 |                 handle_view_event as extern "C" fn(&Object, Sel, id),
    |                                                                  ^^

warning: use of deprecated type alias `cocoa::base::id`: use the objc2 crate instead
   --> src/window.rs:187:66
    |
187 |                 handle_view_event as extern "C" fn(&Object, Sel, id),
    |                                                                  ^^

warning: use of deprecated type alias `cocoa::base::id`: use the objc2 crate instead
   --> src/window.rs:191:66
    |
191 |                 handle_view_event as extern "C" fn(&Object, Sel, id),
    |                                                                  ^^

warning: use of deprecated type alias `cocoa::base::id`: use the objc2 crate instead
   --> src/window.rs:195:66
    |
195 |                 handle_view_event as extern "C" fn(&Object, Sel, id),
    |                                                                  ^^

warning: use of deprecated type alias `cocoa::base::id`: use the objc2 crate instead
   --> src/window.rs:199:66
    |
199 |                 handle_view_event as extern "C" fn(&Object, Sel, id),
    |                                                                  ^^

warning: use of deprecated type alias `cocoa::base::id`: use the objc2 crate instead
   --> src/window.rs:203:66
    |
203 |                 handle_view_event as extern "C" fn(&Object, Sel, id),
    |                                                                  ^^

warning: use of deprecated type alias `cocoa::base::id`: use the objc2 crate instead
   --> src/window.rs:207:66
    |
207 |                 handle_view_event as extern "C" fn(&Object, Sel, id),
    |                                                                  ^^

warning: use of deprecated type alias `cocoa::base::id`: use the objc2 crate instead
   --> src/window.rs:211:66
    |
211 |                 handle_view_event as extern "C" fn(&Object, Sel, id),
    |                                                                  ^^

warning: use of deprecated type alias `cocoa::base::id`: use the objc2 crate instead
   --> src/window.rs:215:66
    |
215 |                 handle_view_event as extern "C" fn(&Object, Sel, id),
    |                                                                  ^^

warning: use of deprecated type alias `cocoa::base::id`: use the objc2 crate instead
   --> src/window.rs:219:66
    |
219 |                 handle_view_event as extern "C" fn(&Object, Sel, id),
    |                                                                  ^^

warning: use of deprecated type alias `cocoa::base::id`: use the objc2 crate instead
   --> src/window.rs:224:70
    |
224 |                 make_backing_layer as extern "C" fn(&Object, Sel) -> id,
    |                                                                      ^^

warning: use of deprecated struct `cocoa::foundation::NSSize`: use the objc2-foundation crate instead
   --> src/window.rs:234:63
    |
234 |                 set_frame_size as extern "C" fn(&Object, Sel, NSSize),
    |                                                               ^^^^^^

warning: use of deprecated type alias `cocoa::base::id`: use the objc2 crate instead
   --> src/window.rs:238:62
    |
238 |                 display_layer as extern "C" fn(&Object, Sel, id),
    |                                                              ^^

warning: use of deprecated type alias `cocoa::base::id`: use the objc2 crate instead
   --> src/window.rs:244:84
    |
244 |                 valid_attributes_for_marked_text as extern "C" fn(&Object, Sel) -> id,
    |                                                                                    ^^

warning: use of deprecated type alias `cocoa::base::id`: use the objc2 crate instead
   --> src/window.rs:261:61
    |
261 |                     as extern "C" fn(&Object, Sel, NSRange, id) -> NSRect,
    |                                                             ^^

warning: use of deprecated struct `cocoa::foundation::NSRect`: use the objc2-foundation crate instead
   --> src/window.rs:261:68
    |
261 |                     as extern "C" fn(&Object, Sel, NSRange, id) -> NSRect,
    |                                                                    ^^^^^^

warning: use of deprecated type alias `cocoa::base::id`: use the objc2 crate instead
   --> src/window.rs:265:60
    |
265 |                 insert_text as extern "C" fn(&Object, Sel, id, NSRange),
    |                                                            ^^

warning: use of deprecated type alias `cocoa::base::id`: use the objc2 crate instead
   --> src/window.rs:269:64
    |
269 |                 set_marked_text as extern "C" fn(&Object, Sel, id, NSRange, NSRange),
    |                                                                ^^

warning: use of deprecated type alias `cocoa::base::id`: use the objc2 crate instead
   --> src/window.rs:275:77
    |
275 |                     as extern "C" fn(&Object, Sel, NSRange, *mut c_void) -> id,
    |                                                                             ^^

warning: use of deprecated type alias `cocoa::base::id`: use the objc2 crate instead
   --> src/window.rs:290:68
    |
290 |                 accepts_first_mouse as extern "C" fn(&Object, Sel, id) -> BOOL,
    |                                                                    ^^

warning: use of deprecated struct `cocoa::foundation::NSRect`: use the objc2-foundation crate instead
   --> src/window.rs:296:55
    |
296 |                     as extern "C" fn(&Object, Sel) -> NSRect,
    |                                                       ^^^^^^

warning: use of deprecated struct `cocoa::foundation::NSPoint`: use the objc2-foundation crate instead
   --> src/window.rs:301:74
    |
301 |                 character_index_for_point as extern "C" fn(&Object, Sel, NSPoint) -> u64,
    |                                                                          ^^^^^^^

warning: use of deprecated struct `cocoa::foundation::NSRect`: use the objc2-foundation crate instead
   --> src/window.rs:309:77
    |
309 |                 blurred_view_init_with_frame as extern "C" fn(&Object, Sel, NSRect) -> id,
    |                                                                             ^^^^^^

warning: use of deprecated type alias `cocoa::base::id`: use the objc2 crate instead
   --> src/window.rs:309:88
    |
309 |                 blurred_view_init_with_frame as extern "C" fn(&Object, Sel, NSRect) -> id,
    |                                                                                        ^^

warning: use of deprecated type alias `cocoa::base::id`: use the objc2 crate instead
   --> src/window.rs:323:52
    |
323 |                     as extern "C" fn(&Object, Sel, id, id) -> id,
    |                                                    ^^

warning: use of deprecated type alias `cocoa::base::id`: use the objc2 crate instead
   --> src/window.rs:323:56
    |
323 |                     as extern "C" fn(&Object, Sel, id, id) -> id,
    |                                                        ^^

warning: use of deprecated type alias `cocoa::base::id`: use the objc2 crate instead
   --> src/window.rs:323:63
    |
323 |                     as extern "C" fn(&Object, Sel, id, id) -> id,
    |                                                               ^^

warning: use of deprecated type alias `cocoa::base::id`: use the objc2 crate instead
   --> src/window.rs:333:95
    |
333 |                 window_state_unarchiver_restoration_options as extern "C" fn(&Object, Sel) -> id,
    |                                                                                               ^^

warning: use of deprecated type alias `cocoa::base::id`: use the objc2 crate instead
   --> src/window.rs:347:16
    |
347 |     _archiver: id,
    |                ^^

warning: use of deprecated type alias `cocoa::base::id`: use the objc2 crate instead
   --> src/window.rs:348:13
    |
348 |     object: id,
    |             ^^

warning: use of deprecated type alias `cocoa::base::id`: use the objc2 crate instead
   --> src/window.rs:349:6
    |
349 | ) -> id {
    |      ^^

warning: use of deprecated constant `cocoa::base::nil`: use the objc2 crate instead
   --> src/window.rs:359:13
    |
359 |             nil
    |             ^^^

warning: use of deprecated type alias `cocoa::base::id`: use the objc2 crate instead
   --> src/window.rs:370:89
    |
370 | extern "C" fn window_state_unarchiver_restoration_options(_this: &Object, _sel: Sel) -> id {
    |                                                                                         ^^

warning: use of deprecated struct `cocoa::foundation::NSOperatingSystemVersion`: use the objc2-foundation crate instead
   --> src/window.rs:371:35
    |
371 |     if !is_macos_version_at_least(NSOperatingSystemVersion::new(15, 0, 0)) {
    |                                   ^^^^^^^^^^^^^^^^^^^^^^^^

warning: use of deprecated constant `cocoa::base::nil`: use the objc2 crate instead
   --> src/window.rs:372:16
    |
372 |         return nil;
    |                ^^^

warning: use of deprecated type alias `cocoa::base::id`: use the objc2 crate instead
   --> src/window.rs:379:30
    |
379 |                 let options: id = msg_send![class, alloc];
    |                              ^^

warning: use of deprecated type alias `cocoa::base::id`: use the objc2 crate instead
   --> src/window.rs:380:30
    |
380 |                 let options: id = msg_send![options, init];
    |                              ^^

warning: use of deprecated constant `cocoa::base::nil`: use the objc2 crate instead
   --> src/window.rs:383:21
    |
383 |             None => nil,
    |                     ^^^

warning: use of deprecated struct `cocoa::foundation::NSPoint`: use the objc2-foundation crate instead
   --> src/window.rs:388:48
    |
388 | pub(crate) fn convert_mouse_position(position: NSPoint, window_height: Pixels) -> Point<Pixels> {
    |                                                ^^^^^^^

warning: use of deprecated constant `cocoa::base::nil`: use the objc2 crate instead
   --> src/window.rs:407:52
    |
407 |         let app = NSApplication::sharedApplication(nil);
    |                                                    ^^^

warning: use of deprecated type alias `cocoa::base::id`: use the objc2 crate instead
   --> src/window.rs:408:25
    |
408 |         let key_window: id = msg_send![app, keyWindow];
    |                         ^^

warning: use of deprecated type alias `cocoa::base::id`: use the objc2 crate instead
   --> src/window.rs:409:26
    |
409 |         let main_window: id = msg_send![app, mainWindow];
    |                          ^^

warning: use of deprecated type alias `cocoa::base::id`: use the objc2 crate instead
   --> src/window.rs:452:62
    |
452 |             window_did_resize as extern "C" fn(&Object, Sel, id),
    |                                                              ^^

warning: use of deprecated type alias `cocoa::base::id`: use the objc2 crate instead
   --> src/window.rs:456:78
    |
456 |             window_did_change_occlusion_state as extern "C" fn(&Object, Sel, id),
    |                                                                              ^^

warning: use of deprecated type alias `cocoa::base::id`: use the objc2 crate instead
   --> src/window.rs:460:73
    |
460 |             window_will_enter_fullscreen as extern "C" fn(&Object, Sel, id),
    |                                                                         ^^

warning: use of deprecated type alias `cocoa::base::id`: use the objc2 crate instead
   --> src/window.rs:464:72
    |
464 |             window_will_exit_fullscreen as extern "C" fn(&Object, Sel, id),
    |                                                                        ^^

warning: use of deprecated type alias `cocoa::base::id`: use the objc2 crate instead
   --> src/window.rs:468:79
    |
468 |             window_did_fail_to_exit_fullscreen as extern "C" fn(&Object, Sel, id),
    |                                                                               ^^

warning: use of deprecated type alias `cocoa::base::id`: use the objc2 crate instead
   --> src/window.rs:472:71
    |
472 |             window_did_exit_fullscreen as extern "C" fn(&Object, Sel, id),
    |                                                                       ^^

warning: use of deprecated type alias `cocoa::base::id`: use the objc2 crate instead
   --> src/window.rs:476:60
    |
476 |             window_did_move as extern "C" fn(&Object, Sel, id),
    |                                                            ^^

warning: use of deprecated type alias `cocoa::base::id`: use the objc2 crate instead
   --> src/window.rs:480:69
    |
480 |             window_did_change_screen as extern "C" fn(&Object, Sel, id),
    |                                                                     ^^

warning: use of deprecated type alias `cocoa::base::id`: use the objc2 crate instead
   --> src/window.rs:484:73
    |
484 |             window_did_change_key_status as extern "C" fn(&Object, Sel, id),
    |                                                                         ^^

warning: use of deprecated type alias `cocoa::base::id`: use the objc2 crate instead
   --> src/window.rs:488:73
    |
488 |             window_did_change_key_status as extern "C" fn(&Object, Sel, id),
    |                                                                         ^^

warning: use of deprecated type alias `cocoa::base::id`: use the objc2 crate instead
   --> src/window.rs:492:64
    |
492 |             window_should_close as extern "C" fn(&Object, Sel, id) -> BOOL,
    |                                                                ^^

warning: use of deprecated type alias `cocoa::base::id`: use the objc2 crate instead
   --> src/window.rs:499:61
    |
499 |             dragging_entered as extern "C" fn(&Object, Sel, id) -> NSDragOperation,
    |                                                             ^^

warning: use of deprecated type alias `cocoa::base::id`: use the objc2 crate instead
   --> src/window.rs:503:61
    |
503 |             dragging_updated as extern "C" fn(&Object, Sel, id) -> NSDragOperation,
    |                                                             ^^

warning: use of deprecated type alias `cocoa::base::id`: use the objc2 crate instead
   --> src/window.rs:507:60
    |
507 |             dragging_exited as extern "C" fn(&Object, Sel, id),
    |                                                            ^^

warning: use of deprecated type alias `cocoa::base::id`: use the objc2 crate instead
   --> src/window.rs:511:67
    |
511 |             perform_drag_operation as extern "C" fn(&Object, Sel, id) -> BOOL,
    |                                                                   ^^

warning: use of deprecated type alias `cocoa::base::id`: use the objc2 crate instead
   --> src/window.rs:515:68
    |
515 |             conclude_drag_operation as extern "C" fn(&Object, Sel, id),
    |                                                                    ^^

warning: use of deprecated type alias `cocoa::base::id`: use the objc2 crate instead
   --> src/window.rs:522:48
    |
522 |                 as extern "C" fn(&Object, Sel, id, NSInteger) -> NSDragOperation,
    |                                                ^^

warning: use of deprecated type alias `cocoa::foundation::NSInteger`: use the objc2-foundation crate instead
   --> src/window.rs:522:52
    |
522 |                 as extern "C" fn(&Object, Sel, id, NSInteger) -> NSDragOperation,
    |                                                    ^^^^^^^^^

warning: use of deprecated type alias `cocoa::base::id`: use the objc2 crate instead
   --> src/window.rs:526:67
    |
526 |             dragging_session_ended as extern "C" fn(&Object, Sel, id, NSPoint, NSDragOperation),
    |                                                                   ^^

warning: use of deprecated struct `cocoa::foundation::NSPoint`: use the objc2-foundation crate instead
   --> src/window.rs:526:71
    |
526 |             dragging_session_ended as extern "C" fn(&Object, Sel, id, NSPoint, NSDragOperation),
    |                                                                       ^^^^^^^

warning: use of deprecated type alias `cocoa::base::id`: use the objc2 crate instead
   --> src/window.rs:531:83
    |
531 |             add_titlebar_accessory_view_controller as extern "C" fn(&Object, Sel, id),
    |                                                                                   ^^

warning: use of deprecated type alias `cocoa::base::id`: use the objc2 crate instead
   --> src/window.rs:536:67
    |
536 |             move_tab_to_new_window as extern "C" fn(&Object, Sel, id),
    |                                                                   ^^

warning: use of deprecated type alias `cocoa::base::id`: use the objc2 crate instead
   --> src/window.rs:541:62
    |
541 |             merge_all_windows as extern "C" fn(&Object, Sel, id),
    |                                                              ^^

warning: use of deprecated type alias `cocoa::base::id`: use the objc2 crate instead
   --> src/window.rs:546:60
    |
546 |             select_next_tab as extern "C" fn(&Object, Sel, id),
    |                                                            ^^

warning: use of deprecated type alias `cocoa::base::id`: use the objc2 crate instead
   --> src/window.rs:551:64
    |
551 |             select_previous_tab as extern "C" fn(&Object, Sel, id),
    |                                                                ^^

warning: use of deprecated type alias `cocoa::base::id`: use the objc2 crate instead
   --> src/window.rs:556:59
    |
556 |             toggle_tab_bar as extern "C" fn(&Object, Sel, id),
    |                                                           ^^

warning: use of deprecated type alias `cocoa::foundation::NSUInteger`: use the objc2-foundation crate instead
   --> src/window.rs:578:51
    |
578 | const NS_APPLICATION_PRESENTATION_AUTO_HIDE_DOCK: NSUInteger = 1 << 0;
    |                                                   ^^^^^^^^^^

warning: use of deprecated type alias `cocoa::foundation::NSUInteger`: use the objc2-foundation crate instead
   --> src/window.rs:579:55
    |
579 | const NS_APPLICATION_PRESENTATION_AUTO_HIDE_MENU_BAR: NSUInteger = 1 << 2;
    |                                                       ^^^^^^^^^^

warning: use of deprecated struct `cocoa::foundation::NSRect`: use the objc2-foundation crate instead
   --> src/window.rs:584:12
    |
584 |     frame: NSRect,
    |            ^^^^^^

warning: use of deprecated struct `cocoa::foundation::NSRect`: use the objc2-foundation crate instead
   --> src/window.rs:590:27
    |
590 |     Enter { screen_frame: NSRect },
    |                           ^^^^^^

warning: use of deprecated type alias `cocoa::foundation::NSUInteger`: use the objc2-foundation crate instead
   --> src/window.rs:596:33
    |
596 |     saved_presentation_options: NSUInteger,
    |                                 ^^^^^^^^^^

warning: use of deprecated constant `cocoa::base::nil`: use the objc2 crate instead
   --> src/window.rs:606:56
    |
606 |             let app = NSApplication::sharedApplication(nil);
    |                                                        ^^^

warning: use of deprecated type alias `cocoa::foundation::NSUInteger`: use the objc2-foundation crate instead
   --> src/window.rs:607:45
    |
607 |             let saved_presentation_options: NSUInteger = msg_send![app, presentationOptions];
    |                                             ^^^^^^^^^^

warning: use of deprecated constant `cocoa::base::nil`: use the objc2 crate instead
   --> src/window.rs:627:60
    |
627 |                 let app = NSApplication::sharedApplication(nil);
    |                                                            ^^^

warning: use of deprecated type alias `cocoa::base::id`: use the objc2 crate instead
   --> src/window.rs:639:20
    |
639 |     native_window: id,
    |                    ^^

warning: use of deprecated type alias `cocoa::base::id`: use the objc2 crate instead
   --> src/window.rs:640:18
    |
640 |     native_view: id,
    |                  ^^

warning: use of deprecated constant `cocoa::base::nil`: use the objc2 crate instead
   --> src/window.rs:660:45
    |
660 |         native_window.makeKeyAndOrderFront_(nil);
    |                                             ^^^

warning: use of deprecated type alias `cocoa::base::id`: use the objc2 crate instead
   --> src/window.rs:669:20
    |
669 |     native_window: id,
    |                    ^^

warning: use of deprecated type alias `cocoa::base::id`: use the objc2 crate instead
   --> src/window.rs:671:26
    |
671 |     blurred_view: Option<id>,
    |                          ^^

warning: use of deprecated type alias `cocoa::base::id`: use the objc2 crate instead
   --> src/window.rs:720:26
    |
720 |     sheet_parent: Option<id>,
    |                          ^^

warning: use of deprecated struct `cocoa::foundation::NSRect`: use the objc2-foundation crate instead
   --> src/window.rs:872:31
    |
872 |         fn rect_to_size(rect: NSRect) -> Size<Pixels> {
    |                               ^^^^^^

warning: use of deprecated struct `cocoa::foundation::NSSize`: use the objc2-foundation crate instead
   --> src/window.rs:873:17
    |
873 |             let NSSize { width, height } = rect.size;
    |                 ^^^^^^

warning: use of deprecated type alias `cocoa::base::id`: use the objc2 crate instead
    --> src/window.rs:1517:48
     |
1517 |                 let native_window = context as id;
     |                                                ^^

warning: use of deprecated constant `cocoa::base::nil`: use the objc2 crate instead
    --> src/window.rs:1518:70
     |
1518 |                 let _: () = msg_send![native_window, mergeAllWindows:nil];
     |                                                                      ^^^

warning: use of deprecated type alias `cocoa::base::id`: use the objc2 crate instead
    --> src/window.rs:1532:48
     |
1532 |                 let native_window = context as id;
     |                                                ^^

warning: use of deprecated constant `cocoa::base::nil`: use the objc2 crate instead
    --> src/window.rs:1533:73
     |
1533 |                 let _: () = msg_send![native_window, moveTabToNewWindow:nil];
     |                                                                         ^^^

warning: use of deprecated constant `cocoa::base::nil`: use the objc2 crate instead
    --> src/window.rs:1534:76
     |
1534 |                 let _: () = msg_send![native_window, makeKeyAndOrderFront: nil];
     |                                                                            ^^^

warning: use of deprecated type alias `cocoa::base::id`: use the objc2 crate instead
    --> src/window.rs:2502:36
     |
2502 | fn get_scale_factor(native_window: id) -> f32 {
     |                                    ^^

warning: use of deprecated type alias `cocoa::base::id`: use the objc2 crate instead
    --> src/window.rs:2504:21
     |
2504 |         let screen: id = msg_send![native_window, screen];
     |                     ^^

warning: use of deprecated type alias `cocoa::base::id`: use the objc2 crate instead
    --> src/window.rs:2521:34
     |
2521 | unsafe fn is_gpui_window(window: id) -> bool {
     |                                  ^^

warning: use of deprecated type alias `cocoa::base::id`: use the objc2 crate instead
    --> src/window.rs:2606:21
     |
2606 |         let cursor: id = match cursor_style {
     |                     ^^

warning: use of deprecated type alias `cocoa::base::id`: use the objc2 crate instead
    --> src/window.rs:2642:62
     |
2642 |         let bounds = NSView::bounds(this as *const Object as id);
     |                                                              ^^

warning: use of deprecated type alias `cocoa::base::id`: use the objc2 crate instead
    --> src/window.rs:2647:74
     |
2647 | extern "C" fn handle_key_equivalent(this: &Object, _: Sel, native_event: id) -> BOOL {
     |                                                                          ^^

warning: use of deprecated type alias `cocoa::base::id`: use the objc2 crate instead
    --> src/window.rs:2651:68
     |
2651 | extern "C" fn handle_key_down(this: &Object, _: Sel, native_event: id) {
     |                                                                    ^^

warning: use of deprecated type alias `cocoa::base::id`: use the objc2 crate instead
    --> src/window.rs:2655:66
     |
2655 | extern "C" fn handle_key_up(this: &Object, _: Sel, native_event: id) {
     |                                                                  ^^

warning: use of deprecated type alias `cocoa::base::id`: use the objc2 crate instead
    --> src/window.rs:2723:61
     |
2723 | extern "C" fn handle_key_event(this: &Object, native_event: id, key_equivalent: bool) -> BOOL {
     |                                                             ^^

warning: use of deprecated type alias `cocoa::base::id`: use the objc2 crate instead
    --> src/window.rs:2815:40
     |
2815 |                     let input_context: id = msg_send![this, inputContext];
     |                                        ^^

warning: use of deprecated type alias `cocoa::base::id`: use the objc2 crate instead
    --> src/window.rs:2856:36
     |
2856 |                 let input_context: id = msg_send![this, inputContext];
     |                                    ^^

warning: use of deprecated type alias `cocoa::base::id`: use the objc2 crate instead
    --> src/window.rs:2870:70
     |
2870 | extern "C" fn handle_view_event(this: &Object, _: Sel, native_event: id) {
     |                                                                      ^^

warning: use of deprecated type alias `cocoa::base::id`: use the objc2 crate instead
    --> src/window.rs:2967:40
     |
2967 |                     let input_context: id = msg_send![this, inputContext];
     |                                        ^^

warning: use of deprecated type alias `cocoa::base::id`: use the objc2 crate instead
    --> src/window.rs:3074:75
     |
3074 | extern "C" fn window_did_change_occlusion_state(this: &Object, _: Sel, _: id) {
     |                                                                           ^^

warning: use of deprecated type alias `cocoa::base::id`: use the objc2 crate instead
    --> src/window.rs:3095:59
     |
3095 | extern "C" fn window_did_resize(this: &Object, _: Sel, _: id) {
     |                                                           ^^

warning: use of deprecated type alias `cocoa::base::id`: use the objc2 crate instead
    --> src/window.rs:3100:70
     |
3100 | extern "C" fn window_will_enter_fullscreen(this: &Object, _: Sel, _: id) {
     |                                                                      ^^

warning: use of deprecated struct `cocoa::foundation::NSOperatingSystemVersion`: use the objc2-foundation crate instead
    --> src/window.rs:3108:23
     |
3108 |     let min_version = NSOperatingSystemVersion::new(15, 3, 0);
     |                       ^^^^^^^^^^^^^^^^^^^^^^^^

warning: use of deprecated type alias `cocoa::base::id`: use the objc2 crate instead
    --> src/window.rs:3117:69
     |
3117 | extern "C" fn window_will_exit_fullscreen(this: &Object, _: Sel, _: id) {
     |                                                                     ^^

warning: use of deprecated struct `cocoa::foundation::NSOperatingSystemVersion`: use the objc2-foundation crate instead
    --> src/window.rs:3122:23
     |
3122 |     let min_version = NSOperatingSystemVersion::new(15, 3, 0);
     |                       ^^^^^^^^^^^^^^^^^^^^^^^^

warning: use of deprecated type alias `cocoa::base::id`: use the objc2 crate instead
    --> src/window.rs:3133:76
     |
3133 | extern "C" fn window_did_fail_to_exit_fullscreen(this: &Object, _: Sel, _: id) {
     |                                                                            ^^

warning: use of deprecated type alias `cocoa::base::id`: use the objc2 crate instead
    --> src/window.rs:3140:68
     |
3140 | extern "C" fn window_did_exit_fullscreen(this: &Object, _: Sel, _: id) {
     |                                                                    ^^

warning: use of deprecated struct `cocoa::foundation::NSOperatingSystemVersion`: use the objc2-foundation crate instead
    --> src/window.rs:3152:50
     |
3152 | pub(crate) fn is_macos_version_at_least(version: NSOperatingSystemVersion) -> bool {
     |                                                  ^^^^^^^^^^^^^^^^^^^^^^^^

warning: use of deprecated associated function `cocoa::foundation::NSProcessInfo::processInfo`: use the objc2-foundation crate instead
    --> src/window.rs:3153:29
     |
3153 |     unsafe { NSProcessInfo::processInfo(nil).isOperatingSystemAtLeastVersion(version) }
     |                             ^^^^^^^^^^^

warning: use of deprecated constant `cocoa::base::nil`: use the objc2 crate instead
    --> src/window.rs:3153:41
     |
3153 |     unsafe { NSProcessInfo::processInfo(nil).isOperatingSystemAtLeastVersion(version) }
     |                                         ^^^

warning: use of deprecated type alias `cocoa::base::id`: use the objc2 crate instead
    --> src/window.rs:3156:32
     |
3156 | fn ns_error_description(error: id) -> String {
     |                                ^^

warning: use of deprecated type alias `cocoa::base::id`: use the objc2 crate instead
    --> src/window.rs:3161:26
     |
3161 |         let description: id = msg_send![error, localizedDescription];
     |                          ^^

warning: use of deprecated type alias `cocoa::base::id`: use the objc2 crate instead
    --> src/window.rs:3166:57
     |
3166 | extern "C" fn window_did_move(this: &Object, _: Sel, _: id) {
     |                                                         ^^

warning: use of deprecated type alias `cocoa::base::id`: use the objc2 crate instead
    --> src/window.rs:3202:66
     |
3202 | extern "C" fn window_did_change_screen(this: &Object, _: Sel, _: id) {
     |                                                                  ^^

warning: use of deprecated type alias `cocoa::base::id`: use the objc2 crate instead
    --> src/window.rs:3210:77
     |
3210 | extern "C" fn window_did_change_key_status(this: &Object, selector: Sel, _: id) {
     |                                                                             ^^

warning: use of deprecated type alias `cocoa::base::id`: use the objc2 crate instead
    --> src/window.rs:3292:61
     |
3292 | extern "C" fn window_should_close(this: &Object, _: Sel, _: id) -> BOOL {
     |                                                             ^^

warning: use of deprecated constant `cocoa::base::nil`: use the objc2 crate instead
    --> src/window.rs:3352:83
     |
3352 |                     let active: BOOL = msg_send![NSApplication::sharedApplication(nil), isActive];
     |                                                                                   ^^^

warning: use of deprecated type alias `cocoa::base::id`: use the objc2 crate instead
    --> src/window.rs:3362:60
     |
3362 | extern "C" fn make_backing_layer(this: &Object, _: Sel) -> id {
     |                                                            ^^

warning: use of deprecated type alias `cocoa::base::id`: use the objc2 crate instead
    --> src/window.rs:3365:42
     |
3365 |     window_state.renderer.layer_ptr() as id
     |                                          ^^

warning: use of deprecated struct `cocoa::foundation::NSSize`: use the objc2-foundation crate instead
    --> src/window.rs:3373:59
     |
3373 | extern "C" fn set_frame_size(this: &Object, _: Sel, size: NSSize) {
     |                                                           ^^^^^^

warning: use of deprecated struct `cocoa::foundation::NSRect`: use the objc2-foundation crate instead
    --> src/window.rs:3386:24
     |
3386 |         let old_frame: NSRect = msg_send![this, frame];
     |                        ^^^^^^

warning: use of deprecated struct `cocoa::foundation::NSSize`: use the objc2-foundation crate instead
    --> src/window.rs:3374:23
     |
3374 |     fn convert(value: NSSize) -> Size<Pixels> {
     |                       ^^^^^^

warning: use of deprecated type alias `cocoa::base::id`: use the objc2 crate instead
    --> src/window.rs:3411:55
     |
3411 | extern "C" fn display_layer(this: &Object, _: Sel, _: id) {
     |                                                       ^^

warning: use of deprecated type alias `cocoa::base::id`: use the objc2 crate instead
    --> src/window.rs:3428:24
     |
3428 |     let view = view as id;
     |                        ^^

warning: use of deprecated type alias `cocoa::base::id`: use the objc2 crate instead
    --> src/window.rs:3439:71
     |
3439 | extern "C" fn valid_attributes_for_marked_text(_: &Object, _: Sel) -> id {
     |                                                                       ^^

warning: use of deprecated type alias `cocoa::base::id`: use the objc2 crate instead
    --> src/window.rs:3470:8
     |
3470 |     _: id,
     |        ^^

warning: use of deprecated struct `cocoa::foundation::NSRect`: use the objc2-foundation crate instead
    --> src/window.rs:3471:6
     |
3471 | ) -> NSRect {
     |      ^^^^^^

warning: use of deprecated struct `cocoa::foundation::NSRect`: use the objc2-foundation crate instead
    --> src/window.rs:3478:9
     |
3478 |         NSRect::new(NSPoint::new(0., 0.), NSSize::new(0., 0.)),
     |         ^^^^^^

warning: use of deprecated struct `cocoa::foundation::NSPoint`: use the objc2-foundation crate instead
    --> src/window.rs:3478:21
     |
3478 |         NSRect::new(NSPoint::new(0., 0.), NSSize::new(0., 0.)),
     |                     ^^^^^^^

warning: use of deprecated struct `cocoa::foundation::NSSize`: use the objc2-foundation crate instead
    --> src/window.rs:3478:43
     |
3478 |         NSRect::new(NSPoint::new(0., 0.), NSSize::new(0., 0.)),
     |                                           ^^^^^^

warning: use of deprecated struct `cocoa::foundation::NSRect`: use the objc2-foundation crate instead
    --> src/window.rs:3480:13
     |
3480 |             NSRect::new(
     |             ^^^^^^

warning: use of deprecated struct `cocoa::foundation::NSPoint`: use the objc2-foundation crate instead
    --> src/window.rs:3481:17
     |
3481 |                 NSPoint::new(
     |                 ^^^^^^^

warning: use of deprecated struct `cocoa::foundation::NSSize`: use the objc2-foundation crate instead
    --> src/window.rs:3487:17
     |
3487 |                 NSSize::new(
     |                 ^^^^^^

warning: use of deprecated struct `cocoa::foundation::NSRect`: use the objc2-foundation crate instead
    --> src/window.rs:3496:32
     |
3496 | fn get_frame(this: &Object) -> NSRect {
     |                                ^^^^^^

warning: use of deprecated type alias `cocoa::base::id`: use the objc2 crate instead
    --> src/window.rs:3510:56
     |
3510 | extern "C" fn insert_text(this: &Object, _: Sel, text: id, replacement_range: NSRange) {
     |                                                        ^^

warning: use of deprecated type alias `cocoa::base::id`: use the objc2 crate instead
    --> src/window.rs:3514:19
     |
3514 |         let text: id = if is_attributed_string == YES {
     |                   ^^

warning: use of deprecated type alias `cocoa::base::id`: use the objc2 crate instead
    --> src/window.rs:3531:11
     |
3531 |     text: id,
     |           ^^

warning: use of deprecated type alias `cocoa::base::id`: use the objc2 crate instead
    --> src/window.rs:3538:19
     |
3538 |         let text: id = if is_attributed_string == YES {
     |                   ^^

warning: use of deprecated type alias `cocoa::base::id`: use the objc2 crate instead
    --> src/window.rs:3560:6
     |
3560 | ) -> id {
     |      ^^

warning: use of deprecated type alias `cocoa::base::id`: use the objc2 crate instead
    --> src/window.rs:3575:25
     |
3575 |             let string: id = msg_send![class!(NSAttributedString), alloc];
     |                         ^^

warning: use of deprecated type alias `cocoa::base::id`: use the objc2 crate instead
    --> src/window.rs:3576:25
     |
3576 |             let string: id = msg_send![string, initWithString: ns_string(&selected_text)];
     |                         ^^

warning: use of deprecated constant `cocoa::base::nil`: use the objc2 crate instead
    --> src/window.rs:3581:16
     |
3581 |     .unwrap_or(nil)
     |                ^^^

warning: use of deprecated type alias `cocoa::base::id`: use the objc2 crate instead
    --> src/window.rs:3629:61
     |
3629 | extern "C" fn accepts_first_mouse(this: &Object, _: Sel, _: id) -> BOOL {
     |                                                             ^^

warning: use of deprecated struct `cocoa::foundation::NSRect`: use the objc2-foundation crate instead
    --> src/window.rs:3644:86
     |
3644 | extern "C" fn opaque_rect_for_window_move_when_in_titlebar(this: &Object, _: Sel) -> NSRect {
     |                                                                                      ^^^^^^

warning: use of deprecated struct `cocoa::foundation::NSRect`: use the objc2-foundation crate instead
    --> src/window.rs:3645:21
     |
3645 |     let zero_rect = NSRect::new(NSPoint::new(0., 0.), NSSize::new(0., 0.));
     |                     ^^^^^^

warning: use of deprecated struct `cocoa::foundation::NSPoint`: use the objc2-foundation crate instead
    --> src/window.rs:3645:33
     |
3645 |     let zero_rect = NSRect::new(NSPoint::new(0., 0.), NSSize::new(0., 0.));
     |                                 ^^^^^^^

warning: use of deprecated struct `cocoa::foundation::NSSize`: use the objc2-foundation crate instead
    --> src/window.rs:3645:55
     |
3645 |     let zero_rect = NSRect::new(NSPoint::new(0., 0.), NSSize::new(0., 0.));
     |                                                       ^^^^^^

warning: use of deprecated struct `cocoa::foundation::NSPoint`: use the objc2-foundation crate instead
    --> src/window.rs:3655:74
     |
3655 | extern "C" fn character_index_for_point(this: &Object, _: Sel, position: NSPoint) -> u64 {
     |                                                                          ^^^^^^^

warning: use of deprecated constant `cocoa::foundation::NSNotFound`: use the objc2-foundation crate instead
    --> src/window.rs:3662:16
     |
3662 |     .unwrap_or(NSNotFound as u64)
     |                ^^^^^^^^^^

warning: use of deprecated struct `cocoa::foundation::NSPoint`: use the objc2-foundation crate instead
    --> src/window.rs:3665:56
     |
3665 | fn screen_point_to_gpui_point(this: &Object, position: NSPoint) -> Point<Pixels> {
     |                                                        ^^^^^^^

warning: use of deprecated type alias `cocoa::base::id`: use the objc2 crate instead
    --> src/window.rs:3673:59
     |
3673 | fn is_drag_from_this_window(this: &Object, dragging_info: id) -> bool {
     |                                                           ^^

warning: use of deprecated type alias `cocoa::base::id`: use the objc2 crate instead
    --> src/window.rs:3674:17
     |
3674 |     let source: id = unsafe { msg_send![dragging_info, draggingSource] };
     |                 ^^

warning: use of deprecated type alias `cocoa::base::id`: use the objc2 crate instead
    --> src/window.rs:3678:70
     |
3678 | extern "C" fn dragging_entered(this: &Object, _: Sel, dragging_info: id) -> NSDragOperation {
     |                                                                      ^^

warning: use of deprecated type alias `cocoa::base::id`: use the objc2 crate instead
    --> src/window.rs:3694:70
     |
3694 | extern "C" fn dragging_updated(this: &Object, _: Sel, dragging_info: id) -> NSDragOperation {
     |                                                                      ^^

warning: use of deprecated type alias `cocoa::base::id`: use the objc2 crate instead
    --> src/window.rs:3709:57
     |
3709 | extern "C" fn dragging_exited(this: &Object, _: Sel, _: id) {
     |                                                         ^^

warning: use of deprecated type alias `cocoa::base::id`: use the objc2 crate instead
    --> src/window.rs:3714:76
     |
3714 | extern "C" fn perform_drag_operation(this: &Object, _: Sel, dragging_info: id) -> BOOL {
     |                                                                            ^^

warning: use of deprecated type alias `cocoa::base::id`: use the objc2 crate instead
    --> src/window.rs:3722:21
     |
3722 |     let pasteboard: id = unsafe { msg_send![dragging_info, draggingPasteboard] };
     |                     ^^

warning: use of deprecated constant `cocoa::base::nil`: use the objc2 crate instead
    --> src/window.rs:3724:21
     |
3724 |     if filenames == nil {
     |                     ^^^

warning: use of deprecated method `cocoa::foundation::NSString::UTF8String`: use the objc2-foundation crate instead
    --> src/window.rs:3729:31
     |
3729 |             let f = NSString::UTF8String(file);
     |                               ^^^^^^^^^^

warning: use of deprecated type alias `cocoa::base::id`: use the objc2 crate instead
    --> src/window.rs:3737:65
     |
3737 | extern "C" fn conclude_drag_operation(this: &Object, _: Sel, _: id) {
     |                                                                 ^^

warning: use of deprecated type alias `cocoa::base::id`: use the objc2 crate instead
    --> src/window.rs:3745:8
     |
3745 |     _: id,
     |        ^^

warning: use of deprecated type alias `cocoa::foundation::NSInteger`: use the objc2-foundation crate instead
    --> src/window.rs:3746:14
     |
3746 |     context: NSInteger,
     |              ^^^^^^^^^

warning: use of deprecated type alias `cocoa::base::id`: use the objc2 crate instead
    --> src/window.rs:3764:8
     |
3764 |     _: id,
     |        ^^

warning: use of deprecated struct `cocoa::foundation::NSPoint`: use the objc2-foundation crate instead
    --> src/window.rs:3765:8
     |
3765 |     _: NSPoint,
     |        ^^^^^^^

warning: use of deprecated type alias `cocoa::foundation::NSUInteger`: use the objc2-foundation crate instead
    --> src/window.rs:3780:75
     |
3780 | fn synthetic_drag_button_is_pressed(button: Option<MouseButton>, pressed: NSUInteger) -> bool {
     |                                                                           ^^^^^^^^^^

warning: use of deprecated type alias `cocoa::foundation::NSUInteger`: use the objc2-foundation crate instead
    --> src/window.rs:3809:22
     |
3809 |         let pressed: NSUInteger = unsafe { msg_send![class!(NSEvent), pressedMouseButtons] };
     |                      ^^^^^^^^^^

warning: use of deprecated type alias `cocoa::base::id`: use the objc2 crate instead
    --> src/window.rs:3849:77
     |
3849 | fn drag_event_position(window_state: &Mutex<MacWindowState>, dragging_info: id) -> Point<Pixels> {
     |                                                                             ^^

warning: use of deprecated struct `cocoa::foundation::NSPoint`: use the objc2-foundation crate instead
    --> src/window.rs:3850:24
     |
3850 |     let drag_location: NSPoint = unsafe { msg_send![dragging_info, draggingLocation] };
     |                        ^^^^^^^

warning: use of deprecated type alias `cocoa::base::id`: use the objc2 crate instead
    --> src/window.rs:3870:34
     |
3870 | fn display_id_for_screen(screen: id) -> Option<CGDirectDisplayID> {
     |                                  ^^

warning: use of deprecated type alias `cocoa::base::id`: use the objc2 crate instead
    --> src/window.rs:3877:32
     |
3877 |         let screen_number_key: id = ns_string("NSScreenNumber");
     |                                ^^

warning: use of deprecated type alias `cocoa::foundation::NSUInteger`: use the objc2-foundation crate instead
    --> src/window.rs:3879:28
     |
3879 |         let screen_number: NSUInteger = msg_send![screen_number, unsignedIntegerValue];
     |                            ^^^^^^^^^^

warning: use of deprecated struct `cocoa::foundation::NSRect`: use the objc2-foundation crate instead
    --> src/window.rs:3884:74
     |
3884 | extern "C" fn blurred_view_init_with_frame(this: &Object, _: Sel, frame: NSRect) -> id {
     |                                                                          ^^^^^^

warning: use of deprecated type alias `cocoa::base::id`: use the objc2 crate instead
    --> src/window.rs:3884:85
     |
3884 | extern "C" fn blurred_view_init_with_frame(this: &Object, _: Sel, frame: NSRect) -> id {
     |                                                                                     ^^

warning: use of deprecated type alias `cocoa::base::id`: use the objc2 crate instead
    --> src/window.rs:3898:20
     |
3898 |         let layer: id = msg_send![this, layer];
     |                    ^^

warning: use of deprecated type alias `cocoa::base::id`: use the objc2 crate instead
    --> src/window.rs:3905:42
     |
3905 | unsafe fn remove_layer_background(layer: id) {
     |                                          ^^

warning: use of deprecated constant `cocoa::base::nil`: use the objc2 crate instead
    --> src/window.rs:3907:57
     |
3907 |         let _: () = msg_send![layer, setBackgroundColor:nil];
     |                                                         ^^^

warning: use of deprecated type alias `cocoa::base::id`: use the objc2 crate instead
    --> src/window.rs:3909:25
     |
3909 |         let class_name: id = msg_send![layer, className];
     |                         ^^

warning: use of deprecated type alias `cocoa::base::id`: use the objc2 crate instead
    --> src/window.rs:3916:22
     |
3916 |         let filters: id = msg_send![layer, filters];
     |                      ^^

warning: use of deprecated type alias `cocoa::base::id`: use the objc2 crate instead
    --> src/window.rs:3923:30
     |
3923 |             let test_string: id = ns_string("Saturat");
     |                              ^^

warning: use of deprecated method `cocoa::foundation::NSArray::count`: use the objc2-foundation crate instead
    --> src/window.rs:3924:34
     |
3924 |             let count = NSArray::count(filters);
     |                                  ^^^^^

warning: use of deprecated type alias `cocoa::base::id`: use the objc2 crate instead
    --> src/window.rs:3926:34
     |
3926 |                 let description: id = msg_send![filters.objectAtIndex(i), description];
     |                                  ^^

warning: use of deprecated type alias `cocoa::base::id`: use the objc2 crate instead
    --> src/window.rs:3936:30
     |
3936 |                 let indices: id = msg_send![class!(NSMutableIndexSet), indexSet];
     |                              ^^

warning: use of deprecated type alias `cocoa::base::id`: use the objc2 crate instead
    --> src/window.rs:3939:31
     |
3939 |                 let filtered: id = msg_send![filters, objectsAtIndexes: indices];
     |                               ^^

warning: use of deprecated type alias `cocoa::base::id`: use the objc2 crate instead
    --> src/window.rs:3945:24
     |
3945 |         let sublayers: id = msg_send![layer, sublayers];
     |                        ^^

warning: use of deprecated method `cocoa::foundation::NSArray::count`: use the objc2-foundation crate instead
    --> src/window.rs:3947:34
     |
3947 |             let count = NSArray::count(sublayers);
     |                                  ^^^^^

warning: use of deprecated type alias `cocoa::base::id`: use the objc2 crate instead
    --> src/window.rs:3956:94
     |
3956 | extern "C" fn add_titlebar_accessory_view_controller(this: &Object, _: Sel, view_controller: id) {
     |                                                                                              ^^

warning: use of deprecated type alias `cocoa::base::id`: use the objc2 crate instead
    --> src/window.rs:3961:29
     |
3961 |         let accessory_view: id = msg_send![view_controller, view];
     |                             ^^

warning: use of deprecated struct `cocoa::foundation::NSRect`: use the objc2-foundation crate instead
    --> src/window.rs:3963:24
     |
3963 |         let mut frame: NSRect = msg_send![accessory_view, frame];
     |                        ^^^^^^

warning: use of deprecated type alias `cocoa::base::id`: use the objc2 crate instead
    --> src/window.rs:3969:64
     |
3969 | extern "C" fn move_tab_to_new_window(this: &Object, _: Sel, _: id) {
     |                                                                ^^

warning: use of deprecated constant `cocoa::base::nil`: use the objc2 crate instead
    --> src/window.rs:3971:81
     |
3971 |         let _: () = msg_send![super(this, class!(NSWindow)), moveTabToNewWindow:nil];
     |                                                                                 ^^^

warning: use of deprecated type alias `cocoa::base::id`: use the objc2 crate instead
    --> src/window.rs:3983:59
     |
3983 | extern "C" fn merge_all_windows(this: &Object, _: Sel, _: id) {
     |                                                           ^^

warning: use of deprecated constant `cocoa::base::nil`: use the objc2 crate instead
    --> src/window.rs:3985:78
     |
3985 |         let _: () = msg_send![super(this, class!(NSWindow)), mergeAllWindows:nil];
     |                                                                              ^^^

warning: use of deprecated type alias `cocoa::base::id`: use the objc2 crate instead
    --> src/window.rs:3997:62
     |
3997 | extern "C" fn select_next_tab(this: &Object, _sel: Sel, _id: id) {
     |                                                              ^^

warning: use of deprecated type alias `cocoa::base::id`: use the objc2 crate instead
    --> src/window.rs:4007:66
     |
4007 | extern "C" fn select_previous_tab(this: &Object, _sel: Sel, _id: id) {
     |                                                                  ^^

warning: use of deprecated type alias `cocoa::base::id`: use the objc2 crate instead
    --> src/window.rs:4017:61
     |
4017 | extern "C" fn toggle_tab_bar(this: &Object, _sel: Sel, _id: id) {
     |                                                             ^^

warning: use of deprecated constant `cocoa::base::nil`: use the objc2 crate instead
    --> src/window.rs:4019:75
     |
4019 |         let _: () = msg_send![super(this, class!(NSWindow)), toggleTabBar:nil];
     |                                                                           ^^^

warning: use of deprecated constant `cocoa::base::nil`: use the objc2 crate instead
   --> src/window.rs:902:26
    |
902 |             if screen == nil {
    |                          ^^^

warning: use of deprecated constant `cocoa::base::nil`: use the objc2 crate instead
   --> src/window.rs:921:22
    |
921 |         if screen == nil {
    |                      ^^^

warning: use of deprecated struct `cocoa::foundation::NSSize`: use the objc2-foundation crate instead
   --> src/window.rs:943:13
    |
943 |         let NSSize { width, height, .. } =
    |             ^^^^^^

warning: use of deprecated associated function `cocoa::foundation::NSAutoreleasePool::new`: use the objc2-foundation crate instead
    --> src/window.rs:1001:43
     |
1001 |             let pool = NSAutoreleasePool::new(nil);
     |                                           ^^^

warning: use of deprecated constant `cocoa::base::nil`: use the objc2 crate instead
    --> src/window.rs:1001:47
     |
1001 |             let pool = NSAutoreleasePool::new(nil);
     |                                               ^^^

warning: use of deprecated type alias `cocoa::base::id`: use the objc2 crate instead
    --> src/window.rs:1034:32
     |
1034 |             let native_window: id = match kind {
     |                                ^^

warning: use of deprecated constant `cocoa::base::nil`: use the objc2 crate instead
    --> src/window.rs:1057:37
     |
1057 |             let mut target_screen = nil;
     |                                     ^^^

warning: use of deprecated constant `cocoa::base::nil`: use the objc2 crate instead
    --> src/window.rs:1060:45
     |
1060 |             let screens = NSScreen::screens(nil);
     |                                             ^^^

warning: use of deprecated method `cocoa::foundation::NSArray::count`: use the objc2-foundation crate instead
    --> src/window.rs:1061:58
     |
1061 |             let count: u64 = cocoa::foundation::NSArray::count(screens);
     |                                                          ^^^^^

warning: use of deprecated method `cocoa::foundation::NSArray::objectAtIndex`: use the objc2-foundation crate instead
    --> src/window.rs:1063:58
     |
1063 |                 let screen = cocoa::foundation::NSArray::objectAtIndex(screens, i);
     |                                                          ^^^^^^^^^^^^^

warning: use of deprecated constant `cocoa::base::nil`: use the objc2 crate instead
    --> src/window.rs:1075:51
     |
1075 |                 let screen = NSScreen::mainScreen(nil);
     |                                                   ^^^

warning: use of deprecated struct `cocoa::foundation::NSRect`: use the objc2-foundation crate instead
    --> src/window.rs:1080:35
     |
1080 |             let mut window_rect = NSRect::new(
     |                                   ^^^^^^

warning: use of deprecated struct `cocoa::foundation::NSPoint`: use the objc2-foundation crate instead
    --> src/window.rs:1081:17
     |
1081 |                 NSPoint::new(
     |                 ^^^^^^^

warning: use of deprecated struct `cocoa::foundation::NSSize`: use the objc2-foundation crate instead
    --> src/window.rs:1086:17
     |
1086 |                 NSSize::new(
     |                 ^^^^^^

warning: use of deprecated struct `cocoa::foundation::NSRect`: use the objc2-foundation crate instead
    --> src/window.rs:1092:31
     |
1092 |                 window_rect = NSRect::new(
     |                               ^^^^^^

warning: use of deprecated struct `cocoa::foundation::NSPoint`: use the objc2-foundation crate instead
    --> src/window.rs:1093:21
     |
1093 |                     NSPoint::new(frame.origin.x, frame.origin.y + frame.size.height),
     |                     ^^^^^^^

warning: use of deprecated struct `cocoa::foundation::NSSize`: use the objc2-foundation crate instead
    --> src/window.rs:1094:21
     |
1094 |                     NSSize::new(frame.size.width, frame.size.height),
     |                     ^^^^^^

warning: use of deprecated associated function `cocoa::foundation::NSArray::arrayWithObject`: use the objc2-foundation crate instead
    --> src/window.rs:1112:30
     |
1112 |                     NSArray::arrayWithObject(nil, NSFilenamesPboardType)
     |                              ^^^^^^^^^^^^^^^

warning: use of deprecated constant `cocoa::base::nil`: use the objc2 crate instead
    --> src/window.rs:1112:46
     |
1112 |                     NSArray::arrayWithObject(nil, NSFilenamesPboardType)
     |                                              ^^^

warning: use of deprecated type alias `cocoa::base::id`: use the objc2 crate instead
    --> src/window.rs:1120:30
     |
1120 |             let native_view: id = msg_send![VIEW_CLASS, alloc];
     |                              ^^

warning: use of deprecated struct `cocoa::foundation::NSSize`: use the objc2-foundation crate instead
    --> src/window.rs:1206:50
     |
1206 |                 native_window.setContentMinSize_(NSSize {
     |                                                  ^^^^^^

warning: use of deprecated constant `cocoa::base::nil`: use the objc2 crate instead
    --> src/window.rs:1234:60
     |
1234 |             let app: id = NSApplication::sharedApplication(nil);
     |                                                            ^^^

warning: use of deprecated type alias `cocoa::base::id`: use the objc2 crate instead
    --> src/window.rs:1234:22
     |
1234 |             let app: id = NSApplication::sharedApplication(nil);
     |                      ^^

warning: use of deprecated type alias `cocoa::base::id`: use the objc2 crate instead
    --> src/window.rs:1235:30
     |
1235 |             let main_window: id = msg_send![app, mainWindow];
     |                              ^^

warning: use of deprecated constant `cocoa::base::nil`: use the objc2 crate instead
    --> src/window.rs:1258:83
     |
1258 |                         let _: () = msg_send![native_window, setTabbingIdentifier:nil];
     |                                                                                   ^^^

warning: use of deprecated type alias `cocoa::base::id`: use the objc2 crate instead
    --> src/window.rs:1280:47
     |
1280 | ...                   let active_sheet: id = msg_send![main_window, attachedSheet];
     |                                         ^^

warning: use of deprecated constant `cocoa::base::nil`: use the objc2 crate instead
    --> src/window.rs:1288:92
     |
1288 | ...                   msg_send![parent, beginSheet: native_window completionHandler: nil];
     |                                                                                      ^^^

warning: use of deprecated constant `cocoa::base::nil`: use the objc2 crate instead
    --> src/window.rs:1318:78
     |
1318 | ...                   let _: () = msg_send![native_window, orderFront: nil];
     |                                                                        ^^^

warning: use of deprecated constant `cocoa::base::nil`: use the objc2 crate instead
    --> src/window.rs:1341:53
     |
1341 |                 native_window.makeKeyAndOrderFront_(nil);
     |                                                     ^^^

warning: use of deprecated constant `cocoa::base::nil`: use the objc2 crate instead
    --> src/window.rs:1343:43
     |
1343 |                 native_window.orderFront_(nil);
     |                                           ^^^

warning: use of deprecated constant `cocoa::base::nil`: use the objc2 crate instead
    --> src/window.rs:1365:56
     |
1365 |             let app = NSApplication::sharedApplication(nil);
     |                                                        ^^^

warning: use of deprecated type alias `cocoa::base::id`: use the objc2 crate instead
    --> src/window.rs:1366:30
     |
1366 |             let main_window: id = msg_send![app, mainWindow];
     |                              ^^

warning: use of deprecated constant `cocoa::base::nil`: use the objc2 crate instead
    --> src/window.rs:1382:56
     |
1382 |             let app = NSApplication::sharedApplication(nil);
     |                                                        ^^^

warning: use of deprecated type alias `cocoa::base::id`: use the objc2 crate instead
    --> src/window.rs:1383:26
     |
1383 |             let windows: id = msg_send![app, orderedWindows];
     |                          ^^

warning: use of deprecated type alias `cocoa::foundation::NSUInteger`: use the objc2-foundation crate instead
    --> src/window.rs:1384:24
     |
1384 |             let count: NSUInteger = msg_send![windows, count];
     |                        ^^^^^^^^^^

warning: use of deprecated type alias `cocoa::base::id`: use the objc2 crate instead
    --> src/window.rs:1388:29
     |
1388 |                 let window: id = msg_send![windows, objectAtIndex:i];
     |                             ^^

warning: use of deprecated associated function `cocoa::foundation::NSUserDefaults::standardUserDefaults`: use the objc2-foundation crate instead
    --> src/window.rs:1401:48
     |
1401 |             let defaults: id = NSUserDefaults::standardUserDefaults();
     |                                                ^^^^^^^^^^^^^^^^^^^^

warning: use of deprecated type alias `cocoa::base::id`: use the objc2 crate instead
    --> src/window.rs:1401:27
     |
1401 |             let defaults: id = NSUserDefaults::standardUserDefaults();
     |                           ^^

warning: use of deprecated type alias `cocoa::base::id`: use the objc2 crate instead
    --> src/window.rs:1405:23
     |
1405 |             let dict: id = msg_send![defaults, persistentDomainForName: domain];
     |                       ^^

warning: use of deprecated constant `cocoa::base::nil`: use the objc2 crate instead
    --> src/window.rs:1409:17
     |
1409 |                 nil
     |                 ^^^

warning: use of deprecated type alias `cocoa::base::id`: use the objc2 crate instead
    --> src/window.rs:1406:24
     |
1406 |             let value: id = if !dict.is_null() {
     |                        ^^

warning: use of deprecated method `cocoa::foundation::NSString::UTF8String`: use the objc2-foundation crate instead
    --> src/window.rs:1413:42
     |
1413 |                 CStr::from_ptr(NSString::UTF8String(value)).to_string_lossy()
     |                                          ^^^^^^^^^^

warning: use of deprecated constant `cocoa::base::nil`: use the objc2 crate instead
    --> src/window.rs:1444:45
     |
1444 |             this.native_window.setDelegate_(nil);
     |                                             ^^^

warning: use of deprecated struct `cocoa::foundation::NSSize`: use the objc2-foundation crate instead
    --> src/window.rs:1504:44
     |
1504 |                     window.setContentSize_(NSSize {
     |                                            ^^^^^^

warning: use of deprecated constant `cocoa::base::nil`: use the objc2 crate instead
    --> src/window.rs:1547:68
     |
1547 |             let _: () = msg_send![native_window, toggleTabOverview:nil];
     |                                                                    ^^^

warning: use of deprecated constant `cocoa::base::nil`: use the objc2 crate instead
    --> src/window.rs:1565:75
     |
1565 |                 let _: () = msg_send![native_window, setTabbingIdentifier:nil];
     |                                                                           ^^^

warning: use of deprecated type alias `cocoa::base::id`: use the objc2 crate instead
    --> src/window.rs:1583:27
     |
1583 |             let archiver: id = msg_send![class!(NSKeyedArchiver), alloc];
     |                           ^^

warning: use of deprecated type alias `cocoa::base::id`: use the objc2 crate instead
    --> src/window.rs:1584:27
     |
1584 |             let archiver: id = msg_send![archiver, initRequiringSecureCoding: YES];
     |                           ^^

warning: use of deprecated type alias `cocoa::base::id`: use the objc2 crate instead
    --> src/window.rs:1589:27
     |
1589 |             let delegate: id = msg_send![WINDOW_STATE_ARCHIVER_DELEGATE_CLASS, new];
     |                           ^^

warning: use of deprecated constant `cocoa::base::nil`: use the objc2 crate instead
    --> src/window.rs:1595:58
     |
1595 |             let _: () = msg_send![archiver, setDelegate: nil];
     |                                                          ^^^

warning: use of deprecated type alias `cocoa::base::id`: use the objc2 crate instead
    --> src/window.rs:1597:23
     |
1597 |             let data: id = msg_send![archiver, encodedData];
     |                       ^^

warning: use of deprecated associated function `cocoa::foundation::NSData::dataWithBytes_length_`: use the objc2-foundation crate instead
    --> src/window.rs:1626:32
     |
1626 |             let data = NSData::dataWithBytes_length_(
     |                                ^^^^^^^^^^^^^^^^^^^^^

warning: use of deprecated constant `cocoa::base::nil`: use the objc2 crate instead
    --> src/window.rs:1627:17
     |
1627 |                 nil,
     |                 ^^^

warning: use of deprecated struct `cocoa::foundation::NSOperatingSystemVersion`: use the objc2-foundation crate instead
    --> src/window.rs:1643:43
     |
1643 |             if !is_macos_version_at_least(NSOperatingSystemVersion::new(15, 0, 0)) {
     |                                           ^^^^^^^^^^^^^^^^^^^^^^^^

warning: use of deprecated associated function `cocoa::foundation::NSUserDefaults::standardUserDefaults`: use the objc2-foundation crate instead
    --> src/window.rs:1645:56
     |
1645 |                     let defaults: id = NSUserDefaults::standardUserDefaults();
     |                                                        ^^^^^^^^^^^^^^^^^^^^

warning: use of deprecated type alias `cocoa::base::id`: use the objc2 crate instead
    --> src/window.rs:1645:35
     |
1645 |                     let defaults: id = NSUserDefaults::standardUserDefaults();
     |                                   ^^

warning: use of deprecated type alias `cocoa::base::id`: use the objc2 crate instead
    --> src/window.rs:1647:36
     |
1647 |                     let yes_value: id = msg_send![class!(NSNumber), numberWithBool: YES];
     |                                    ^^

warning: use of deprecated type alias `cocoa::base::id`: use the objc2 crate instead
    --> src/window.rs:1648:31
     |
1648 |                     let dict: id = msg_send![
     |                               ^^

warning: use of deprecated type alias `cocoa::base::id`: use the objc2 crate instead
    --> src/window.rs:1657:29
     |
1657 |             let unarchiver: id = msg_send![WINDOW_STATE_UNARCHIVER_CLASS, alloc];
     |                             ^^

warning: use of deprecated constant `cocoa::base::nil`: use the objc2 crate instead
    --> src/window.rs:1658:33
     |
1658 |             let mut error: id = nil;
     |                                 ^^^

warning: use of deprecated type alias `cocoa::base::id`: use the objc2 crate instead
    --> src/window.rs:1658:28
     |
1658 |             let mut error: id = nil;
     |                            ^^

warning: use of deprecated type alias `cocoa::base::id`: use the objc2 crate instead
    --> src/window.rs:1659:29
     |
1659 |             let unarchiver: id =
     |                             ^^

warning: use of deprecated type alias `cocoa::base::id`: use the objc2 crate instead
    --> src/window.rs:1669:24
     |
1669 |             let error: id = msg_send![unarchiver, error];
     |                        ^^

warning: use of deprecated type alias `cocoa::base::id`: use the objc2 crate instead
    --> src/window.rs:1692:29
     |
1692 |             let appearance: id = msg_send![self.0.lock().native_window, effectiveAppearance];
     |                             ^^

warning: use of deprecated type alias `cocoa::base::id`: use the objc2 crate instead
    --> src/window.rs:1703:37
     |
1703 |             let device_description: id = msg_send![screen, deviceDescription];
     |                                     ^^

warning: use of deprecated method `cocoa::foundation::NSDictionary::valueForKey_`: use the objc2-foundation crate instead
    --> src/window.rs:1705:31
     |
1705 |                 NSDictionary::valueForKey_(device_description, ns_string("NSScreenNumber"));
     |                               ^^^^^^^^^^^^

warning: use of deprecated type alias `cocoa::base::id`: use the objc2 crate instead
    --> src/window.rs:1704:32
     |
1704 |             let screen_number: id =
     |                                ^^

warning: use of deprecated constant `cocoa::base::nil`: use the objc2 crate instead
    --> src/window.rs:1872:77
     |
1872 |                         let _: () = msg_send![window, makeKeyAndOrderFront: nil];
     |                                                                             ^^^

warning: use of deprecated constant `cocoa::base::nil`: use the objc2 crate instead
    --> src/window.rs:1888:64
     |
1888 |                     let app = NSApplication::sharedApplication(nil);
     |                                                                ^^^

warning: use of deprecated constant `cocoa::base::nil`: use the objc2 crate instead
    --> src/window.rs:1910:56
     |
1910 |             let app = NSApplication::sharedApplication(nil);
     |                                                        ^^^

warning: use of deprecated type alias `cocoa::base::id`: use the objc2 crate instead
    --> src/window.rs:1921:24
     |
1921 |             let title: id = msg_send![self.0.lock().native_window, title];
     |                        ^^

warning: use of deprecated constant `cocoa::base::nil`: use the objc2 crate instead
    --> src/window.rs:1942:61
     |
1942 |                 NSColor::colorWithSRGBRed_green_blue_alpha_(nil, 0f64, 0f64, 0f64, 1f64)
     |                                                             ^^^

warning: use of deprecated constant `cocoa::base::nil`: use the objc2 crate instead
    --> src/window.rs:1945:61
     |
1945 |                 NSColor::colorWithSRGBRed_green_blue_alpha_(nil, 0f64, 0f64, 0f64, 0.0001)
     |                                                             ^^^

warning: use of deprecated type alias `cocoa::base::id`: use the objc2 crate instead
    --> src/window.rs:1957:36
     |
1957 |                 let mut blur_view: id = msg_send![BLURRED_VIEW_CLASS, alloc];
     |                                    ^^

warning: use of deprecated constant `cocoa::base::nil`: use the objc2 crate instead
    --> src/window.rs:1965:33
     |
1965 |                     relativeTo: nil
     |                                 ^^^

warning: use of deprecated constant `cocoa::base::nil`: use the objc2 crate instead
    --> src/window.rs:2009:64
     |
2009 |                     let app = NSApplication::sharedApplication(nil);
     |                                                                ^^^

warning: use of deprecated constant `cocoa::base::nil`: use the objc2 crate instead
    --> src/window.rs:2019:33
     |
2019 |             window.miniaturize_(nil);
     |                                 ^^^

warning: use of deprecated constant `cocoa::base::nil`: use the objc2 crate instead
    --> src/window.rs:2030:34
     |
2030 |                     window.zoom_(nil);
     |                                  ^^^

warning: use of deprecated constant `cocoa::base::nil`: use the objc2 crate instead
    --> src/window.rs:2043:46
     |
2043 |                     window.toggleFullScreen_(nil);
     |                                              ^^^

warning: use of deprecated type alias `cocoa::base::id`: use the objc2 crate instead
    --> src/window.rs:2062:58
     |
2062 | ...                   lock.native_view.as_ptr() as id,
     |                                                    ^^

warning: use of deprecated type alias `cocoa::base::id`: use the objc2 crate instead
    --> src/window.rs:2134:26
     |
2134 |             let windows: id = msg_send![self.0.lock().native_window, tabbedWindows];
     |                          ^^

warning: use of deprecated type alias `cocoa::foundation::NSUInteger`: use the objc2-foundation crate instead
    --> src/window.rs:2139:24
     |
2139 |             let count: NSUInteger = msg_send![windows, count];
     |                        ^^^^^^^^^^

warning: use of deprecated type alias `cocoa::base::id`: use the objc2 crate instead
    --> src/window.rs:2142:29
     |
2142 |                 let window: id = msg_send![windows, objectAtIndex:i];
     |                             ^^

warning: use of deprecated type alias `cocoa::base::id`: use the objc2 crate instead
    --> src/window.rs:2145:32
     |
2145 |                     let title: id = msg_send![window, title];
     |                                ^^

warning: use of deprecated type alias `cocoa::base::id`: use the objc2 crate instead
    --> src/window.rs:2158:28
     |
2158 |             let tab_group: id = msg_send![self.0.lock().native_window, tabGroup];
     |                            ^^

warning: use of deprecated type alias `cocoa::base::id`: use the objc2 crate instead
    --> src/window.rs:2206:40
     |
2206 |                     let input_context: id =
     |                                        ^^

warning: use of deprecated associated function `cocoa::foundation::NSUserDefaults::standardUserDefaults`: use the objc2-foundation crate instead
    --> src/window.rs:2228:60
     |
2228 |                         let defaults: id = NSUserDefaults::standardUserDefaults();
     |                                                            ^^^^^^^^^^^^^^^^^^^^

warning: use of deprecated type alias `cocoa::base::id`: use the objc2 crate instead
    --> src/window.rs:2228:39
     |
2228 |                         let defaults: id = NSUserDefaults::standardUserDefaults();
     |                                       ^^

warning: use of deprecated type alias `cocoa::base::id`: use the objc2 crate instead
    --> src/window.rs:2232:35
     |
2232 |                         let dict: id = msg_send![defaults, persistentDomainForName: domain];
     |                                   ^^

warning: use of deprecated constant `cocoa::base::nil`: use the objc2 crate instead
    --> src/window.rs:2236:29
     |
2236 | ...                   nil
     |                       ^^^

warning: use of deprecated type alias `cocoa::base::id`: use the objc2 crate instead
    --> src/window.rs:2233:37
     |
2233 |                         let action: id = if !dict.is_null() {
     |                                     ^^

warning: use of deprecated method `cocoa::foundation::NSString::UTF8String`: use the objc2-foundation crate instead
    --> src/window.rs:2240:54
     |
2240 | ...                   CStr::from_ptr(NSString::UTF8String(action)).to_string_lossy()
     |                                                ^^^^^^^^^^

warning: use of deprecated constant `cocoa::base::nil`: use the objc2 crate instead
    --> src/window.rs:2251:57
     |
2251 | ...                   window.miniaturize_(nil);
     |                                           ^^^

warning: use of deprecated constant `cocoa::base::nil`: use the objc2 crate instead
    --> src/window.rs:2256:50
     |
2256 | ...                   window.zoom_(nil);
     |                                    ^^^

warning: use of deprecated constant `cocoa::base::nil`: use the objc2 crate instead
    --> src/window.rs:2266:82
     |
2266 | ...                   let _: () = msg_send![window, _zoomFill: nil];
     |                                                                ^^^

warning: use of deprecated constant `cocoa::base::nil`: use the objc2 crate instead
    --> src/window.rs:2268:54
     |
2268 | ...                   window.zoom_(nil);
     |                                    ^^^

warning: use of deprecated constant `cocoa::base::nil`: use the objc2 crate instead
    --> src/window.rs:2274:50
     |
2274 | ...                   window.zoom_(nil);
     |                                    ^^^

warning: use of deprecated constant `cocoa::base::nil`: use the objc2 crate instead
    --> src/window.rs:2292:56
     |
2292 |             let app = NSApplication::sharedApplication(nil);
     |                                                        ^^^

warning: use of deprecated type alias `cocoa::base::id`: use the objc2 crate instead
    --> src/window.rs:2293:24
     |
2293 |             let event: id = msg_send![app, currentEvent];
     |                        ^^

warning: use of deprecated type alias `cocoa::base::id`: use the objc2 crate instead
    --> src/window.rs:2329:24
     |
2329 |             let event: id = Retained::as_ptr(&last_left_mouse_down_event)
     |                        ^^

warning: use of deprecated type alias `cocoa::base::id`: use the objc2 crate instead
    --> src/window.rs:2332:33
     |
2332 |             let dragging_items: id = msg_send![class!(NSMutableArray), array];
     |                                 ^^

warning: use of deprecated struct `cocoa::foundation::NSPoint`: use the objc2-foundation crate instead
    --> src/window.rs:2335:46
     |
2335 |             let location: cocoa::foundation::NSPoint = msg_send![event, locationInWindow];
     |                                              ^^^^^^^

warning: use of deprecated type alias `cocoa::foundation::NSUInteger`: use the objc2-foundation crate instead
    --> src/window.rs:2395:24
     |
2395 |             let count: NSUInteger = msg_send![dragging_items, count];
     |                        ^^^^^^^^^^

warning: use of deprecated type alias `cocoa::base::id`: use the objc2 crate instead
    --> src/window.rs:2401:26
     |
2401 |             let session: id = msg_send![
     |                          ^^

warning: use of deprecated type alias `cocoa::base::id`: use the objc2 crate instead
 --> src/window_appearance.rs:3:11
  |
3 |     base::id,
  |           ^^

warning: use of deprecated trait `cocoa::foundation::NSString`: use the objc2-foundation crate instead
 --> src/window_appearance.rs:4:17
  |
4 |     foundation::NSString,
  |                 ^^^^^^^^

warning: use of deprecated type alias `cocoa::base::id`: use the objc2 crate instead
  --> src/window_appearance.rs:10:64
   |
10 | pub(crate) unsafe fn window_appearance_from_native(appearance: id) -> WindowAppearance {
   |                                                                ^^

warning: use of deprecated type alias `cocoa::base::id`: use the objc2 crate instead
  --> src/window_appearance.rs:11:15
   |
11 |     let name: id = msg_send![appearance, name];
   |               ^^

warning: use of deprecated type alias `cocoa::base::id`: use the objc2 crate instead
  --> src/window_appearance.rs:33:38
   |
33 |     pub static NSAppearanceNameAqua: id;
   |                                      ^^

warning: use of deprecated type alias `cocoa::base::id`: use the objc2 crate instead
  --> src/window_appearance.rs:34:42
   |
34 |     pub static NSAppearanceNameDarkAqua: id;
   |                                          ^^

warning: use of deprecated method `cocoa::foundation::NSDictionary::objectForKey_`: use the objc2-foundation crate instead
  --> src/display.rs:41:52
   |
41 |             let screen_number = device_description.objectForKey_(screen_number_key);
   |                                                    ^^^^^^^^^^^^^

warning: use of deprecated field `cocoa::foundation::NSRect::size`: use the objc2-foundation crate instead
   --> src/display.rs:134:17
    |
134 |                 screen_frame.size.height - visible_frame.origin.y - visible_frame.size.height
    |                 ^^^^^^^^^^^^^^^^^

warning: use of deprecated field `cocoa::foundation::NSSize::height`: use the objc2-foundation crate instead
   --> src/display.rs:134:17
    |
134 |                 screen_frame.size.height - visible_frame.origin.y - visible_frame.size.height
    |                 ^^^^^^^^^^^^^^^^^^^^^^^^

warning: use of deprecated field `cocoa::foundation::NSRect::origin`: use the objc2-foundation crate instead
   --> src/display.rs:134:44
    |
134 |                 screen_frame.size.height - visible_frame.origin.y - visible_frame.size.height
    |                                            ^^^^^^^^^^^^^^^^^^^^

warning: use of deprecated field `cocoa::foundation::NSPoint::y`: use the objc2-foundation crate instead
   --> src/display.rs:134:44
    |
134 |                 screen_frame.size.height - visible_frame.origin.y - visible_frame.size.height
    |                                            ^^^^^^^^^^^^^^^^^^^^^^

warning: use of deprecated field `cocoa::foundation::NSRect::size`: use the objc2-foundation crate instead
   --> src/display.rs:134:69
    |
134 |                 screen_frame.size.height - visible_frame.origin.y - visible_frame.size.height
    |                                                                     ^^^^^^^^^^^^^^^^^^

warning: use of deprecated field `cocoa::foundation::NSSize::height`: use the objc2-foundation crate instead
   --> src/display.rs:134:69
    |
134 |                 screen_frame.size.height - visible_frame.origin.y - visible_frame.size.height
    |                                                                     ^^^^^^^^^^^^^^^^^^^^^^^^^

warning: use of deprecated field `cocoa::foundation::NSRect::origin`: use the objc2-foundation crate instead
   --> src/display.rs:135:23
    |
135 |                     + screen_frame.origin.y;
    |                       ^^^^^^^^^^^^^^^^^^^

warning: use of deprecated field `cocoa::foundation::NSPoint::y`: use the objc2-foundation crate instead
   --> src/display.rs:135:23
    |
135 |                     + screen_frame.origin.y;
    |                       ^^^^^^^^^^^^^^^^^^^^^

warning: use of deprecated field `cocoa::foundation::NSRect::origin`: use the objc2-foundation crate instead
   --> src/display.rs:139:24
    |
139 |                     px(visible_frame.origin.x as f32 - screen_frame.origin.x as f32),
    |                        ^^^^^^^^^^^^^^^^^^^^

warning: use of deprecated field `cocoa::foundation::NSPoint::x`: use the objc2-foundation crate instead
   --> src/display.rs:139:24
    |
139 |                     px(visible_frame.origin.x as f32 - screen_frame.origin.x as f32),
    |                        ^^^^^^^^^^^^^^^^^^^^^^

warning: use of deprecated field `cocoa::foundation::NSRect::origin`: use the objc2-foundation crate instead
   --> src/display.rs:139:56
    |
139 |                     px(visible_frame.origin.x as f32 - screen_frame.origin.x as f32),
    |                                                        ^^^^^^^^^^^^^^^^^^^

warning: use of deprecated field `cocoa::foundation::NSPoint::x`: use the objc2-foundation crate instead
   --> src/display.rs:139:56
    |
139 |                     px(visible_frame.origin.x as f32 - screen_frame.origin.x as f32),
    |                                                        ^^^^^^^^^^^^^^^^^^^^^

warning: use of deprecated field `cocoa::foundation::NSRect::size`: use the objc2-foundation crate instead
   --> src/display.rs:143:24
    |
143 |                     px(visible_frame.size.width as f32),
    |                        ^^^^^^^^^^^^^^^^^^

warning: use of deprecated field `cocoa::foundation::NSSize::width`: use the objc2-foundation crate instead
   --> src/display.rs:143:24
    |
143 |                     px(visible_frame.size.width as f32),
    |                        ^^^^^^^^^^^^^^^^^^^^^^^^

warning: use of deprecated field `cocoa::foundation::NSRect::size`: use the objc2-foundation crate instead
   --> src/display.rs:144:24
    |
144 |                     px(visible_frame.size.height as f32),
    |                        ^^^^^^^^^^^^^^^^^^

warning: use of deprecated field `cocoa::foundation::NSSize::height`: use the objc2-foundation crate instead
   --> src/display.rs:144:24
    |
144 |                     px(visible_frame.size.height as f32),
    |                        ^^^^^^^^^^^^^^^^^^^^^^^^^

warning: use of deprecated method `cocoa::foundation::NSDictionary::objectForKey_`: use the objc2-foundation crate instead
   --> src/display.rs:161:61
    |
161 |             let screen_number = unsafe { device_description.objectForKey_(screen_number_key) };
    |                                                             ^^^^^^^^^^^^^

warning: use of deprecated field `cocoa::foundation::NSPoint::x`: use the objc2-foundation crate instead
   --> src/events.rs:155:32
    |
155 | ...                   px(native_event.locationInWindow().x as f32),
    |                          ^^^^^^^^^^^^^^^^^^^^^^^^^^^^^^^^^

warning: use of deprecated field `cocoa::foundation::NSPoint::y`: use the objc2-foundation crate instead
   --> src/events.rs:157:48
    |
157 | ...                   window_height - px(native_event.locationInWindow().y as f32),
    |                                          ^^^^^^^^^^^^^^^^^^^^^^^^^^^^^^^^^

warning: use of deprecated field `cocoa::foundation::NSPoint::x`: use the objc2-foundation crate instead
   --> src/events.rs:182:32
    |
182 | ...                   px(native_event.locationInWindow().x as f32),
    |                          ^^^^^^^^^^^^^^^^^^^^^^^^^^^^^^^^^

warning: use of deprecated field `cocoa::foundation::NSPoint::y`: use the objc2-foundation crate instead
   --> src/events.rs:183:48
    |
183 | ...                   window_height - px(native_event.locationInWindow().y as f32),
    |                                          ^^^^^^^^^^^^^^^^^^^^^^^^^^^^^^^^^

warning: use of deprecated field `cocoa::foundation::NSPoint::x`: use the objc2-foundation crate instead
   --> src/events.rs:204:32
    |
204 | ...                   px(native_event.locationInWindow().x as f32),
    |                          ^^^^^^^^^^^^^^^^^^^^^^^^^^^^^^^^^

warning: use of deprecated field `cocoa::foundation::NSPoint::y`: use the objc2-foundation crate instead
   --> src/events.rs:205:48
    |
205 | ...                   window_height - px(native_event.locationInWindow().y as f32),
    |                                          ^^^^^^^^^^^^^^^^^^^^^^^^^^^^^^^^^

warning: use of deprecated field `cocoa::foundation::NSPoint::x`: use the objc2-foundation crate instead
   --> src/events.rs:226:36
    |
226 | ...                   px(native_event.locationInWindow().x as f32),
    |                          ^^^^^^^^^^^^^^^^^^^^^^^^^^^^^^^^^

warning: use of deprecated field `cocoa::foundation::NSPoint::y`: use the objc2-foundation crate instead
   --> src/events.rs:227:52
    |
227 | ...                   window_height - px(native_event.locationInWindow().y as f32),
    |                                          ^^^^^^^^^^^^^^^^^^^^^^^^^^^^^^^^^

warning: use of deprecated field `cocoa::foundation::NSPoint::x`: use the objc2-foundation crate instead
   --> src/events.rs:250:28
    |
250 |                         px(native_event.locationInWindow().x as f32),
    |                            ^^^^^^^^^^^^^^^^^^^^^^^^^^^^^^^^^

warning: use of deprecated field `cocoa::foundation::NSPoint::y`: use the objc2-foundation crate instead
   --> src/events.rs:251:44
    |
251 |                         window_height - px(native_event.locationInWindow().y as f32),
    |                                            ^^^^^^^^^^^^^^^^^^^^^^^^^^^^^^^^^

warning: use of deprecated field `cocoa::foundation::NSPoint::x`: use the objc2-foundation crate instead
   --> src/events.rs:280:28
    |
280 |                         px(native_event.locationInWindow().x as f32),
    |                            ^^^^^^^^^^^^^^^^^^^^^^^^^^^^^^^^^

warning: use of deprecated field `cocoa::foundation::NSPoint::y`: use the objc2-foundation crate instead
   --> src/events.rs:281:44
    |
281 |                         window_height - px(native_event.locationInWindow().y as f32),
    |                                            ^^^^^^^^^^^^^^^^^^^^^^^^^^^^^^^^^

warning: use of deprecated field `cocoa::foundation::NSPoint::x`: use the objc2-foundation crate instead
   --> src/events.rs:305:32
    |
305 | ...                   px(native_event.locationInWindow().x as f32),
    |                          ^^^^^^^^^^^^^^^^^^^^^^^^^^^^^^^^^

warning: use of deprecated field `cocoa::foundation::NSPoint::y`: use the objc2-foundation crate instead
   --> src/events.rs:306:48
    |
306 | ...                   window_height - px(native_event.locationInWindow().y as f32),
    |                                          ^^^^^^^^^^^^^^^^^^^^^^^^^^^^^^^^^

warning: use of deprecated field `cocoa::foundation::NSPoint::x`: use the objc2-foundation crate instead
   --> src/events.rs:315:28
    |
315 |                         px(native_event.locationInWindow().x as f32),
    |                            ^^^^^^^^^^^^^^^^^^^^^^^^^^^^^^^^^

warning: use of deprecated field `cocoa::foundation::NSPoint::y`: use the objc2-foundation crate instead
   --> src/events.rs:316:44
    |
316 |                         window_height - px(native_event.locationInWindow().y as f32),
    |                                            ^^^^^^^^^^^^^^^^^^^^^^^^^^^^^^^^^

warning: use of deprecated field `cocoa::foundation::NSPoint::x`: use the objc2-foundation crate instead
   --> src/events.rs:325:28
    |
325 |                         px(native_event.locationInWindow().x as f32),
    |                            ^^^^^^^^^^^^^^^^^^^^^^^^^^^^^^^^^

warning: use of deprecated field `cocoa::foundation::NSPoint::y`: use the objc2-foundation crate instead
   --> src/events.rs:326:44
    |
326 |                         window_height - px(native_event.locationInWindow().y as f32),
    |                                            ^^^^^^^^^^^^^^^^^^^^^^^^^^^^^^^^^

warning: use of deprecated method `cocoa::foundation::NSFastEnumeration::iter`: use the objc2-foundation crate instead
  --> src/pasteboard.rs:58:39
   |
58 |                 for file in filenames.iter() {
   |                                       ^^^^

warning: use of deprecated method `cocoa::foundation::NSData::bytes`: use the objc2-foundation crate instead
   --> src/pasteboard.rs:149:28
    |
149 |             } else if data.bytes().is_null() {
    |                            ^^^^^

warning: use of deprecated method `cocoa::foundation::NSData::bytes`: use the objc2-foundation crate instead
   --> src/pasteboard.rs:153:48
    |
153 |                     slice::from_raw_parts(data.bytes() as *mut u8, data.length() as usize).to_vec(),
    |                                                ^^^^^

warning: use of deprecated method `cocoa::foundation::NSData::length`: use the objc2-foundation crate instead
   --> src/pasteboard.rs:153:73
    |
153 |                     slice::from_raw_parts(data.bytes() as *mut u8, data.length() as usize).to_vec(),
    |                                                                         ^^^^^^

warning: use of deprecated method `cocoa::foundation::NSAutoreleasePool::autorelease`: use the objc2-foundation crate instead
   --> src/platform.rs:268:53
    |
268 |             let application_menu = NSMenu::new(nil).autorelease();
    |                                                     ^^^^^^^^^^^

warning: use of deprecated method `cocoa::foundation::NSAutoreleasePool::autorelease`: use the objc2-foundation crate instead
   --> src/platform.rs:272:45
    |
272 |                 let menu = NSMenu::new(nil).autorelease();
    |                                             ^^^^^^^^^^^

warning: use of deprecated method `cocoa::foundation::NSAutoreleasePool::autorelease`: use the objc2-foundation crate instead
   --> src/platform.rs:286:54
    |
286 |                 let menu_item = NSMenuItem::new(nil).autorelease();
    |                                                      ^^^^^^^^^^^

warning: use of deprecated method `cocoa::foundation::NSAutoreleasePool::autorelease`: use the objc2-foundation crate instead
   --> src/platform.rs:411:34
    |
411 | ...                   .autorelease();
    |                        ^^^^^^^^^^^

warning: use of deprecated method `cocoa::foundation::NSAutoreleasePool::autorelease`: use the objc2-foundation crate instead
   --> src/platform.rs:423:34
    |
423 | ...                   .autorelease();
    |                        ^^^^^^^^^^^

warning: use of deprecated method `cocoa::foundation::NSAutoreleasePool::autorelease`: use the objc2-foundation crate instead
   --> src/platform.rs:432:30
    |
432 | ...                   .autorelease();
    |                        ^^^^^^^^^^^

warning: use of deprecated method `cocoa::foundation::NSAutoreleasePool::autorelease`: use the objc2-foundation crate instead
   --> src/platform.rs:450:53
    |
450 |                     let item = NSMenuItem::new(nil).autorelease();
    |                                                     ^^^^^^^^^^^

warning: use of deprecated method `cocoa::foundation::NSAutoreleasePool::autorelease`: use the objc2-foundation crate instead
   --> src/platform.rs:451:52
    |
451 |                     let submenu = NSMenu::new(nil).autorelease();
    |                                                    ^^^^^^^^^^^

warning: use of deprecated method `cocoa::foundation::NSAutoreleasePool::autorelease`: use the objc2-foundation crate instead
   --> src/platform.rs:462:53
    |
462 |                     let item = NSMenuItem::new(nil).autorelease();
    |                                                     ^^^^^^^^^^^

warning: use of deprecated method `cocoa::foundation::NSAutoreleasePool::autorelease`: use the objc2-foundation crate instead
   --> src/platform.rs:463:52
    |
463 |                     let submenu = NSMenu::new(nil).autorelease();
    |                                                    ^^^^^^^^^^^

warning: use of deprecated method `cocoa::foundation::NSProcessInfo::operatingSystemVersion`: use the objc2-foundation crate instead
   --> src/platform.rs:484:26
    |
484 |             process_info.operatingSystemVersion()
    |                          ^^^^^^^^^^^^^^^^^^^^^^

warning: use of deprecated field `cocoa::foundation::NSOperatingSystemVersion::majorVersion`: use the objc2-foundation crate instead
   --> src/platform.rs:487:13
    |
487 |             version.majorVersion,
    |             ^^^^^^^^^^^^^^^^^^^^

warning: use of deprecated field `cocoa::foundation::NSOperatingSystemVersion::minorVersion`: use the objc2-foundation crate instead
   --> src/platform.rs:488:13
    |
488 |             version.minorVersion,
    |             ^^^^^^^^^^^^^^^^^^^^

warning: use of deprecated field `cocoa::foundation::NSOperatingSystemVersion::patchVersion`: use the objc2-foundation crate instead
   --> src/platform.rs:489:13
    |
489 |             version.patchVersion,
    |             ^^^^^^^^^^^^^^^^^^^^

warning: use of deprecated method `cocoa::foundation::NSAutoreleasePool::drain`: use the objc2-foundation crate instead
   --> src/platform.rs:551:18
    |
551 |             pool.drain();
    |                  ^^^^^

warning: use of deprecated method `cocoa::foundation::NSURL::initWithString_`: use the objc2-foundation crate instead
   --> src/platform.rs:746:44
    |
746 |             let ns_url = NSURL::alloc(nil).initWithString_(ns_string(url));
    |                                            ^^^^^^^^^^^^^^^

warning: use of deprecated method `cocoa::foundation::NSAutoreleasePool::autorelease`: use the objc2-foundation crate instead
   --> src/platform.rs:751:30
    |
751 |             let url = ns_url.autorelease();
    |                              ^^^^^^^^^^^

warning: use of deprecated method `cocoa::foundation::NSString::UTF8String`: use the objc2-foundation crate instead
    --> src/platform.rs:1282:31
     |
1282 |     let bytes = unsafe { path.UTF8String() as *const u8 };
     |                               ^^^^^^^^^^

warning: use of deprecated method `cocoa::foundation::NSArray::count`: use the objc2-foundation crate instead
    --> src/platform.rs:1485:18
     |
1485 |         (0..urls.count())
     |                  ^^^^^

warning: use of deprecated method `cocoa::foundation::NSArray::objectAtIndex`: use the objc2-foundation crate instead
    --> src/platform.rs:1487:32
     |
1487 |                 let url = urls.objectAtIndex(i);
     |                                ^^^^^^^^^^^^^

warning: use of deprecated method `cocoa::foundation::NSURL::absoluteString`: use the objc2-foundation crate instead
    --> src/platform.rs:1488:42
     |
1488 |                 match CStr::from_ptr(url.absoluteString().UTF8String() as *mut c_char).to_str() {
     |                                          ^^^^^^^^^^^^^^

warning: use of deprecated method `cocoa::foundation::NSString::UTF8String`: use the objc2-foundation crate instead
    --> src/platform.rs:1488:59
     |
1488 |                 match CStr::from_ptr(url.absoluteString().UTF8String() as *mut c_char).to_str() {
     |                                                           ^^^^^^^^^^

warning: use of deprecated method `cocoa::foundation::NSURL::absoluteString`: use the objc2-foundation crate instead
    --> src/platform.rs:1574:28
     |
1574 |         CStr::from_ptr(url.absoluteString().UTF8String()).to_string_lossy()
     |                            ^^^^^^^^^^^^^^

warning: use of deprecated method `cocoa::foundation::NSString::UTF8String`: use the objc2-foundation crate instead
    --> src/platform.rs:1574:45
     |
1574 |         CStr::from_ptr(url.absoluteString().UTF8String()).to_string_lossy()
     |                                             ^^^^^^^^^^

warning: use of deprecated associated function `cocoa::foundation::NSOperatingSystemVersion::new`: use the objc2-foundation crate instead
   --> src/window.rs:371:61
    |
371 |     if !is_macos_version_at_least(NSOperatingSystemVersion::new(15, 0, 0)) {
    |                                                             ^^^

warning: use of deprecated field `cocoa::foundation::NSPoint::x`: use the objc2-foundation crate instead
   --> src/window.rs:390:12
    |
390 |         px(position.x as f32),
    |            ^^^^^^^^^^

warning: use of deprecated field `cocoa::foundation::NSPoint::y`: use the objc2-foundation crate instead
   --> src/window.rs:392:28
    |
392 |         window_height - px(position.y as f32),
    |                            ^^^^^^^^^^

warning: use of deprecated field `cocoa::foundation::NSRect::size`: use the objc2-foundation crate instead
   --> src/window.rs:873:44
    |
873 |             let NSSize { width, height } = rect.size;
    |                                            ^^^^^^^^^

warning: use of deprecated field `cocoa::foundation::NSSize::width`: use the objc2-foundation crate instead
   --> src/window.rs:873:26
    |
873 |             let NSSize { width, height } = rect.size;
    |                          ^^^^^

warning: use of deprecated field `cocoa::foundation::NSSize::height`: use the objc2-foundation crate instead
   --> src/window.rs:873:33
    |
873 |             let NSSize { width, height } = rect.size;
    |                                 ^^^^^^

warning: use of deprecated field `cocoa::foundation::NSRect::origin`: use the objc2-foundation crate instead
   --> src/window.rs:927:9
    |
927 |         window_frame.origin.y =
    |         ^^^^^^^^^^^^^^^^^^^

warning: use of deprecated field `cocoa::foundation::NSPoint::y`: use the objc2-foundation crate instead
   --> src/window.rs:927:9
    |
927 |         window_frame.origin.y =
    |         ^^^^^^^^^^^^^^^^^^^^^

warning: use of deprecated field `cocoa::foundation::NSRect::size`: use the objc2-foundation crate instead
   --> src/window.rs:928:13
    |
928 |             screen_frame.size.height - window_frame.origin.y - window_frame.size.height;
    |             ^^^^^^^^^^^^^^^^^

warning: use of deprecated field `cocoa::foundation::NSSize::height`: use the objc2-foundation crate instead
   --> src/window.rs:928:13
    |
928 |             screen_frame.size.height - window_frame.origin.y - window_frame.size.height;
    |             ^^^^^^^^^^^^^^^^^^^^^^^^

warning: use of deprecated field `cocoa::foundation::NSRect::origin`: use the objc2-foundation crate instead
   --> src/window.rs:928:40
    |
928 |             screen_frame.size.height - window_frame.origin.y - window_frame.size.height;
    |                                        ^^^^^^^^^^^^^^^^^^^

warning: use of deprecated field `cocoa::foundation::NSPoint::y`: use the objc2-foundation crate instead
   --> src/window.rs:928:40
    |
928 |             screen_frame.size.height - window_frame.origin.y - window_frame.size.height;
    |                                        ^^^^^^^^^^^^^^^^^^^^^

warning: use of deprecated field `cocoa::foundation::NSRect::size`: use the objc2-foundation crate instead
   --> src/window.rs:928:64
    |
928 |             screen_frame.size.height - window_frame.origin.y - window_frame.size.height;
    |                                                                ^^^^^^^^^^^^^^^^^

warning: use of deprecated field `cocoa::foundation::NSSize::height`: use the objc2-foundation crate instead
   --> src/window.rs:928:64
    |
928 |             screen_frame.size.height - window_frame.origin.y - window_frame.size.height;
    |                                                                ^^^^^^^^^^^^^^^^^^^^^^^^

warning: use of deprecated field `cocoa::foundation::NSRect::origin`: use the objc2-foundation crate instead
   --> src/window.rs:932:21
    |
932 |                 px((window_frame.origin.x - screen_frame.origin.x) as f32),
    |                     ^^^^^^^^^^^^^^^^^^^

warning: use of deprecated field `cocoa::foundation::NSPoint::x`: use the objc2-foundation crate instead
   --> src/window.rs:932:21
    |
932 |                 px((window_frame.origin.x - screen_frame.origin.x) as f32),
    |                     ^^^^^^^^^^^^^^^^^^^^^

warning: use of deprecated field `cocoa::foundation::NSRect::origin`: use the objc2-foundation crate instead
   --> src/window.rs:932:45
    |
932 |                 px((window_frame.origin.x - screen_frame.origin.x) as f32),
    |                                             ^^^^^^^^^^^^^^^^^^^

warning: use of deprecated field `cocoa::foundation::NSPoint::x`: use the objc2-foundation crate instead
   --> src/window.rs:932:45
    |
932 |                 px((window_frame.origin.x - screen_frame.origin.x) as f32),
    |                                             ^^^^^^^^^^^^^^^^^^^^^

warning: use of deprecated field `cocoa::foundation::NSRect::origin`: use the objc2-foundation crate instead
   --> src/window.rs:933:21
    |
933 |                 px((window_frame.origin.y + screen_frame.origin.y) as f32),
    |                     ^^^^^^^^^^^^^^^^^^^

warning: use of deprecated field `cocoa::foundation::NSPoint::y`: use the objc2-foundation crate instead
   --> src/window.rs:933:21
    |
933 |                 px((window_frame.origin.y + screen_frame.origin.y) as f32),
    |                     ^^^^^^^^^^^^^^^^^^^^^

warning: use of deprecated field `cocoa::foundation::NSRect::origin`: use the objc2-foundation crate instead
   --> src/window.rs:933:45
    |
933 |                 px((window_frame.origin.y + screen_frame.origin.y) as f32),
    |                                             ^^^^^^^^^^^^^^^^^^^

warning: use of deprecated field `cocoa::foundation::NSPoint::y`: use the objc2-foundation crate instead
   --> src/window.rs:933:45
    |
933 |                 px((window_frame.origin.y + screen_frame.origin.y) as f32),
    |                                             ^^^^^^^^^^^^^^^^^^^^^

warning: use of deprecated field `cocoa::foundation::NSRect::size`: use the objc2-foundation crate instead
   --> src/window.rs:936:20
    |
936 |                 px(window_frame.size.width as f32),
    |                    ^^^^^^^^^^^^^^^^^

warning: use of deprecated field `cocoa::foundation::NSSize::width`: use the objc2-foundation crate instead
   --> src/window.rs:936:20
    |
936 |                 px(window_frame.size.width as f32),
    |                    ^^^^^^^^^^^^^^^^^^^^^^^

warning: use of deprecated field `cocoa::foundation::NSRect::size`: use the objc2-foundation crate instead
   --> src/window.rs:937:20
    |
937 |                 px(window_frame.size.height as f32),
    |                    ^^^^^^^^^^^^^^^^^

warning: use of deprecated field `cocoa::foundation::NSSize::height`: use the objc2-foundation crate instead
   --> src/window.rs:937:20
    |
937 |                 px(window_frame.size.height as f32),
    |                    ^^^^^^^^^^^^^^^^^^^^^^^^

warning: use of deprecated field `cocoa::foundation::NSRect::size`: use the objc2-foundation crate instead
   --> src/window.rs:944:13
    |
944 |             unsafe { NSView::frame(self.native_window.contentView()) }.size;
    |             ^^^^^^^^^^^^^^^^^^^^^^^^^^^^^^^^^^^^^^^^^^^^^^^^^^^^^^^^^^^^^^^

warning: use of deprecated field `cocoa::foundation::NSSize::width`: use the objc2-foundation crate instead
   --> src/window.rs:943:22
    |
943 |         let NSSize { width, height, .. } =
    |                      ^^^^^

warning: use of deprecated field `cocoa::foundation::NSSize::height`: use the objc2-foundation crate instead
   --> src/window.rs:943:29
    |
943 |         let NSSize { width, height, .. } =
    |                             ^^^^^^

warning: use of deprecated associated function `cocoa::foundation::NSRect::new`: use the objc2-foundation crate instead
    --> src/window.rs:1080:43
     |
1080 |             let mut window_rect = NSRect::new(
     |                                           ^^^

warning: use of deprecated associated function `cocoa::foundation::NSPoint::new`: use the objc2-foundation crate instead
    --> src/window.rs:1081:26
     |
1081 |                 NSPoint::new(
     |                          ^^^

warning: use of deprecated field `cocoa::foundation::NSRect::origin`: use the objc2-foundation crate instead
    --> src/window.rs:1082:21
     |
1082 |                     screen_frame.origin.x + bounds.origin.x.as_f32() as f64,
     |                     ^^^^^^^^^^^^^^^^^^^

warning: use of deprecated field `cocoa::foundation::NSPoint::x`: use the objc2-foundation crate instead
    --> src/window.rs:1082:21
     |
1082 |                     screen_frame.origin.x + bounds.origin.x.as_f32() as f64,
     |                     ^^^^^^^^^^^^^^^^^^^^^

warning: use of deprecated field `cocoa::foundation::NSRect::origin`: use the objc2-foundation crate instead
    --> src/window.rs:1083:21
     |
1083 |                     screen_frame.origin.y
     |                     ^^^^^^^^^^^^^^^^^^^

warning: use of deprecated field `cocoa::foundation::NSPoint::y`: use the objc2-foundation crate instead
    --> src/window.rs:1083:21
     |
1083 |                     screen_frame.origin.y
     |                     ^^^^^^^^^^^^^^^^^^^^^

warning: use of deprecated associated function `cocoa::foundation::NSSize::new`: use the objc2-foundation crate instead
    --> src/window.rs:1086:25
     |
1086 |                 NSSize::new(
     |                         ^^^

warning: use of deprecated associated function `cocoa::foundation::NSRect::new`: use the objc2-foundation crate instead
    --> src/window.rs:1092:39
     |
1092 |                 window_rect = NSRect::new(
     |                                       ^^^

warning: use of deprecated associated function `cocoa::foundation::NSPoint::new`: use the objc2-foundation crate instead
    --> src/window.rs:1093:30
     |
1093 |                     NSPoint::new(frame.origin.x, frame.origin.y + frame.size.height),
     |                              ^^^

warning: use of deprecated associated function `cocoa::foundation::NSSize::new`: use the objc2-foundation crate instead
    --> src/window.rs:1094:29
     |
1094 |                     NSSize::new(frame.size.width, frame.size.height),
     |                             ^^^

warning: use of deprecated field `cocoa::foundation::NSSize::width`: use the objc2-foundation crate instead
    --> src/window.rs:1207:21
     |
1207 |                     width: window_min_size.width.to_f64(),
     |                     ^^^^^^^^^^^^^^^^^^^^^^^^^^^^^^^^^^^^^

warning: use of deprecated field `cocoa::foundation::NSSize::height`: use the objc2-foundation crate instead
    --> src/window.rs:1208:21
     |
1208 |                     height: window_min_size.height.to_f64(),
     |                     ^^^^^^^^^^^^^^^^^^^^^^^^^^^^^^^^^^^^^^^

warning: use of deprecated method `cocoa::foundation::NSAutoreleasePool::autorelease`: use the objc2-foundation crate instead
    --> src/window.rs:1231:50
     |
1231 |             content_view.addSubview_(native_view.autorelease());
     |                                                  ^^^^^^^^^^^

warning: use of deprecated method `cocoa::foundation::NSAutoreleasePool::drain`: use the objc2-foundation crate instead
    --> src/window.rs:1326:26
     |
1326 |                     pool.drain();
     |                          ^^^^^

warning: use of deprecated field `cocoa::foundation::NSRect::origin`: use the objc2-foundation crate instead
    --> src/window.rs:1350:60
     |
1350 |             NSWindow::setFrameTopLeftPoint_(native_window, window_rect.origin);
     |                                                            ^^^^^^^^^^^^^^^^^^

warning: use of deprecated method `cocoa::foundation::NSAutoreleasePool::drain`: use the objc2-foundation crate instead
    --> src/window.rs:1357:18
     |
1357 |             pool.drain();
     |                  ^^^^^

warning: use of deprecated method `cocoa::foundation::NSAutoreleasePool::autorelease`: use the objc2-foundation crate instead
    --> src/window.rs:1457:28
     |
1457 |                     window.autorelease();
     |                            ^^^^^^^^^^^

warning: use of deprecated field `cocoa::foundation::NSSize::width`: use the objc2-foundation crate instead
    --> src/window.rs:1505:25
     |
1505 |                         width: size.width.as_f32() as f64,
     |                         ^^^^^^^^^^^^^^^^^^^^^^^^^^^^^^^^^

warning: use of deprecated field `cocoa::foundation::NSSize::height`: use the objc2-foundation crate instead
    --> src/window.rs:1506:25
     |
1506 |                         height: size.height.as_f32() as f64,
     |                         ^^^^^^^^^^^^^^^^^^^^^^^^^^^^^^^^^^^

warning: use of deprecated method `cocoa::foundation::NSData::bytes`: use the objc2-foundation crate instead
    --> src/window.rs:1601:22
     |
1601 |                 data.bytes() as *const u8
     |                      ^^^^^

warning: use of deprecated method `cocoa::foundation::NSData::length`: use the objc2-foundation crate instead
    --> src/window.rs:1607:61
     |
1607 |                 Some(std::slice::from_raw_parts(bytes, data.length() as usize).to_vec())
     |                                                             ^^^^^^

warning: use of deprecated associated function `cocoa::foundation::NSOperatingSystemVersion::new`: use the objc2-foundation crate instead
    --> src/window.rs:1643:69
     |
1643 |             if !is_macos_version_at_least(NSOperatingSystemVersion::new(15, 0, 0)) {
     |                                                                     ^^^

warning: use of deprecated method `cocoa::foundation::NSAutoreleasePool::autorelease`: use the objc2-foundation crate instead
    --> src/window.rs:1967:52
     |
1967 |                 this.blurred_view = Some(blur_view.autorelease());
     |                                                    ^^^^^^^^^^^

warning: use of deprecated field `cocoa::foundation::NSPoint::x`: use the objc2-foundation crate instead
    --> src/window.rs:2337:30
     |
2337 |                 NSPoint::new(location.x - 16., location.y - 16.),
     |                              ^^^^^^^^^^

warning: use of deprecated field `cocoa::foundation::NSPoint::y`: use the objc2-foundation crate instead
    --> src/window.rs:2337:48
     |
2337 |                 NSPoint::new(location.x - 16., location.y - 16.),
     |                                                ^^^^^^^^^^

warning: use of deprecated associated function `cocoa::foundation::NSOperatingSystemVersion::new`: use the objc2-foundation crate instead
    --> src/window.rs:3108:49
     |
3108 |     let min_version = NSOperatingSystemVersion::new(15, 3, 0);
     |                                                 ^^^

warning: use of deprecated associated function `cocoa::foundation::NSOperatingSystemVersion::new`: use the objc2-foundation crate instead
    --> src/window.rs:3122:49
     |
3122 |     let min_version = NSOperatingSystemVersion::new(15, 3, 0);
     |                                                 ^^^

warning: use of deprecated method `cocoa::foundation::NSProcessInfo::isOperatingSystemAtLeastVersion`: use the objc2-foundation crate instead
    --> src/window.rs:3153:46
     |
3153 |     unsafe { NSProcessInfo::processInfo(nil).isOperatingSystemAtLeastVersion(version) }
     |                                              ^^^^^^^^^^^^^^^^^^^^^^^^^^^^^^^

warning: use of deprecated field `cocoa::foundation::NSRect::size`: use the objc2-foundation crate instead
    --> src/window.rs:3387:17
     |
3387 |         convert(old_frame.size)
     |                 ^^^^^^^^^^^^^^

warning: use of deprecated field `cocoa::foundation::NSSize::width`: use the objc2-foundation crate instead
    --> src/window.rs:3376:23
     |
3376 |             width: px(value.width as f32),
     |                       ^^^^^^^^^^^

warning: use of deprecated field `cocoa::foundation::NSSize::height`: use the objc2-foundation crate instead
    --> src/window.rs:3377:24
     |
3377 |             height: px(value.height as f32),
     |                        ^^^^^^^^^^^^

warning: use of deprecated associated function `cocoa::foundation::NSRect::new`: use the objc2-foundation crate instead
    --> src/window.rs:3478:17
     |
3478 |         NSRect::new(NSPoint::new(0., 0.), NSSize::new(0., 0.)),
     |                 ^^^

warning: use of deprecated associated function `cocoa::foundation::NSPoint::new`: use the objc2-foundation crate instead
    --> src/window.rs:3478:30
     |
3478 |         NSRect::new(NSPoint::new(0., 0.), NSSize::new(0., 0.)),
     |                              ^^^

warning: use of deprecated associated function `cocoa::foundation::NSSize::new`: use the objc2-foundation crate instead
    --> src/window.rs:3478:51
     |
3478 |         NSRect::new(NSPoint::new(0., 0.), NSSize::new(0., 0.)),
     |                                                   ^^^

warning: use of deprecated associated function `cocoa::foundation::NSRect::new`: use the objc2-foundation crate instead
    --> src/window.rs:3480:21
     |
3480 |             NSRect::new(
     |                     ^^^

warning: use of deprecated associated function `cocoa::foundation::NSPoint::new`: use the objc2-foundation crate instead
    --> src/window.rs:3481:26
     |
3481 |                 NSPoint::new(
     |                          ^^^

warning: use of deprecated field `cocoa::foundation::NSRect::origin`: use the objc2-foundation crate instead
    --> src/window.rs:3482:21
     |
3482 |                     frame.origin.x + bounds.origin.x.as_f32() as f64,
     |                     ^^^^^^^^^^^^

warning: use of deprecated field `cocoa::foundation::NSPoint::x`: use the objc2-foundation crate instead
    --> src/window.rs:3482:21
     |
3482 |                     frame.origin.x + bounds.origin.x.as_f32() as f64,
     |                     ^^^^^^^^^^^^^^

warning: use of deprecated field `cocoa::foundation::NSRect::origin`: use the objc2-foundation crate instead
    --> src/window.rs:3483:21
     |
3483 |                     frame.origin.y + frame.size.height
     |                     ^^^^^^^^^^^^

warning: use of deprecated field `cocoa::foundation::NSPoint::y`: use the objc2-foundation crate instead
    --> src/window.rs:3483:21
     |
3483 |                     frame.origin.y + frame.size.height
     |                     ^^^^^^^^^^^^^^

warning: use of deprecated field `cocoa::foundation::NSRect::size`: use the objc2-foundation crate instead
    --> src/window.rs:3483:38
     |
3483 |                     frame.origin.y + frame.size.height
     |                                      ^^^^^^^^^^

warning: use of deprecated field `cocoa::foundation::NSSize::height`: use the objc2-foundation crate instead
    --> src/window.rs:3483:38
     |
3483 |                     frame.origin.y + frame.size.height
     |                                      ^^^^^^^^^^^^^^^^^

warning: use of deprecated associated function `cocoa::foundation::NSSize::new`: use the objc2-foundation crate instead
    --> src/window.rs:3487:25
     |
3487 |                 NSSize::new(
     |                         ^^^

warning: use of deprecated field `cocoa::foundation::NSRect::origin`: use the objc2-foundation crate instead
    --> src/window.rs:3504:13
     |
3504 |             frame.origin.y -= frame.size.height - content_layout_rect.size.height;
     |             ^^^^^^^^^^^^

warning: use of deprecated field `cocoa::foundation::NSPoint::y`: use the objc2-foundation crate instead
    --> src/window.rs:3504:13
     |
3504 |             frame.origin.y -= frame.size.height - content_layout_rect.size.height;
     |             ^^^^^^^^^^^^^^

warning: use of deprecated field `cocoa::foundation::NSRect::size`: use the objc2-foundation crate instead
    --> src/window.rs:3504:31
     |
3504 |             frame.origin.y -= frame.size.height - content_layout_rect.size.height;
     |                               ^^^^^^^^^^

warning: use of deprecated field `cocoa::foundation::NSSize::height`: use the objc2-foundation crate instead
    --> src/window.rs:3504:31
     |
3504 |             frame.origin.y -= frame.size.height - content_layout_rect.size.height;
     |                               ^^^^^^^^^^^^^^^^^

warning: use of deprecated associated function `cocoa::foundation::NSRect::new`: use the objc2-foundation crate instead
    --> src/window.rs:3645:29
     |
3645 |     let zero_rect = NSRect::new(NSPoint::new(0., 0.), NSSize::new(0., 0.));
     |                             ^^^

warning: use of deprecated associated function `cocoa::foundation::NSPoint::new`: use the objc2-foundation crate instead
    --> src/window.rs:3645:42
     |
3645 |     let zero_rect = NSRect::new(NSPoint::new(0., 0.), NSSize::new(0., 0.));
     |                                          ^^^

warning: use of deprecated associated function `cocoa::foundation::NSSize::new`: use the objc2-foundation crate instead
    --> src/window.rs:3645:63
     |
3645 |     let zero_rect = NSRect::new(NSPoint::new(0., 0.), NSSize::new(0., 0.));
     |                                                               ^^^

warning: use of deprecated field `cocoa::foundation::NSPoint::x`: use the objc2-foundation crate instead
    --> src/window.rs:3667:20
     |
3667 |     let window_x = position.x - frame.origin.x;
     |                    ^^^^^^^^^^

warning: use of deprecated field `cocoa::foundation::NSRect::origin`: use the objc2-foundation crate instead
    --> src/window.rs:3667:33
     |
3667 |     let window_x = position.x - frame.origin.x;
     |                                 ^^^^^^^^^^^^

warning: use of deprecated field `cocoa::foundation::NSPoint::x`: use the objc2-foundation crate instead
    --> src/window.rs:3667:33
     |
3667 |     let window_x = position.x - frame.origin.x;
     |                                 ^^^^^^^^^^^^^^

warning: use of deprecated field `cocoa::foundation::NSRect::size`: use the objc2-foundation crate instead
    --> src/window.rs:3668:20
     |
3668 |     let window_y = frame.size.height - (position.y - frame.origin.y);
     |                    ^^^^^^^^^^

warning: use of deprecated field `cocoa::foundation::NSSize::height`: use the objc2-foundation crate instead
    --> src/window.rs:3668:20
     |
3668 |     let window_y = frame.size.height - (position.y - frame.origin.y);
     |                    ^^^^^^^^^^^^^^^^^

warning: use of deprecated field `cocoa::foundation::NSPoint::y`: use the objc2-foundation crate instead
    --> src/window.rs:3668:41
     |
3668 |     let window_y = frame.size.height - (position.y - frame.origin.y);
     |                                         ^^^^^^^^^^

warning: use of deprecated field `cocoa::foundation::NSRect::origin`: use the objc2-foundation crate instead
    --> src/window.rs:3668:54
     |
3668 |     let window_y = frame.size.height - (position.y - frame.origin.y);
     |                                                      ^^^^^^^^^^^^

warning: use of deprecated field `cocoa::foundation::NSPoint::y`: use the objc2-foundation crate instead
    --> src/window.rs:3668:54
     |
3668 |     let window_y = frame.size.height - (position.y - frame.origin.y);
     |                                                      ^^^^^^^^^^^^^^

warning: use of deprecated method `cocoa::foundation::NSFastEnumeration::iter`: use the objc2-foundation crate instead
    --> src/window.rs:3727:36
     |
3727 |     for file in unsafe { filenames.iter() } {
     |                                    ^^^^

warning: use of deprecated method `cocoa::foundation::NSDictionary::objectForKey_`: use the objc2-foundation crate instead
    --> src/window.rs:3878:48
     |
3878 |         let screen_number = device_description.objectForKey_(screen_number_key);
     |                                                ^^^^^^^^^^^^^

warning: use of deprecated method `cocoa::foundation::NSString::isEqualToString`: use the objc2-foundation crate instead
    --> src/window.rs:3910:23
     |
3910 |         if class_name.isEqualToString("CAChameleonLayer") {
     |                       ^^^^^^^^^^^^^^^

warning: use of deprecated method `cocoa::foundation::NSArray::objectAtIndex`: use the objc2-foundation crate instead
    --> src/window.rs:3926:57
     |
3926 |                 let description: id = msg_send![filters.objectAtIndex(i), description];
     |                                                         ^^^^^^^^^^^^^

warning: use of deprecated method `cocoa::foundation::NSArray::objectAtIndex`: use the objc2-foundation crate instead
    --> src/window.rs:3949:42
     |
3949 |                 let sublayer = sublayers.objectAtIndex(i);
     |                                          ^^^^^^^^^^^^^

warning: use of deprecated field `cocoa::foundation::NSRect::size`: use the objc2-foundation crate instead
    --> src/window.rs:3964:9
     |
3964 |         frame.size.height = 0.0;
     |         ^^^^^^^^^^

warning: use of deprecated field `cocoa::foundation::NSSize::height`: use the objc2-foundation crate instead
    --> src/window.rs:3964:9
     |
3964 |         frame.size.height = 0.0;
     |         ^^^^^^^^^^^^^^^^^

warning: use of deprecated method `cocoa::foundation::NSString::UTF8String`: use the objc2-foundation crate instead
  --> src/window_appearance.rs:24:37
   |
24 |                 CStr::from_ptr(name.UTF8String())
   |                                     ^^^^^^^^^^

warning: use of deprecated method `cocoa::foundation::NSString::UTF8String`: use the objc2-foundation crate instead
  --> src/gpui_macos.rs:77:29
   |
77 |             let cstr = self.UTF8String();
   |                             ^^^^^^^^^^

warning: use of deprecated method `cocoa::foundation::NSString::init_str`: use the objc2-foundation crate instead
   --> src/gpui_macos.rs:140:35
    |
140 |     unsafe { NSString::alloc(nil).init_str(string).autorelease() }
    |                                   ^^^^^^^^

warning: use of deprecated method `cocoa::foundation::NSAutoreleasePool::autorelease`: use the objc2-foundation crate instead
   --> src/gpui_macos.rs:140:52
    |
140 |     unsafe { NSString::alloc(nil).init_str(string).autorelease() }
    |                                                    ^^^^^^^^^^^

warning: `gpui-alloy-macos` (lib) generated 703 warnings (1 duplicate)
    Finished `dev` profile [unoptimized + debuginfo] target(s) in 7.09s
warning: the following packages contain code that will be rejected by a future version of Rust: block v0.1.6
note: to see what the problems were, use the option `--future-incompat-report`, or run `cargo report future-incompatibilities --id 1`
   Uploading gpui-alloy-macos v0.1.0 (/private/tmp/alloy-registry-packager/staging-process-31/crates/gpui_macos)
    Uploaded gpui-alloy-macos v0.1.0 to registry `crates-io`
note: waiting for gpui-alloy-macos v0.1.0 to be available at registry `crates-io`
help: you may press ctrl-c to skip waiting; the crate should be available shortly
   Published gpui-alloy-macos v0.1.0 at registry `crates-io`
    Updating crates.io index
 Downloading crates ...
  Downloaded gpui-alloy-macos v0.1.0
gpui-alloy-macos
GPUI Alloy distribution of gpui_macos
version: 0.1.0
license: Apache-2.0
rust-version: unknown
documentation: https://docs.rs/gpui-alloy-macos/0.1.0
repository: https://github.com/AprilNEA/gpui-alloy
crates.io: https://crates.io/crates/gpui-alloy-macos/0.1.0
features:
 +default         = [gpui/default]
  bench-support   = [gpui/bench-support, gpui_apple/bench-support]
  font-kit        = [dep:font-kit]
  runtime_shaders = [gpui_apple/runtime_shaders]
  screen-capture  = [gpui/screen-capture]
  test-support    = [gpui/test-support, gpui_apple/test-support]
macOS registry archive and index checksum match the original frozen archive.
